timestamp,config,phase,round,cpu_pct,mem_used_mb,mem_free_mb,related_process_ws_mb,related_process_count,related_vm_ws_mb,related_vm_count
2026-09-15T22:53:26.6412495+09:00,wsl-wip,baseline,0,2.81,26418.3,38977.6,98.3,6,5178.9,2
2026-09-15T22:53:28.1243883+09:00,wsl-wip,baseline,0,7.22,26413.7,38982.2,98.3,6,5178.9,2
2026-09-15T22:53:29.2998397+09:00,wsl-wip,baseline,0,4.61,26411.6,38984.3,98.3,6,5173.3,2
2026-09-15T22:53:30.4742678+09:00,wsl-wip,baseline,0,7.92,26401.6,38994.3,98.3,6,5173.3,2
2026-09-15T22:53:31.6565309+09:00,wsl-wip,baseline,0,4.29,26394.6,39001.3,98.3,6,5173.3,2
2026-09-15T22:53:32.7845500+09:00,wsl-wip,baseline,0,5.43,26395.6,39000.3,98.3,6,5162.3,2
2026-09-15T22:53:33.9520912+09:00,wsl-wip,baseline,0,3.54,26389.6,39006.3,98.3,6,5162.3,2
2026-09-15T22:53:35.0535727+09:00,wsl-wip,baseline,0,5.52,26394,39001.9,98.3,6,5162.3,2
2026-09-15T22:53:36.1900772+09:00,wsl-wip,baseline,0,0.67,26395.7,39000.2,98.3,6,5162.3,2
2026-09-15T22:53:37.3685963+09:00,wsl-wip,baseline,0,6.86,26399.2,38996.7,98.3,6,5162.3,2
2026-09-15T22:53:38.5141612+09:00,wsl-wip,baseline,0,3.68,26390.3,39005.6,98.3,6,5162.6,2
2026-09-15T22:53:39.6151092+09:00,wsl-wip,baseline,0,9.95,26381.9,39014,98.3,6,5158.9,2
2026-09-15T22:53:40.7838434+09:00,wsl-wip,baseline,0,22.26,26341,39054.9,73.4,4,5159,2
2026-09-15T22:53:41.9514443+09:00,wsl-wip,baseline,0,12.12,26209.3,39186.6,48.2,2,5159,2
2026-09-15T22:53:43.1243493+09:00,wsl-wip,baseline,0,6.34,25713.9,39682,48.2,2,3694.7,2
2026-09-15T22:53:44.2996866+09:00,wsl-wip,baseline,0,6.52,25483.2,39912.7,48.2,2,3693.1,2
2026-09-15T22:53:45.4475643+09:00,wsl-wip,baseline,0,7.49,25115.1,40280.8,48.2,2,3431.8,2
2026-09-15T22:53:46.6293273+09:00,wsl-wip,baseline,0,7,25129.6,40266.3,48.2,2,3431.8,2
2026-09-15T22:53:47.7828918+09:00,wsl-wip,baseline,0,10.09,25102.3,40293.6,48.2,2,3263.9,2
2026-09-15T22:53:48.9731708+09:00,wsl-wip,baseline,0,14.71,24060.7,41335.2,48.2,2,3149,2
2026-09-15T22:53:50.1297129+09:00,wsl-wip,baseline,0,6.79,24099.4,41296.5,48.2,2,3149,2
2026-09-15T22:53:51.2997112+09:00,wsl-wip,baseline,0,4.63,24085.9,41310,48.2,2,3078.6,2
2026-09-15T22:53:52.4459330+09:00,wsl-wip,baseline,0,8.24,24087.5,41308.4,48.2,2,3078.6,2
2026-09-15T22:53:53.6445769+09:00,wsl-wip,baseline,0,6.56,24093.5,41302.4,48.2,2,3050.8,2
2026-09-15T22:53:54.8081107+09:00,wsl-wip,baseline,0,10.07,24088.4,41307.5,48.2,2,3044.9,2
2026-09-15T22:53:55.9775398+09:00,wsl-wip,baseline,0,12.23,24089.6,41306.3,48.2,2,3044.9,2
2026-09-15T22:53:57.1320011+09:00,wsl-wip,baseline,0,6.19,24078.8,41317.1,48.2,2,3044.9,2
2026-09-15T22:53:58.3067691+09:00,wsl-wip,baseline,0,4.05,24079.8,41316.1,48.2,2,3044.9,2
2026-09-15T22:53:59.3962320+09:00,wsl-wip,baseline,0,4.68,24084.2,41311.7,48.2,2,3044.9,2
2026-09-15T22:54:00.5371408+09:00,wsl-wip,baseline,0,6.98,24084.1,41311.8,48.2,2,3044.9,2
2026-09-15T22:54:01.6772894+09:00,wsl-wip,baseline,0,5.49,24082.4,41313.5,48.2,2,3042.8,2
2026-09-15T22:54:02.8674316+09:00,wsl-wip,baseline,0,4.66,24079.4,41316.5,48.2,2,3042.8,2
2026-09-15T22:54:04.0218326+09:00,wsl-wip,baseline,0,5.52,24082.1,41313.8,48.2,2,3042.8,2
2026-09-15T22:54:05.1833114+09:00,wsl-wip,baseline,0,3.96,24080,41315.9,48.2,2,3042.8,2
2026-09-15T22:54:06.2886130+09:00,wsl-wip,baseline,0,2.23,24081.4,41314.5,48.2,2,3042.8,2
2026-09-15T22:54:07.4641264+09:00,wsl-wip,baseline,0,3.5,24081,41314.9,48.2,2,3042.8,2
2026-09-15T22:54:08.5643565+09:00,wsl-wip,baseline,0,4.48,24081.6,41314.3,48.2,2,3042.8,2
2026-09-15T22:54:09.7503051+09:00,wsl-wip,baseline,0,4.4,24083.5,41312.4,48.2,2,3042.8,2
2026-09-15T22:54:10.9141055+09:00,wsl-wip,baseline,0,6.47,24077,41318.9,48.2,2,3042.8,2
2026-09-15T22:54:12.0980170+09:00,wsl-wip,baseline,0,7.89,24077.4,41318.5,48.2,2,3042.8,2
2026-09-15T22:54:13.1952556+09:00,wsl-wip,baseline,0,4.71,24078.2,41317.7,48.2,2,3042.8,2
2026-09-15T22:54:14.3407993+09:00,wsl-wip,baseline,0,3.81,24077.1,41318.8,48.2,2,3042.8,2
2026-09-15T22:54:15.4312828+09:00,wsl-wip,baseline,0,4.8,24079.4,41316.5,48.2,2,3042.8,2
2026-09-15T22:54:16.6338250+09:00,wsl-wip,baseline,0,6.23,24063.5,41332.4,48.2,2,3042.8,2
2026-09-15T22:54:17.7982706+09:00,wsl-wip,baseline,0,3.69,24038.8,41357.1,48.2,2,3042.8,2
2026-09-15T22:54:18.9606095+09:00,wsl-wip,baseline,0,7.39,23839.6,41556.3,48.2,2,3042.8,2
2026-09-15T22:54:20.1179223+09:00,wsl-wip,baseline,0,5.48,23850,41545.9,48.2,2,3042.8,2
2026-09-15T22:54:21.3055166+09:00,wsl-wip,baseline,0,5.07,23810.9,41585,48.2,2,3042.8,2
2026-09-15T22:54:22.4295647+09:00,wsl-wip,baseline,0,3.39,23814.3,41581.6,48.2,2,3042.8,2
2026-09-15T22:54:23.5801334+09:00,wsl-wip,baseline,0,3.76,23808.9,41587,48.2,2,3042.8,2
2026-09-15T22:54:24.7065485+09:00,wsl-wip,baseline,0,2.7,23806.5,41589.4,48.2,2,3042.8,2
2026-09-15T22:54:25.8835422+09:00,wsl-wip,baseline,0,4.01,23811.2,41584.7,48.2,2,3042.8,2
2026-09-15T22:54:29.5305661+09:00,wsl-wip,infra_idle,0,9.09,25253.5,40142.4,74.9,4,4296.7,4
2026-09-15T22:54:31.1438917+09:00,wsl-wip,infra_idle,0,11.52,25203.2,40192.7,74.9,4,3311.2,4
2026-09-15T22:54:32.3312700+09:00,wsl-wip,infra_idle,0,12.16,25202.8,40193.1,74.9,4,3311.8,4
2026-09-15T22:54:33.4952390+09:00,wsl-wip,infra_idle,0,5.74,25216.9,40179,74.8,4,3119.9,4
2026-09-15T22:54:34.6612360+09:00,wsl-wip,infra_idle,0,5.07,25199.1,40196.8,74.8,4,3119.9,4
2026-09-15T22:54:35.8635739+09:00,wsl-wip,infra_idle,0,4.71,25143.6,40252.3,74.8,4,3027.2,4
2026-09-15T22:54:37.0462564+09:00,wsl-wip,infra_idle,0,10.85,24994.1,40401.8,74.8,4,3016.9,4
2026-09-15T22:54:38.2044450+09:00,wsl-wip,infra_idle,0,9.05,24845.3,40550.6,74.8,4,3016.9,4
2026-09-15T22:54:39.3436507+09:00,wsl-wip,infra_idle,0,2.76,24844.4,40551.5,74.8,4,3016.8,4
2026-09-15T22:54:40.5574862+09:00,wsl-wip,infra_idle,0,5.03,24847.3,40548.6,74.8,4,3016.8,4
2026-09-15T22:54:41.6674343+09:00,wsl-wip,infra_idle,0,8.92,24265.3,41130.6,64.1,3,2612.8,4
2026-09-15T22:54:43.0660277+09:00,wsl-wip,infra_idle,0,8.15,21964.5,43431.4,64.1,3,1202,2
2026-09-15T22:54:44.2263531+09:00,wsl-wip,infra_idle,0,5.3,21959.7,43436.2,64.1,3,1202,2
2026-09-15T22:54:45.3891260+09:00,wsl-wip,infra_idle,0,3.57,21966.3,43429.6,64.1,3,1202,2
2026-09-15T22:54:46.5603057+09:00,wsl-wip,infra_idle,0,7.07,21941.8,43454.1,64.1,3,1202,2
2026-09-15T22:54:47.6994381+09:00,wsl-wip,infra_idle,0,6.07,21942,43453.9,64.1,3,1202,2
2026-09-15T22:54:48.9031336+09:00,wsl-wip,infra_idle,0,7.76,21948,43447.9,64.1,3,1202,2
2026-09-15T22:54:50.0987242+09:00,wsl-wip,infra_idle,0,4.07,21951.6,43444.3,64.1,3,1202,2
2026-09-15T22:54:51.2871074+09:00,wsl-wip,infra_idle,0,4.96,21950.8,43445.1,64.1,3,1202,2
2026-09-15T22:54:52.4074737+09:00,wsl-wip,infra_idle,0,4.72,21951.9,43444,64.1,3,1202,2
2026-09-15T22:54:53.6347801+09:00,wsl-wip,infra_idle,0,3.77,21954.1,43441.8,64.1,3,1202,2
2026-09-15T22:54:54.7885471+09:00,wsl-wip,infra_idle,0,3.94,21951.7,43444.2,64.1,3,1202,2
2026-09-15T22:54:55.9765831+09:00,wsl-wip,infra_idle,0,5.26,21955,43440.9,64.1,3,1201.5,2
2026-09-15T22:54:57.1108436+09:00,wsl-wip,infra_idle,0,2.77,21927.6,43468.3,64.1,3,1201.5,2
2026-09-15T22:54:58.2972251+09:00,wsl-wip,infra_idle,0,1.05,21929.9,43466,64.4,3,1202.2,2
2026-09-15T22:54:59.4790932+09:00,wsl-wip,infra_idle,0,8.52,20565.9,44830,54.1,2,,0
2026-09-15T22:55:00.6770859+09:00,wsl-wip,infra_idle,0,8.16,20557.8,44838.1,54.1,2,,0
2026-09-15T22:55:01.8378202+09:00,wsl-wip,infra_idle,0,2.23,20559.8,44836.1,54.1,2,,0
2026-09-15T22:55:03.0031693+09:00,wsl-wip,infra_idle,0,2.2,20558.4,44837.5,54.1,2,,0
2026-09-15T22:55:04.1013946+09:00,wsl-wip,infra_idle,0,6.22,20554.6,44841.3,54.1,2,,0
2026-09-15T22:55:05.2539016+09:00,wsl-wip,infra_idle,0,4.55,20556.6,44839.3,54.1,2,,0
2026-09-15T22:55:06.3557547+09:00,wsl-wip,infra_idle,0,7.91,20558.1,44837.8,54.1,2,,0
2026-09-15T22:55:07.5057868+09:00,wsl-wip,infra_idle,0,3.39,20559.3,44836.6,54.1,2,,0
2026-09-15T22:55:08.6584927+09:00,wsl-wip,infra_idle,0,11.74,20559.5,44836.4,54.1,2,,0
2026-09-15T22:55:09.7735006+09:00,wsl-wip,infra_idle,0,4.36,20561.9,44834,54.1,2,,0
2026-09-15T22:55:10.8698691+09:00,wsl-wip,infra_idle,0,5.27,20562,44833.9,54.1,2,,0
2026-09-15T22:55:12.0074859+09:00,wsl-wip,infra_idle,0,3.92,20555.7,44840.2,54.1,2,,0
2026-09-15T22:55:13.1471231+09:00,wsl-wip,infra_idle,0,5.57,20556,44839.9,54.1,2,,0
2026-09-15T22:55:14.3211506+09:00,wsl-wip,infra_idle,0,5.75,20551.9,44844,54.1,2,,0
2026-09-15T22:55:15.4164416+09:00,wsl-wip,infra_idle,0,10.18,20552.6,44843.3,54.1,2,,0
2026-09-15T22:55:16.5048020+09:00,wsl-wip,infra_idle,0,4.06,20555.3,44840.6,54.1,2,,0
2026-09-15T22:55:17.6511627+09:00,wsl-wip,infra_idle,0,11.01,20556.8,44839.1,54.1,2,,0
2026-09-15T22:55:18.8047744+09:00,wsl-wip,infra_idle,0,8.23,20557.3,44838.6,54.1,2,,0
2026-09-15T22:55:19.9558220+09:00,wsl-wip,infra_idle,0,7.33,20561,44834.9,54.1,2,,0
2026-09-15T22:55:21.0578336+09:00,wsl-wip,infra_idle,0,7.35,20564.8,44831.1,54.1,2,,0
2026-09-15T22:55:22.2192514+09:00,wsl-wip,infra_idle,0,9.74,20567.7,44828.2,54.1,2,,0
2026-09-15T22:55:23.3103303+09:00,wsl-wip,infra_idle,0,4.62,20571.9,44824,54.1,2,,0
2026-09-15T22:55:24.4203769+09:00,wsl-wip,infra_idle,0,6.2,20544.7,44851.2,54.1,2,,0
2026-09-15T22:55:25.5566750+09:00,wsl-wip,infra_idle,0,5.69,20560.7,44835.2,54.1,2,,0
2026-09-15T22:55:26.6744466+09:00,wsl-wip,infra_idle,0,2.86,20553.1,44842.8,54,2,,0
2026-09-15T22:55:27.7979447+09:00,wsl-wip,infra_idle,0,4.16,20562,44833.9,54,2,,0
2026-09-15T22:55:28.8998220+09:00,wsl-wip,infra_idle,0,8.46,20571.4,44824.5,53.4,2,,0
2026-09-15T22:55:37.6380182+09:00,wsl-wip,app_idle,0,5,25415.9,39980,100.7,6,4320.3,4
2026-09-15T22:55:39.0431922+09:00,wsl-wip,app_idle,0,4.57,25405.9,39990,100.7,6,4320,4
2026-09-15T22:55:40.1553053+09:00,wsl-wip,app_idle,0,10.59,25508.8,39887.1,100.7,6,4416,4
2026-09-15T22:55:41.2814483+09:00,wsl-wip,app_idle,0,4.52,25508.7,39887.2,100.7,6,4415.8,4
2026-09-15T22:55:42.4129553+09:00,wsl-wip,app_idle,0,8.7,25507.6,39888.3,100.7,6,4413.6,4
2026-09-15T22:55:43.5914762+09:00,wsl-wip,app_idle,0,1.05,25508.9,39887,100.7,6,4413.6,4
2026-09-15T22:55:44.7166381+09:00,wsl-wip,app_idle,0,4.98,25507.3,39888.6,100.7,6,4412,4
2026-09-15T22:55:45.8633534+09:00,wsl-wip,app_idle,0,4.15,25508.5,39887.4,100.7,6,4408.8,4
2026-09-15T22:55:47.0023968+09:00,wsl-wip,app_idle,0,9.25,25503,39892.9,100.7,6,4407.6,4
2026-09-15T22:55:48.1796619+09:00,wsl-wip,app_idle,0,7.21,25509.1,39886.8,100.7,6,4405.9,4
2026-09-15T22:55:49.3350931+09:00,wsl-wip,app_idle,0,6.68,25504.1,39891.8,100.7,6,4405.6,4
2026-09-15T22:55:50.4574258+09:00,wsl-wip,app_idle,0,3.81,25511.5,39884.4,100.7,6,4403.1,4
2026-09-15T22:55:51.5935427+09:00,wsl-wip,app_idle,0,12.58,25513.7,39882.2,100.7,6,4409.8,4
2026-09-15T22:55:52.7665151+09:00,wsl-wip,app_idle,0,1.71,25512.2,39883.7,100.6,6,4398.5,4
2026-09-15T22:55:53.9545091+09:00,wsl-wip,app_idle,0,5.32,25513.4,39882.5,100.6,6,4397.1,4
2026-09-15T22:55:55.0734150+09:00,wsl-wip,app_idle,0,4.87,25444.2,39951.7,75.7,4,4396.9,4
2026-09-15T22:55:56.1704558+09:00,wsl-wip,app_idle,0,6.58,25008.8,40387.1,75.7,4,3015.9,4
2026-09-15T22:55:57.2706129+09:00,wsl-wip,app_idle,0,2.36,25002.9,40393,75.7,4,3015.8,4
2026-09-15T22:55:58.4224656+09:00,wsl-wip,app_idle,0,5.01,24981.7,40414.2,75.7,4,2850,4
2026-09-15T22:55:59.5314919+09:00,wsl-wip,app_idle,0,4.95,23828.9,41567,75.7,4,2850,4
2026-09-15T22:56:00.6258347+09:00,wsl-wip,app_idle,0,9.51,23817.7,41578.2,75.7,4,2761.2,4
2026-09-15T22:56:01.7404643+09:00,wsl-wip,app_idle,0,3.13,23812.8,41583.1,75.7,4,2761.2,4
2026-09-15T22:56:02.9014653+09:00,wsl-wip,app_idle,0,5.63,23806.2,41589.7,75.7,4,2712.5,4
2026-09-15T22:56:04.0681800+09:00,wsl-wip,app_idle,0,9.41,23768.1,41627.8,75.7,4,2712.5,4
2026-09-15T22:56:05.2156104+09:00,wsl-wip,app_idle,0,7.78,23757.7,41638.2,75.7,4,2684.6,4
2026-09-15T22:56:06.3388807+09:00,wsl-wip,app_idle,0,6.77,23751.9,41644,75.7,4,2677.1,4
2026-09-15T22:56:07.4545841+09:00,wsl-wip,app_idle,0,4.23,23788.1,41607.8,75.7,4,2677.1,4
2026-09-15T22:56:08.5851719+09:00,wsl-wip,app_idle,0,8.67,23794.4,41601.5,75.7,4,2671.3,4
2026-09-15T22:56:09.7157062+09:00,wsl-wip,app_idle,0,7.41,23797.7,41598.2,75.7,4,2671.3,4
2026-09-15T22:56:10.9069453+09:00,wsl-wip,app_idle,0,5.05,23793.9,41602,75.7,4,2666.8,4
2026-09-15T22:56:12.0431289+09:00,wsl-wip,app_idle,0,4.06,23792.8,41603.1,75.7,4,2666.8,4
2026-09-15T22:56:13.2303076+09:00,wsl-wip,app_idle,0,2.36,23791.5,41604.4,75.7,4,2666.8,4
2026-09-15T22:56:14.4336401+09:00,wsl-wip,app_idle,0,4.58,23787.7,41608.2,75.7,4,2658.5,4
2026-09-15T22:56:15.5844957+09:00,wsl-wip,app_idle,0,2.57,23795.2,41600.7,75.7,4,2658.5,4
2026-09-15T22:56:16.7461707+09:00,wsl-wip,app_idle,0,7.04,23793.6,41602.3,75.7,4,2658.4,4
2026-09-15T22:56:17.9178091+09:00,wsl-wip,app_idle,0,6.52,23795.7,41600.2,75.7,4,2656,4
2026-09-15T22:56:19.1042341+09:00,wsl-wip,app_idle,0,6.75,23793.8,41602.1,75.7,4,2656,4
2026-09-15T22:56:20.2266321+09:00,wsl-wip,app_idle,0,5.19,23808.6,41587.3,75.7,4,2652.3,4
2026-09-15T22:56:21.4342174+09:00,wsl-wip,app_idle,0,3.74,23796.6,41599.3,75.7,4,2652.3,4
2026-09-15T22:56:22.6180773+09:00,wsl-wip,app_idle,0,4.61,23800.7,41595.2,75.7,4,2652.3,4
2026-09-15T22:56:23.8032342+09:00,wsl-wip,app_idle,0,4.84,23791.5,41604.4,75.7,4,2651.7,4
2026-09-15T22:56:24.9450201+09:00,wsl-wip,app_idle,0,5.17,23800.2,41595.7,75.7,4,2651.7,4
2026-09-15T22:56:26.1399384+09:00,wsl-wip,app_idle,0,6.73,23799.3,41596.6,75.7,4,2651.7,4
2026-09-15T22:56:27.3044930+09:00,wsl-wip,app_idle,0,4.8,23800.9,41595,75.7,4,2651.7,4
2026-09-15T22:56:28.5051546+09:00,wsl-wip,app_idle,0,8.38,23797.3,41598.6,75.7,4,2651.7,4
2026-09-15T22:56:29.6197788+09:00,wsl-wip,app_idle,0,4.46,23812.9,41583,75.7,4,2651.6,4
2026-09-15T22:56:30.8158986+09:00,wsl-wip,app_idle,0,4.72,23597.3,41798.6,75.7,4,2651.6,4
2026-09-15T22:56:31.9036622+09:00,wsl-wip,app_idle,0,4.34,23593.8,41802.1,75.7,4,2651.6,4
2026-09-15T22:56:33.0863046+09:00,wsl-wip,app_idle,0,4.93,23597.3,41798.6,75.7,4,2651.6,4
2026-09-15T22:56:34.2291872+09:00,wsl-wip,app_idle,0,4.35,23593.2,41802.7,75.7,4,2651.6,4
2026-09-15T22:56:35.4041990+09:00,wsl-wip,app_idle,0,3.98,23598.1,41797.8,75.7,4,2651.6,4
2026-09-15T22:56:36.5183397+09:00,wsl-wip,app_idle,0,,23597.2,41798.7,75.7,4,2651.6,4
2026-09-15T22:56:38.6943375+09:00,wsl-wip,load,0,22.94,23669.9,41726,75.7,4,2666.9,4
2026-09-15T22:56:40.2203724+09:00,wsl-wip,load,0,23.4,23688.1,41707.8,75.7,4,2666.9,4
2026-09-15T22:56:41.3979787+09:00,wsl-wip,load,0,22.27,23687.8,41708.1,75.6,4,2667.3,4
2026-09-15T22:56:42.5842395+09:00,wsl-wip,load,0,18.87,23690.6,41705.3,75.6,4,2666.9,4
2026-09-15T22:56:43.7612965+09:00,wsl-wip,load,0,18.62,23693.3,41702.6,75.6,4,2666.9,4
2026-09-15T22:56:44.9555142+09:00,wsl-wip,load,0,17.5,23696.6,41699.3,75.6,4,2666.9,4
2026-09-15T22:56:46.1312930+09:00,wsl-wip,load,0,21.89,23696.2,41699.7,75.6,4,2666.9,4
2026-09-15T22:56:47.3159834+09:00,wsl-wip,load,0,22.61,23723,41672.9,75.6,4,2666.9,4
2026-09-15T22:56:48.4937537+09:00,wsl-wip,load,0,20.63,23717.2,41678.7,75.6,4,2666.9,4
2026-09-15T22:56:49.6802019+09:00,wsl-wip,load,0,22.24,23724.4,41671.5,75.6,4,2666.9,4
2026-09-15T22:56:50.8727902+09:00,wsl-wip,load,0,19.58,23741.7,41654.2,75.6,4,2666.9,4
2026-09-15T22:56:52.0358855+09:00,wsl-wip,load,0,19.29,23739.9,41656,75.6,4,2666.9,4
2026-09-15T22:56:53.2044807+09:00,wsl-wip,load,0,19.45,23735.1,41660.8,75.6,4,2666.9,4
2026-09-15T22:56:54.3828299+09:00,wsl-wip,load,0,21.78,23724.3,41671.6,64.9,3,2666.9,4
2026-09-15T22:56:55.5605841+09:00,wsl-wip,load,0,18.84,22197.7,43198.2,64.4,3,1312.1,2
2026-09-15T22:56:56.7446284+09:00,wsl-wip,load,0,22.56,22181.1,43214.8,64.4,3,1312.1,2
2026-09-15T22:56:57.9144771+09:00,wsl-wip,load,0,18.72,22184.7,43211.2,64.4,3,1315.8,2
2026-09-15T22:56:59.1769504+09:00,wsl-wip,load,0,20.58,22195.6,43200.3,64.4,3,1315.9,2
2026-09-15T22:57:00.3903646+09:00,wsl-wip,load,0,26.16,22189.2,43206.7,64.4,3,1316,2
2026-09-15T22:57:01.6865756+09:00,wsl-wip,load,0,21.11,22188.5,43207.4,64.4,3,1316,2
2026-09-15T22:57:02.8816922+09:00,wsl-wip,load,0,19.35,22149.5,43246.4,64.4,3,1316,2
2026-09-15T22:57:04.0609236+09:00,wsl-wip,load,0,16.79,22148.8,43247.1,64.4,3,1316,2
2026-09-15T22:57:05.2609862+09:00,wsl-wip,load,0,16.95,22151.9,43244,64.4,3,1316,2
2026-09-15T22:57:06.4566147+09:00,wsl-wip,load,0,19.36,22151.7,43244.2,64.4,3,1316.1,2
2026-09-15T22:57:07.6285323+09:00,wsl-wip,load,0,18.89,22157.9,43238,64.4,3,1316.1,2
2026-09-15T22:57:08.7606327+09:00,wsl-wip,load,0,22.13,22161.3,43234.6,64.4,3,1316.1,2
2026-09-15T22:57:09.9236020+09:00,wsl-wip,load,0,19.36,22163.6,43232.3,64.4,3,1316.4,2
2026-09-15T22:57:11.1147656+09:00,wsl-wip,load,0,21.59,22155.3,43240.6,64.4,3,1316.4,2
2026-09-15T22:57:12.2634247+09:00,wsl-wip,load,0,17,22167.9,43228,64.4,3,1316.4,2
2026-09-15T22:57:13.4367197+09:00,wsl-wip,load,0,18.07,22167.5,43228.4,64.4,3,1316.4,2
2026-09-15T22:57:14.6034610+09:00,wsl-wip,load,0,20.26,22169.3,43226.6,64.4,3,1316.4,2
2026-09-15T22:57:15.7494064+09:00,wsl-wip,load,0,20.53,22177.6,43218.3,64.4,3,1316.4,2
2026-09-15T22:57:16.9074659+09:00,wsl-wip,load,0,20.43,22176.4,43219.5,64.4,3,1316.4,2
2026-09-15T22:57:18.0854844+09:00,wsl-wip,load,0,23.17,22180.7,43215.2,64.5,3,1316.4,2
2026-09-15T22:57:19.2601864+09:00,wsl-wip,load,0,20.71,22187.1,43208.8,64.5,3,1316.4,2
2026-09-15T22:57:20.4069705+09:00,wsl-wip,load,0,19.35,22189.2,43206.7,64.5,3,1316.4,2
2026-09-15T22:57:21.5895383+09:00,wsl-wip,load,0,19.83,22190.5,43205.4,64.5,3,1316.4,2
2026-09-15T22:57:22.7686558+09:00,wsl-wip,load,0,24.41,22191.7,43204.2,64.5,3,1316.5,2
2026-09-15T22:57:23.9460598+09:00,wsl-wip,load,0,16.3,22200.2,43195.7,64.5,3,1316.5,2
2026-09-15T22:57:25.1506419+09:00,wsl-wip,load,0,19.31,22201.1,43194.8,64.5,3,1316.5,2
2026-09-15T22:57:26.3319481+09:00,wsl-wip,load,0,19.45,22195.8,43200.1,64.5,3,1316.5,2
2026-09-15T22:57:27.4332179+09:00,wsl-wip,load,0,20.63,22194.5,43201.4,64.5,3,1316.5,2
2026-09-15T22:57:28.6105645+09:00,wsl-wip,load,0,20.07,22202.5,43193.4,64.5,3,1316.5,2
2026-09-15T22:57:29.7816368+09:00,wsl-wip,load,0,19.67,22207.1,43188.8,64.5,3,1316.5,2
2026-09-15T22:57:30.9187695+09:00,wsl-wip,load,0,18.79,22214.3,43181.6,64.5,3,1316.5,2
2026-09-15T22:57:32.0345652+09:00,wsl-wip,load,0,18.08,22186.9,43209,64.5,3,1316.5,2
2026-09-15T22:57:33.1713258+09:00,wsl-wip,load,0,23.27,22183.5,43212.4,64.5,3,1316.5,2
2026-09-15T22:57:34.3541438+09:00,wsl-wip,load,0,20.53,22186.3,43209.6,64.5,3,1316.5,2
2026-09-15T22:57:35.4671481+09:00,wsl-wip,load,0,22.43,22195.9,43200,64.5,3,1316.7,2
2026-09-15T22:57:36.6280754+09:00,wsl-wip,load,0,20.15,22192.8,43203.1,64.5,3,1316.7,2
2026-09-15T22:57:37.8049130+09:00,wsl-wip,load,0,19.85,22173.9,43222,64.5,3,1316.7,2
2026-09-15T22:57:38.9125877+09:00,wsl-wip,load,0,18.89,22172,43223.9,64.5,3,1316.7,2
2026-09-15T22:57:40.1053006+09:00,wsl-wip,load,0,20.45,22175.4,43220.5,64.5,3,1316.7,2
2026-09-15T22:57:41.2791789+09:00,wsl-wip,load,0,18.81,22182.2,43213.7,64.5,3,1316.7,2
2026-09-15T22:57:42.3830029+09:00,wsl-wip,load,0,22.17,22182.9,43213,64.4,3,1316.7,2
2026-09-15T22:57:43.4977697+09:00,wsl-wip,load,0,20.45,22184.2,43211.7,64.4,3,1316.8,2
2026-09-15T22:57:44.6745342+09:00,wsl-wip,load,0,20,22187.1,43208.8,64.4,3,1316.8,2
2026-09-15T22:57:45.8679126+09:00,wsl-wip,load,0,22.5,22184.8,43211.1,64.4,3,1316.8,2
2026-09-15T22:57:47.0633577+09:00,wsl-wip,load,0,20.9,22186,43209.9,64.4,3,1316.8,2
2026-09-15T22:57:48.2497515+09:00,wsl-wip,load,0,21.44,22197.5,43198.4,64.3,3,1316.7,2
2026-09-15T22:57:49.4162311+09:00,wsl-wip,load,0,21.17,22196.6,43199.3,64.3,3,1316.7,2
2026-09-15T22:57:50.5230006+09:00,wsl-wip,load,0,18.33,22221.1,43174.8,64.3,3,1316.7,2
2026-09-15T22:57:51.7149187+09:00,wsl-wip,load,0,21.48,22219.2,43176.7,64.3,3,1316.7,2
2026-09-15T22:57:52.8964387+09:00,wsl-wip,load,0,19.1,22229.4,43166.5,64.3,3,1316.7,2
2026-09-15T22:57:54.0765339+09:00,wsl-wip,load,0,17.71,22229.8,43166.1,64.3,3,1316.7,2
2026-09-15T22:57:55.2298986+09:00,wsl-wip,load,0,21.84,22229.7,43166.2,64.3,3,1316.7,2
2026-09-15T22:57:56.3841591+09:00,wsl-wip,load,0,19.02,22246,43149.9,64.3,3,1316.7,2
2026-09-15T22:57:57.5154096+09:00,wsl-wip,load,0,20.21,22243.9,43152,64.3,3,1316.7,2
2026-09-15T22:57:58.6810568+09:00,wsl-wip,load,0,22.08,22243.9,43152,64.3,3,1316.8,2
2026-09-15T22:57:59.8510921+09:00,wsl-wip,load,0,19.72,22236.4,43159.5,64.3,3,1316.8,2
2026-09-15T22:58:01.0274835+09:00,wsl-wip,load,0,17.78,22228.2,43167.7,64.3,3,1316.8,2
2026-09-15T22:58:02.1601109+09:00,wsl-wip,load,0,20.69,22183.2,43212.7,64.3,3,1316.8,2
2026-09-15T22:58:03.3021986+09:00,wsl-wip,load,0,22.37,22192.8,43203.1,64.3,3,1329.4,2
2026-09-15T22:58:04.4548004+09:00,wsl-wip,load,0,21.22,22195,43200.9,64.3,3,1329.5,2
2026-09-15T22:58:05.5588197+09:00,wsl-wip,load,0,20.42,22203.3,43192.6,64.3,3,1329.5,2
2026-09-15T22:58:06.7409621+09:00,wsl-wip,load,0,23.35,22199.4,43196.5,64.3,3,1329.6,2
2026-09-15T22:58:07.9279147+09:00,wsl-wip,load,0,21.84,22206.6,43189.3,64.3,3,1329.6,2
2026-09-15T22:58:09.0781254+09:00,wsl-wip,load,0,22.46,22213.1,43182.8,64.3,3,1329.6,2
2026-09-15T22:58:10.2473826+09:00,wsl-wip,load,0,23.62,22210.8,43185.1,64.3,3,1329.6,2
2026-09-15T22:58:11.3555106+09:00,wsl-wip,load,0,23.9,22209.1,43186.8,64.3,3,1329.6,2
2026-09-15T22:58:12.5370447+09:00,wsl-wip,load,0,21.34,22209.6,43186.3,64.3,3,1329.6,2
2026-09-15T22:58:13.7028911+09:00,wsl-wip,load,0,20.35,22193,43202.9,64.3,3,1329.6,2
2026-09-15T22:58:14.8751741+09:00,wsl-wip,load,0,21.38,22191.3,43204.6,64.3,3,1329.6,2
2026-09-15T22:58:16.0526293+09:00,wsl-wip,load,0,21.68,22195.4,43200.5,64.3,3,1329.6,2
2026-09-15T22:58:17.2325018+09:00,wsl-wip,load,0,27.34,22193.5,43202.4,64.3,3,1329.6,2
2026-09-15T22:58:18.4054017+09:00,wsl-wip,load,0,23.12,22196.4,43199.5,64.3,3,1329.6,2
2026-09-15T22:58:19.5798885+09:00,wsl-wip,load,0,19.29,22186.4,43209.5,64.3,3,1329.6,2
2026-09-15T22:58:20.7454586+09:00,wsl-wip,load,0,18.67,22188.5,43207.4,64.3,3,1329.6,2
2026-09-15T22:58:21.9337093+09:00,wsl-wip,load,0,23.47,22198.4,43197.5,64.3,3,1329.6,2
2026-09-15T22:58:23.0958052+09:00,wsl-wip,load,0,21.78,22208,43187.9,64.3,3,1329.6,2
2026-09-15T22:58:24.2832325+09:00,wsl-wip,load,0,20.35,22212,43183.9,64.3,3,1329.6,2
2026-09-15T22:58:25.4548760+09:00,wsl-wip,load,0,18.4,22214.9,43181,64.3,3,1329.6,2
2026-09-15T22:58:26.5971635+09:00,wsl-wip,load,0,21.5,22209.8,43186.1,64.3,3,1329.6,2
2026-09-15T22:58:27.7554335+09:00,wsl-wip,load,0,20.3,22204.7,43191.2,64.3,3,1329.6,2
2026-09-15T22:58:28.9166883+09:00,wsl-wip,load,0,19.4,22198.3,43197.6,64.3,3,1329.6,2
2026-09-15T22:58:30.0845193+09:00,wsl-wip,load,0,23.43,22208.3,43187.6,64.3,3,1329.6,2
2026-09-15T22:58:31.2599747+09:00,wsl-wip,load,0,23.36,22210.2,43185.7,64.3,3,1329.7,2
2026-09-15T22:58:32.4352707+09:00,wsl-wip,load,0,21.88,22219,43176.9,64.3,3,1329.7,2
2026-09-15T22:58:33.6099509+09:00,wsl-wip,load,0,22.06,22217.5,43178.4,64.3,3,1329.7,2
2026-09-15T22:58:34.7509489+09:00,wsl-wip,load,0,21.37,22222.2,43173.7,64.3,3,1329.7,2
2026-09-15T22:58:35.9001899+09:00,wsl-wip,load,0,17.97,22226.1,43169.8,64.3,3,1329.7,2
2026-09-15T22:58:37.0789547+09:00,wsl-wip,load,0,17.75,22225.1,43170.8,64.3,3,1329.7,2
2026-09-15T22:58:38.2656541+09:00,wsl-wip,load,0,16.98,22239.6,43156.3,64.3,3,1329.7,2
2026-09-15T22:58:39.4289066+09:00,wsl-wip,load,0,7.69,22059,43336.9,64.3,3,1329.7,2
2026-09-15T22:58:40.5832938+09:00,wsl-wip,load,0,3.99,22054.1,43341.8,64.3,3,1329.7,2
2026-09-15T22:58:48.6461027+09:00,wsl-docker,baseline,0,5.86,23743.2,41652.7,,0,2902.6,2
2026-09-15T22:58:50.0635719+09:00,wsl-docker,baseline,0,4.56,23744.1,41651.8,,0,2901.9,2
2026-09-15T22:58:51.2289170+09:00,wsl-docker,baseline,0,2.62,23745.8,41650.1,,0,2893.9,2
2026-09-15T22:58:52.3901095+09:00,wsl-docker,baseline,0,7.79,23748.8,41647.1,,0,2893.9,2
2026-09-15T22:58:53.5053812+09:00,wsl-docker,baseline,0,4.95,23748,41647.9,,0,2893.1,2
2026-09-15T22:58:54.6186106+09:00,wsl-docker,baseline,0,8.38,23745.7,41650.2,,0,2893.1,2
2026-09-15T22:58:55.7417969+09:00,wsl-docker,baseline,0,4.91,23745,41650.9,,0,2889,2
2026-09-15T22:58:56.8777709+09:00,wsl-docker,baseline,0,10.97,23746.7,41649.2,,0,2889,2
2026-09-15T22:58:58.0021341+09:00,wsl-docker,baseline,0,8.81,23748.9,41647,,0,2886.4,2
2026-09-15T22:58:59.1356339+09:00,wsl-docker,baseline,0,6.14,23742,41653.9,,0,2886.4,2
2026-09-15T22:59:00.3052847+09:00,wsl-docker,baseline,0,5.81,23739.8,41656.1,,0,2883.9,2
2026-09-15T22:59:01.4788353+09:00,wsl-docker,baseline,0,8.36,23740.8,41655.1,,0,2876.2,2
2026-09-15T22:59:02.6206092+09:00,wsl-docker,baseline,0,4.64,23764.5,41631.4,,0,2876.2,2
2026-09-15T22:59:03.7203180+09:00,wsl-docker,baseline,0,4.29,23767.7,41628.2,,0,2875.6,2
2026-09-15T22:59:04.8786060+09:00,wsl-docker,baseline,0,6.9,23702.3,41693.6,,0,2875.6,2
2026-09-15T22:59:06.0666469+09:00,wsl-docker,baseline,0,10.47,23240.1,42155.8,,0,1660.1,2
2026-09-15T22:59:07.2698869+09:00,wsl-docker,baseline,0,14.04,23243.3,42152.6,,0,1659.6,2
2026-09-15T22:59:08.4602735+09:00,wsl-docker,baseline,0,8.45,23225,42170.9,,0,1516.4,2
2026-09-15T22:59:09.6407604+09:00,wsl-docker,baseline,0,9.58,23235.7,42160.2,,0,1449.5,2
2026-09-15T22:59:10.8100656+09:00,wsl-docker,baseline,0,7.8,22903.3,42492.6,,0,1449.5,2
2026-09-15T22:59:11.9644142+09:00,wsl-docker,baseline,0,10.41,22217.3,43178.6,,0,1405.7,2
2026-09-15T22:59:13.1129809+09:00,wsl-docker,baseline,0,3.63,22216.9,43179,,0,1405.7,2
2026-09-15T22:59:14.2478155+09:00,wsl-docker,baseline,0,6.12,22213.2,43182.7,,0,1382.9,2
2026-09-15T22:59:15.3522602+09:00,wsl-docker,baseline,0,4.45,22216.5,43179.4,,0,1382.9,2
2026-09-15T22:59:16.4598409+09:00,wsl-docker,baseline,0,4.87,22207.4,43188.5,,0,1368.6,2
2026-09-15T22:59:17.6186555+09:00,wsl-docker,baseline,0,7.86,22207.6,43188.3,,0,1359.6,2
2026-09-15T22:59:18.7945779+09:00,wsl-docker,baseline,0,6.9,22209,43186.9,,0,1359.6,2
2026-09-15T22:59:19.9552144+09:00,wsl-docker,baseline,0,3.62,22203.5,43192.4,,0,1355.3,2
2026-09-15T22:59:21.0716192+09:00,wsl-docker,baseline,0,8.41,22213,43182.9,,0,1355.3,2
2026-09-15T22:59:22.2184487+09:00,wsl-docker,baseline,0,4.79,22214.8,43181.1,,0,1355.3,2
2026-09-15T22:59:23.3548991+09:00,wsl-docker,baseline,0,7.66,22220.9,43175,,0,1351.7,2
2026-09-15T22:59:24.4644244+09:00,wsl-docker,baseline,0,5.13,22214.7,43181.2,,0,1351.7,2
2026-09-15T22:59:25.6320326+09:00,wsl-docker,baseline,0,3.01,22206.9,43189,,0,1348.4,2
2026-09-15T22:59:26.7986512+09:00,wsl-docker,baseline,0,3.72,22202.7,43193.2,,0,1348.4,2
2026-09-15T22:59:27.9466010+09:00,wsl-docker,baseline,0,5.64,22206.7,43189.2,,0,1346.1,2
2026-09-15T22:59:29.1133821+09:00,wsl-docker,baseline,0,4.46,22206.6,43189.3,,0,1343.7,2
2026-09-15T22:59:30.2294270+09:00,wsl-docker,baseline,0,6.64,22209.6,43186.3,,0,1343.7,2
2026-09-15T22:59:31.4155197+09:00,wsl-docker,baseline,0,5.84,22208.8,43187.1,,0,1343.7,2
2026-09-15T22:59:32.5397966+09:00,wsl-docker,baseline,0,5.47,22207.8,43188.1,,0,1343.7,2
2026-09-15T22:59:33.6712027+09:00,wsl-docker,baseline,0,4.03,22209.3,43186.6,,0,1343.2,2
2026-09-15T22:59:34.8263529+09:00,wsl-docker,baseline,0,5.5,22205.8,43190.1,,0,1343.2,2
2026-09-15T22:59:35.9323055+09:00,wsl-docker,baseline,0,4.03,22207.1,43188.8,,0,1343.2,2
2026-09-15T22:59:37.0864220+09:00,wsl-docker,baseline,0,4.61,22215,43180.9,,0,1343.2,2
2026-09-15T22:59:38.2190381+09:00,wsl-docker,baseline,0,2.58,22215.2,43180.7,,0,1343.2,2
2026-09-15T22:59:39.3997676+09:00,wsl-docker,baseline,0,1.03,22221.3,43174.6,,0,1341.7,2
2026-09-15T22:59:40.5701108+09:00,wsl-docker,baseline,0,2.59,22221.6,43174.3,,0,1341.7,2
2026-09-15T22:59:41.7478363+09:00,wsl-docker,baseline,0,8.25,22089.8,43306.1,,0,1337.9,2
2026-09-15T22:59:42.8434888+09:00,wsl-docker,baseline,0,4.87,22089.9,43306,,0,1337.9,2
2026-09-15T22:59:43.9513100+09:00,wsl-docker,baseline,0,5.05,22093,43302.9,,0,1337.9,2
2026-09-15T22:59:45.0874508+09:00,wsl-docker,baseline,0,2.16,22084.4,43311.5,,0,1337.9,2
2026-09-15T22:59:46.2364736+09:00,wsl-docker,baseline,0,5.86,22089.5,43306.4,,0,1337.9,2
2026-09-15T22:59:47.4079310+09:00,wsl-docker,baseline,0,8.26,22090.6,43305.3,,0,1337.1,2
2026-09-15T22:59:48.5629985+09:00,wsl-docker,baseline,0,10.86,22092.2,43303.7,,0,1337.1,2
2026-09-15T22:59:58.7922788+09:00,wsl-docker,infra_idle,0,5.9,28041.7,37354.2,738.2,8,6379.3,2
2026-09-15T23:00:00.3246406+09:00,wsl-docker,infra_idle,0,6.61,28034.3,37361.6,738.3,8,6379.3,2
2026-09-15T23:00:01.4637267+09:00,wsl-docker,infra_idle,0,9.21,28043.7,37352.2,738.4,8,6379.3,2
2026-09-15T23:00:02.6345165+09:00,wsl-docker,infra_idle,0,11.41,28036.5,37359.4,738.5,8,6374.9,2
2026-09-15T23:00:03.8075113+09:00,wsl-docker,infra_idle,0,4.73,28011.1,37384.8,738.3,8,6356.7,2
2026-09-15T23:00:04.9972633+09:00,wsl-docker,infra_idle,0,1.92,28005.3,37390.6,738.4,8,6356.7,2
2026-09-15T23:00:06.2546447+09:00,wsl-docker,infra_idle,0,1.92,27993.9,37402,738.4,8,6335.7,2
2026-09-15T23:00:07.4077739+09:00,wsl-docker,infra_idle,0,5.03,27986.4,37409.5,738.4,8,6335.7,2
2026-09-15T23:00:08.5156013+09:00,wsl-docker,infra_idle,0,6.45,27988,37407.9,738.4,8,6335.8,2
2026-09-15T23:00:09.6548662+09:00,wsl-docker,infra_idle,0,5.96,27998.5,37397.4,738.4,8,6337.6,2
2026-09-15T23:00:10.8911106+09:00,wsl-docker,infra_idle,0,4.7,27991.9,37404,738.4,8,6337.6,2
2026-09-15T23:00:12.0249011+09:00,wsl-docker,infra_idle,0,5.7,27978.3,37417.6,721.5,8,6317.4,2
2026-09-15T23:00:13.1540947+09:00,wsl-docker,infra_idle,0,3.28,27973.8,37422.1,721.8,8,6317.4,2
2026-09-15T23:00:14.3195315+09:00,wsl-docker,infra_idle,0,6.36,27977.1,37418.8,721.9,8,6316.6,2
2026-09-15T23:00:15.4473194+09:00,wsl-docker,infra_idle,0,6.42,27979.2,37416.7,718.5,8,6316.6,2
2026-09-15T23:00:16.6292835+09:00,wsl-docker,infra_idle,0,9.09,27978.9,37417,718.5,8,6316.6,2
2026-09-15T23:00:17.8044079+09:00,wsl-docker,infra_idle,0,8.24,27972.8,37423.1,718.5,8,6316.6,2
2026-09-15T23:00:18.9930707+09:00,wsl-docker,infra_idle,0,9.77,27955.3,37440.6,718.4,8,6316.6,2
2026-09-15T23:00:20.1182017+09:00,wsl-docker,infra_idle,0,8.04,27929.2,37466.7,708.2,8,6316.6,2
2026-09-15T23:00:21.3271561+09:00,wsl-docker,infra_idle,0,4.2,27913.3,37482.6,702.8,8,6316.6,2
2026-09-15T23:00:22.4716911+09:00,wsl-docker,infra_idle,0,8.92,27922,37473.9,704.1,8,6316.8,2
2026-09-15T23:00:23.6875598+09:00,wsl-docker,infra_idle,0,8.55,27928.6,37467.3,705.1,8,6313.2,2
2026-09-15T23:00:24.8682580+09:00,wsl-docker,infra_idle,0,9.61,27922.8,37473.1,705.2,8,6313.2,2
2026-09-15T23:00:26.0700891+09:00,wsl-docker,infra_idle,0,2.37,27929.4,37466.5,705.2,8,6313.2,2
2026-09-15T23:00:27.2457316+09:00,wsl-docker,infra_idle,0,3.09,27923,37472.9,705.2,8,6313.2,2
2026-09-15T23:00:28.4306308+09:00,wsl-docker,infra_idle,0,6,27929.7,37466.2,705.5,8,6313.2,2
2026-09-15T23:00:29.5695072+09:00,wsl-docker,infra_idle,0,6.84,27920.7,37475.2,697.4,8,6313.2,2
2026-09-15T23:00:30.7697905+09:00,wsl-docker,infra_idle,0,2.65,27910,37485.9,697.4,8,6313.2,2
2026-09-15T23:00:31.9405874+09:00,wsl-docker,infra_idle,0,3.22,27912,37483.9,697.4,8,6313.2,2
2026-09-15T23:00:33.1481913+09:00,wsl-docker,infra_idle,0,3.23,27900.1,37495.8,697.4,8,6313.2,2
2026-09-15T23:00:34.2855212+09:00,wsl-docker,infra_idle,0,3.87,27920.8,37475.1,705.6,8,6313.2,2
2026-09-15T23:00:35.4620855+09:00,wsl-docker,infra_idle,0,7.11,27921.2,37474.7,705.5,8,6313.2,2
2026-09-15T23:00:36.5969752+09:00,wsl-docker,infra_idle,0,5.11,27937.9,37458,705.5,8,6313.2,2
2026-09-15T23:00:37.8073846+09:00,wsl-docker,infra_idle,0,4.93,27928.4,37467.5,705.5,8,6313.2,2
2026-09-15T23:00:38.9877481+09:00,wsl-docker,infra_idle,0,6.74,27933.8,37462.1,705.8,8,6313.2,2
2026-09-15T23:00:40.1872349+09:00,wsl-docker,infra_idle,0,4.64,27925.5,37470.4,705.7,8,6313.2,2
2026-09-15T23:00:41.2945288+09:00,wsl-docker,infra_idle,0,6.26,27918.5,37477.4,705.7,8,6313.2,2
2026-09-15T23:00:42.4818553+09:00,wsl-docker,infra_idle,0,5.4,27921.1,37474.8,705.7,8,6313.2,2
2026-09-15T23:00:43.6476479+09:00,wsl-docker,infra_idle,0,3.76,27909.2,37486.7,706.2,8,6313.2,2
2026-09-15T23:00:44.8278888+09:00,wsl-docker,infra_idle,0,7.58,27908.8,37487.1,706.2,8,6313.2,2
2026-09-15T23:00:46.0103614+09:00,wsl-docker,infra_idle,0,7.6,27904,37491.9,698.2,8,6313.2,2
2026-09-15T23:00:47.1843243+09:00,wsl-docker,infra_idle,0,5.02,27901.6,37494.3,698.2,8,6313.2,2
2026-09-15T23:00:48.3885306+09:00,wsl-docker,infra_idle,0,7.63,27906.7,37489.2,698.8,8,6313.2,2
2026-09-15T23:00:49.5732160+09:00,wsl-docker,infra_idle,0,3,27871.1,37524.8,702.3,8,6313.2,2
2026-09-15T23:00:50.7310838+09:00,wsl-docker,infra_idle,0,7.28,27872,37523.9,700.9,8,6313.3,2
2026-09-15T23:00:51.8945254+09:00,wsl-docker,infra_idle,0,4.62,27878.6,37517.3,700.9,8,6313.3,2
2026-09-15T23:00:53.0927823+09:00,wsl-docker,infra_idle,0,5.26,27875.6,37520.3,701.1,8,6313.3,2
2026-09-15T23:00:54.2641790+09:00,wsl-docker,infra_idle,0,2.17,27865.1,37530.8,696.9,8,6313.3,2
2026-09-15T23:00:55.4231280+09:00,wsl-docker,infra_idle,0,3.95,27865.2,37530.7,696.9,8,6313.2,2
2026-09-15T23:00:56.5743312+09:00,wsl-docker,infra_idle,0,7.01,27870.1,37525.8,696.9,8,6313.2,2
2026-09-15T23:00:57.7307740+09:00,wsl-docker,infra_idle,0,5.53,27867,37528.9,696.8,8,6313.2,2
2026-09-15T23:01:47.6813184+09:00,windows-wip,baseline,0,8.82,27326,38069.9,98.1,6,6234.8,2
2026-09-15T23:01:49.1500434+09:00,windows-wip,baseline,0,7.8,27320.6,38075.3,98.1,6,6234.8,2
2026-09-15T23:01:50.2911653+09:00,windows-wip,baseline,0,8.71,27313.7,38082.2,98.1,6,6218,2
2026-09-15T23:01:51.3846784+09:00,windows-wip,baseline,0,4.24,27319.5,38076.4,98.1,6,6218,2
2026-09-15T23:01:52.5049450+09:00,windows-wip,baseline,0,5.33,27315.8,38080.1,98.1,6,6214.4,2
2026-09-15T23:01:53.6437715+09:00,windows-wip,baseline,0,3.93,27319.8,38076.1,98.1,6,6214.4,2
2026-09-15T23:01:54.7432467+09:00,windows-wip,baseline,0,2.93,27321.3,38074.6,98,6,6214.5,2
2026-09-15T23:01:55.8625522+09:00,windows-wip,baseline,0,5.43,27322.6,38073.3,98,6,6214.5,2
2026-09-15T23:01:57.0397268+09:00,windows-wip,baseline,0,5.86,27313.3,38082.6,98,6,6205,2
2026-09-15T23:01:58.1705503+09:00,windows-wip,baseline,0,4.12,27310.5,38085.4,98,6,6205.1,2
2026-09-15T23:01:59.2910893+09:00,windows-wip,baseline,0,3.07,27320.3,38075.6,98,6,6205.1,2
2026-09-15T23:02:00.4839224+09:00,windows-wip,baseline,0,7.24,27315.5,38080.4,98,6,6205.1,2
2026-09-15T23:02:01.6380913+09:00,windows-wip,baseline,0,10.97,27270.8,38125.1,72.8,4,6235.6,2
2026-09-15T23:02:02.7567521+09:00,windows-wip,baseline,0,2.21,27223.2,38172.7,72.8,4,6235.6,2
2026-09-15T23:02:03.9437023+09:00,windows-wip,baseline,0,7.15,26651.2,38744.7,72.8,4,4270.1,2
2026-09-15T23:02:05.1036314+09:00,windows-wip,baseline,0,11.67,26258.7,39137.2,48,2,4270.1,2
2026-09-15T23:02:06.2757317+09:00,windows-wip,baseline,0,11.91,25861.3,39534.6,48,2,3594.5,2
2026-09-15T23:02:07.4845983+09:00,windows-wip,baseline,0,10.11,25554.2,39841.7,48,2,3310,2
2026-09-15T23:02:08.6501116+09:00,windows-wip,baseline,0,5.08,25547,39848.9,48,2,3308.3,2
2026-09-15T23:02:09.7526634+09:00,windows-wip,baseline,0,3.73,25539.7,39856.2,48,2,3019.6,2
2026-09-15T23:02:10.8870123+09:00,windows-wip,baseline,0,5.02,25534.2,39861.7,48,2,3019.6,2
2026-09-15T23:02:12.0101328+09:00,windows-wip,baseline,0,8.91,23628.1,41767.8,48,2,2731.9,2
2026-09-15T23:02:13.1179142+09:00,windows-wip,baseline,0,6.68,23628.6,41767.3,48,2,2731.9,2
2026-09-15T23:02:14.2640655+09:00,windows-wip,baseline,0,6.97,23612.8,41783.1,48,2,2447,2
2026-09-15T23:02:15.3732418+09:00,windows-wip,baseline,0,4.98,23601.2,41794.7,48,2,2447,2
2026-09-15T23:02:16.4944766+09:00,windows-wip,baseline,0,4.74,23591.1,41804.8,48,2,2271.7,2
2026-09-15T23:02:17.6645834+09:00,windows-wip,baseline,0,7.54,23588.3,41807.6,48,2,2179.6,2
2026-09-15T23:02:18.8260308+09:00,windows-wip,baseline,0,7.16,23594.9,41801,48,2,2179.6,2
2026-09-15T23:02:19.9864438+09:00,windows-wip,baseline,0,6.46,23588,41807.9,48,2,2143.4,2
2026-09-15T23:02:21.1477559+09:00,windows-wip,baseline,0,2.59,23588.7,41807.2,48,2,2143.4,2
2026-09-15T23:02:22.3070819+09:00,windows-wip,baseline,0,4.87,23587.2,41808.7,48,2,2123.5,2
2026-09-15T23:02:23.4477635+09:00,windows-wip,baseline,0,0.99,23587.4,41808.5,48,2,2123.5,2
2026-09-15T23:02:24.6251337+09:00,windows-wip,baseline,0,5.5,23586.2,41809.7,48,2,2113.7,2
2026-09-15T23:02:25.7217272+09:00,windows-wip,baseline,0,2.27,23591.8,41804.1,48,2,2113.7,2
2026-09-15T23:02:26.9022243+09:00,windows-wip,baseline,0,4.66,23596.5,41799.4,48,2,2113.7,2
2026-09-15T23:02:28.0111942+09:00,windows-wip,baseline,0,4.33,23593,41802.9,48,2,2113.7,2
2026-09-15T23:02:29.1518929+09:00,windows-wip,baseline,0,5.49,23596.2,41799.7,48,2,2113.7,2
2026-09-15T23:02:30.2443042+09:00,windows-wip,baseline,0,4.77,23594.2,41801.7,48,2,2111.4,2
2026-09-15T23:02:31.4399560+09:00,windows-wip,baseline,0,4.05,23514.5,41881.4,48,2,2111.4,2
2026-09-15T23:02:32.5487930+09:00,windows-wip,baseline,0,4.56,23511.2,41884.7,48,2,2111.4,2
2026-09-15T23:02:33.6985999+09:00,windows-wip,baseline,0,4.75,23514.2,41881.7,48,2,2108.1,2
2026-09-15T23:02:34.8419832+09:00,windows-wip,baseline,0,4.73,23518.6,41877.3,48,2,2108.1,2
2026-09-15T23:02:36.0181916+09:00,windows-wip,baseline,0,1.4,23513.5,41882.4,48,2,2108.1,2
2026-09-15T23:02:37.2074254+09:00,windows-wip,baseline,0,1.26,23517.6,41878.3,48,2,2108.1,2
2026-09-15T23:02:38.3898413+09:00,windows-wip,baseline,0,2.66,23524.6,41871.3,48,2,2108.1,2
2026-09-15T23:02:39.4897995+09:00,windows-wip,baseline,0,1.61,23492.3,41903.6,48,2,2108.1,2
2026-09-15T23:02:40.6752930+09:00,windows-wip,baseline,0,3.8,23499.8,41896.1,48,2,2108.1,2
2026-09-15T23:02:41.7619611+09:00,windows-wip,baseline,0,3.37,22764.5,42631.4,48,2,2108.1,2
2026-09-15T23:02:42.9366665+09:00,windows-wip,baseline,0,3.75,22771.1,42624.8,48,2,2108.1,2
2026-09-15T23:02:44.0742814+09:00,windows-wip,baseline,0,2.29,22772.5,42623.4,48,2,2108.1,2
2026-09-15T23:02:45.2639589+09:00,windows-wip,baseline,0,4.14,22770,42625.9,48,2,2108.1,2
2026-09-15T23:02:46.3584749+09:00,windows-wip,baseline,0,4.81,22768.5,42627.4,48,2,2108.1,2
2026-09-15T23:02:47.5346057+09:00,windows-wip,baseline,0,10.51,22771.7,42624.2,48,2,2108.1,2
2026-09-15T23:02:50.8737386+09:00,windows-wip,infra_idle,0,3.15,24060.4,41335.5,75,4,3218.6,4
2026-09-15T23:02:52.3407464+09:00,windows-wip,infra_idle,0,4.54,24162.3,41233.6,75,4,3314.9,4
2026-09-15T23:02:53.4947968+09:00,windows-wip,infra_idle,0,3.74,24165.3,41230.6,75,4,3315.6,4
2026-09-15T23:02:54.6706710+09:00,windows-wip,infra_idle,0,3.98,24157.3,41238.6,75,4,3315.2,4
2026-09-15T23:02:55.7933740+09:00,windows-wip,infra_idle,0,3.07,24165.7,41230.2,75,4,3315.2,4
2026-09-15T23:02:56.9882376+09:00,windows-wip,infra_idle,0,4.34,24159.5,41236.4,75,4,3315.1,4
2026-09-15T23:02:58.1153902+09:00,windows-wip,infra_idle,0,6.49,24162.6,41233.3,75,4,3315.1,4
2026-09-15T23:02:59.2812614+09:00,windows-wip,infra_idle,0,6.16,24170.1,41225.8,75,4,3315.1,4
2026-09-15T23:03:00.4211154+09:00,windows-wip,infra_idle,0,4.84,24162.7,41233.2,75,4,3310.7,4
2026-09-15T23:03:01.6088643+09:00,windows-wip,infra_idle,0,8.69,24167.2,41228.7,75,4,3310.7,4
2026-09-15T23:03:02.7414476+09:00,windows-wip,infra_idle,0,2.7,24168.7,41227.2,75,4,3310,4
2026-09-15T23:03:03.8867497+09:00,windows-wip,infra_idle,0,10.37,24098.5,41297.4,75,4,3310,4
2026-09-15T23:03:05.0163774+09:00,windows-wip,infra_idle,0,5.86,23190.2,42205.7,64.3,3,2348.2,4
2026-09-15T23:03:06.3927541+09:00,windows-wip,infra_idle,0,12.26,21795,43600.9,64.3,3,1205.6,2
2026-09-15T23:03:07.5103631+09:00,windows-wip,infra_idle,0,8.02,21794.3,43601.6,64.3,3,1205.6,2
2026-09-15T23:03:08.6561446+09:00,windows-wip,infra_idle,0,4.06,21794.5,43601.4,64.3,3,1205.7,2
2026-09-15T23:03:09.7867353+09:00,windows-wip,infra_idle,0,8.89,21798.4,43597.5,64.3,3,1205.7,2
2026-09-15T23:03:10.8805557+09:00,windows-wip,infra_idle,0,6.57,21802.4,43593.5,64.3,3,1205.7,2
2026-09-15T23:03:12.0493588+09:00,windows-wip,infra_idle,0,9.25,21795.3,43600.6,64.3,3,1205.7,2
2026-09-15T23:03:13.1439773+09:00,windows-wip,infra_idle,0,7.56,21801.5,43594.4,64.3,3,1205.5,2
2026-09-15T23:03:14.3142273+09:00,windows-wip,infra_idle,0,12.19,21798.6,43597.3,64.3,3,1205.5,2
2026-09-15T23:03:15.5382429+09:00,windows-wip,infra_idle,0,8.89,21800.1,43595.8,64.3,3,1205.5,2
2026-09-15T23:03:16.7143747+09:00,windows-wip,infra_idle,0,10.44,21802.4,43593.5,64.3,3,1205.3,2
2026-09-15T23:03:17.8954043+09:00,windows-wip,infra_idle,0,13.59,21778.2,43617.7,64.3,3,1205.3,2
2026-09-15T23:03:19.0987558+09:00,windows-wip,infra_idle,0,8.43,21780.8,43615.1,64.3,3,1204.5,2
2026-09-15T23:03:20.2875630+09:00,windows-wip,infra_idle,0,6.41,20588.3,44807.6,64.5,3,91.6,2
2026-09-15T23:03:21.5448257+09:00,windows-wip,infra_idle,0,7.25,20407.6,44988.3,53.9,2,,0
2026-09-15T23:03:22.6983716+09:00,windows-wip,infra_idle,0,5.29,20415.2,44980.7,53.9,2,,0
2026-09-15T23:03:23.8168535+09:00,windows-wip,infra_idle,0,3.32,20409.3,44986.6,53.9,2,,0
2026-09-15T23:03:24.9262209+09:00,windows-wip,infra_idle,0,3.62,20412.2,44983.7,53.9,2,,0
2026-09-15T23:03:26.0156876+09:00,windows-wip,infra_idle,0,2.03,20416.5,44979.4,53.9,2,,0
2026-09-15T23:03:27.1812676+09:00,windows-wip,infra_idle,0,3.46,20413.8,44982.1,53.9,2,,0
2026-09-15T23:03:28.2756096+09:00,windows-wip,infra_idle,0,3.54,20413.6,44982.3,53.9,2,,0
2026-09-15T23:03:29.4029580+09:00,windows-wip,infra_idle,0,4.52,20412.9,44983,53.9,2,,0
2026-09-15T23:03:30.4954454+09:00,windows-wip,infra_idle,0,2.21,20416.2,44979.7,53.9,2,,0
2026-09-15T23:03:31.5858340+09:00,windows-wip,infra_idle,0,5.26,20412.8,44983.1,53.9,2,,0
2026-09-15T23:03:32.6799809+09:00,windows-wip,infra_idle,0,6.68,20425.5,44970.4,53.9,2,,0
2026-09-15T23:03:33.7970642+09:00,windows-wip,infra_idle,0,1.95,20421.6,44974.3,53.9,2,,0
2026-09-15T23:03:34.9801519+09:00,windows-wip,infra_idle,0,6.75,20429.1,44966.8,53.9,2,,0
2026-09-15T23:03:36.1348920+09:00,windows-wip,infra_idle,0,3.28,20420.4,44975.5,53.9,2,,0
2026-09-15T23:03:37.2317641+09:00,windows-wip,infra_idle,0,6.28,20423.9,44972,53.9,2,,0
2026-09-15T23:03:38.3471626+09:00,windows-wip,infra_idle,0,4.32,20420.2,44975.7,53.9,2,,0
2026-09-15T23:03:39.4900852+09:00,windows-wip,infra_idle,0,3.07,20418.2,44977.7,53.9,2,,0
2026-09-15T23:03:40.6322717+09:00,windows-wip,infra_idle,0,3.92,20420.7,44975.2,53.9,2,,0
2026-09-15T23:03:41.7858503+09:00,windows-wip,infra_idle,0,6.01,20432,44963.9,53.9,2,,0
2026-09-15T23:03:42.8903164+09:00,windows-wip,infra_idle,0,0.91,20400.1,44995.8,53.9,2,,0
2026-09-15T23:03:44.0380374+09:00,windows-wip,infra_idle,0,1.68,20401.3,44994.6,53.9,2,,0
2026-09-15T23:03:45.2588534+09:00,windows-wip,infra_idle,0,4.78,20396.1,44999.8,53.9,2,,0
2026-09-15T23:03:46.3867119+09:00,windows-wip,infra_idle,0,5.07,20399.9,44996,53.9,2,,0
2026-09-15T23:03:47.5062501+09:00,windows-wip,infra_idle,0,7.85,20403.4,44992.5,53.9,2,,0
2026-09-15T23:03:48.6462079+09:00,windows-wip,infra_idle,0,7.2,20406.3,44989.6,53.8,2,,0
2026-09-15T23:03:49.8103935+09:00,windows-wip,infra_idle,0,5.64,20406.4,44989.5,53.8,2,,0
2026-09-15T23:03:54.2704126+09:00,windows-wip,app_idle,0,2.85,21913.7,43482.2,64.8,3,1308,2
2026-09-15T23:03:55.6924666+09:00,windows-wip,app_idle,0,1.13,21909.5,43486.4,64.8,3,1308,2
2026-09-15T23:03:56.8994094+09:00,windows-wip,app_idle,0,2.13,21915.9,43480,64.8,3,1308.7,2
2026-09-15T23:03:58.0230333+09:00,windows-wip,app_idle,0,2.45,21920.1,43475.8,64.8,3,1308.4,2
2026-09-15T23:03:59.1831624+09:00,windows-wip,app_idle,0,3.14,21922,43473.9,64.8,3,1307.9,2
2026-09-15T23:04:00.3357424+09:00,windows-wip,app_idle,0,4.49,21923.4,43472.5,64.8,3,1307.9,2
2026-09-15T23:04:01.5110552+09:00,windows-wip,app_idle,0,5.38,21920.5,43475.4,64.8,3,1306,2
2026-09-15T23:04:02.6810117+09:00,windows-wip,app_idle,0,5.12,21915.7,43480.2,64.8,3,1306,2
2026-09-15T23:04:03.8049787+09:00,windows-wip,app_idle,0,5.5,21919.7,43476.2,64.8,3,1303.6,2
2026-09-15T23:04:04.9106685+09:00,windows-wip,app_idle,0,5.81,21923,43472.9,64.8,3,1303.6,2
2026-09-15T23:04:05.9960194+09:00,windows-wip,app_idle,0,5.22,21926,43469.9,64.8,3,1302,2
2026-09-15T23:04:07.0940089+09:00,windows-wip,app_idle,0,1.55,21952.2,43443.7,64.8,3,1302,2
2026-09-15T23:04:08.2420304+09:00,windows-wip,app_idle,0,1.77,21940.1,43455.8,64.8,3,1300.6,2
2026-09-15T23:04:09.3724404+09:00,windows-wip,app_idle,0,5.95,21943,43452.9,64.8,3,1300.4,2
2026-09-15T23:04:10.5349029+09:00,windows-wip,app_idle,0,0.37,21953.3,43442.6,64.8,3,1300.4,2
2026-09-15T23:04:11.6877572+09:00,windows-wip,app_idle,0,5.41,21952.4,43443.5,64.8,3,1300.4,2
2026-09-15T23:04:12.7948933+09:00,windows-wip,app_idle,0,5.11,21950.6,43445.3,64.8,3,1300.4,2
2026-09-15T23:04:13.9571556+09:00,windows-wip,app_idle,0,6.07,21949.5,43446.4,64.8,3,1300.4,2
2026-09-15T23:04:15.0895260+09:00,windows-wip,app_idle,0,5.37,21952.5,43443.4,64.8,3,1300.4,2
2026-09-15T23:04:16.2976970+09:00,windows-wip,app_idle,0,2.13,21951.6,43444.3,64.8,3,1300.4,2
2026-09-15T23:04:17.4152140+09:00,windows-wip,app_idle,0,5.64,21959.8,43436.1,64.8,3,1300.4,2
2026-09-15T23:04:18.5744324+09:00,windows-wip,app_idle,0,7.44,21961.8,43434.1,64.8,3,1300.4,2
2026-09-15T23:04:19.7453563+09:00,windows-wip,app_idle,0,9.78,21985.2,43410.7,64.8,3,1300.4,2
2026-09-15T23:04:20.8789881+09:00,windows-wip,app_idle,0,9.03,21933.3,43462.6,64.8,3,1300.3,2
2026-09-15T23:04:21.9959640+09:00,windows-wip,app_idle,0,6.06,21939,43456.9,64.8,3,1300.3,2
2026-09-15T23:04:23.1877876+09:00,windows-wip,app_idle,0,8.86,21939,43456.9,64.8,3,1300.5,2
2026-09-15T23:04:24.3971180+09:00,windows-wip,app_idle,0,0.7,21940.6,43455.3,64.8,3,1300.5,2
2026-09-15T23:04:25.6007035+09:00,windows-wip,app_idle,0,3.21,21943.2,43452.7,64.8,3,1300.5,2
2026-09-15T23:04:26.7618053+09:00,windows-wip,app_idle,0,4.8,21940.5,43455.4,64.8,3,1300.5,2
2026-09-15T23:04:27.9569243+09:00,windows-wip,app_idle,0,3.08,21944,43451.9,64.8,3,1300.5,2
2026-09-15T23:04:29.0999327+09:00,windows-wip,app_idle,0,5.57,21946.3,43449.6,64.8,3,1300.5,2
2026-09-15T23:04:30.2655221+09:00,windows-wip,app_idle,0,2.99,21942.9,43453,64.8,3,1300.5,2
2026-09-15T23:04:31.3650361+09:00,windows-wip,app_idle,0,3.51,21942.8,43453.1,64.8,3,1300.5,2
2026-09-15T23:04:32.5566756+09:00,windows-wip,app_idle,0,6.17,21946.3,43449.6,64.8,3,1300.6,2
2026-09-15T23:04:33.6906424+09:00,windows-wip,app_idle,0,2.52,21946.1,43449.8,64.8,3,1300.6,2
2026-09-15T23:04:34.8744467+09:00,windows-wip,app_idle,0,3.45,21944.1,43451.8,64.8,3,1300.6,2
2026-09-15T23:04:35.9942426+09:00,windows-wip,app_idle,0,1.79,21945.8,43450.1,64.8,3,1300.6,2
2026-09-15T23:04:37.1980512+09:00,windows-wip,app_idle,0,0.58,21945.7,43450.2,64.8,3,1300.6,2
2026-09-15T23:04:38.3647736+09:00,windows-wip,app_idle,0,3.64,21947.9,43448,64.8,3,1300.6,2
2026-09-15T23:04:39.4570301+09:00,windows-wip,app_idle,0,5.2,21946.8,43449.1,64.8,3,1300.6,2
2026-09-15T23:04:40.5974994+09:00,windows-wip,app_idle,0,5.19,21949.5,43446.4,64.8,3,1300.6,2
2026-09-15T23:04:41.7155932+09:00,windows-wip,app_idle,0,4.58,21948.6,43447.3,64.8,3,1300.6,2
2026-09-15T23:04:42.8433818+09:00,windows-wip,app_idle,0,8.48,21952.7,43443.2,64.8,3,1300.6,2
2026-09-15T23:04:43.9430932+09:00,windows-wip,app_idle,0,3.43,21954,43441.9,64.8,3,1300.6,2
2026-09-15T23:04:45.0753276+09:00,windows-wip,app_idle,0,4.7,21956.5,43439.4,64.8,3,1300.6,2
2026-09-15T23:04:46.1950072+09:00,windows-wip,app_idle,0,3.85,21933,43462.9,64.8,3,1300.6,2
2026-09-15T23:04:47.3019776+09:00,windows-wip,app_idle,0,5.58,21937.8,43458.1,64.8,3,1300.6,2
2026-09-15T23:04:48.4880388+09:00,windows-wip,app_idle,0,5.63,21939.6,43456.3,64.8,3,1300.6,2
2026-09-15T23:04:49.6550128+09:00,windows-wip,app_idle,0,10.75,21937.1,43458.8,64.8,3,1300.6,2
2026-09-15T23:04:50.7810912+09:00,windows-wip,app_idle,0,5.14,21931.2,43464.7,64.8,3,1300.6,2
2026-09-15T23:04:51.9086357+09:00,windows-wip,app_idle,0,4.34,21936,43459.9,64.8,3,1300.6,2
2026-09-15T23:04:53.0695246+09:00,windows-wip,app_idle,0,5.56,21925.3,43470.6,64.8,3,1300.6,2
2026-09-15T23:04:54.1714856+09:00,windows-wip,app_idle,0,3.53,21916.9,43479,64.8,3,1300.6,2
2026-09-15T23:04:55.5208979+09:00,windows-wip,load,0,17.76,21969.4,43426.5,64.8,3,1306.2,2
2026-09-15T23:04:57.0406173+09:00,windows-wip,load,0,19.76,21993.7,43402.2,64.8,3,1306.2,2
2026-09-15T23:04:58.1899927+09:00,windows-wip,load,0,18.46,21999.8,43396.1,64.8,3,1306.8,2
2026-09-15T23:04:59.3730868+09:00,windows-wip,load,0,20.59,22003.7,43392.2,64.8,3,1308.9,2
2026-09-15T23:05:00.5893517+09:00,windows-wip,load,0,19,22003.4,43392.5,64.8,3,1308.9,2
2026-09-15T23:05:01.7858047+09:00,windows-wip,load,0,19.37,22003.8,43392.1,64.7,3,1308.9,2
2026-09-15T23:05:02.9592421+09:00,windows-wip,load,0,18.9,22002.6,43393.3,64.7,3,1308.9,2
2026-09-15T23:05:04.1481209+09:00,windows-wip,load,0,22.01,22026.5,43369.4,64.7,3,1308.9,2
2026-09-15T23:05:05.3071560+09:00,windows-wip,load,0,18.89,22028.5,43367.4,64.7,3,1308.9,2
2026-09-15T23:05:06.4776918+09:00,windows-wip,load,0,19.37,22037.3,43358.6,64.7,3,1308.9,2
2026-09-15T23:05:07.5899911+09:00,windows-wip,load,0,19.55,22036.6,43359.3,64.7,3,1308.9,2
2026-09-15T23:05:08.7688943+09:00,windows-wip,load,0,18.63,22035.3,43360.6,64.7,3,1308.9,2
2026-09-15T23:05:09.9453457+09:00,windows-wip,load,0,24.36,22034.4,43361.5,64.7,3,1308.9,2
2026-09-15T23:05:11.1084111+09:00,windows-wip,load,0,20.39,22036.1,43359.8,64.7,3,1308.9,2
2026-09-15T23:05:12.2822779+09:00,windows-wip,load,0,19.94,22039.1,43356.8,64.7,3,1308.9,2
2026-09-15T23:05:13.4495368+09:00,windows-wip,load,0,19.79,22039.4,43356.5,64.7,3,1309,2
2026-09-15T23:05:14.5637345+09:00,windows-wip,load,0,20.28,22056.4,43339.5,64.7,3,1314.4,2
2026-09-15T23:05:15.6773012+09:00,windows-wip,load,0,19.39,22061.5,43334.4,64.7,3,1314.5,2
2026-09-15T23:05:16.7915486+09:00,windows-wip,load,0,21.24,22067.7,43328.2,64.7,3,1314.6,2
2026-09-15T23:05:17.9598231+09:00,windows-wip,load,0,20.9,22067.3,43328.6,64.7,3,1314.6,2
2026-09-15T23:05:19.1604609+09:00,windows-wip,load,0,22.4,22066.9,43329,64.7,3,1314.6,2
2026-09-15T23:05:20.3640140+09:00,windows-wip,load,0,21.55,22063.9,43332,64.7,3,1314.6,2
2026-09-15T23:05:21.5411308+09:00,windows-wip,load,0,15.26,22062.2,43333.7,64.7,3,1314.6,2
2026-09-15T23:05:22.7452998+09:00,windows-wip,load,0,19.3,22078.6,43317.3,64.7,3,1314.6,2
2026-09-15T23:05:23.9318213+09:00,windows-wip,load,0,18.84,22079.9,43316,64.7,3,1314.6,2
2026-09-15T23:05:25.1033730+09:00,windows-wip,load,0,20.29,22080.3,43315.6,64.7,3,1314.6,2
2026-09-15T23:05:26.2851333+09:00,windows-wip,load,0,19.73,22078.8,43317.1,64.7,3,1314.6,2
2026-09-15T23:05:27.4033294+09:00,windows-wip,load,0,19.44,22085.2,43310.7,64.7,3,1314.6,2
2026-09-15T23:05:28.5853340+09:00,windows-wip,load,0,19.87,22087.5,43308.4,64.7,3,1314.6,2
2026-09-15T23:05:29.7120462+09:00,windows-wip,load,0,19.84,22087.8,43308.1,64.7,3,1314.6,2
2026-09-15T23:05:30.8135616+09:00,windows-wip,load,0,18.68,22070.9,43325,64.7,3,1314.6,2
2026-09-15T23:05:32.0473549+09:00,windows-wip,load,0,18.7,22071.5,43324.4,64.6,3,1314.6,2
2026-09-15T23:05:33.2201313+09:00,windows-wip,load,0,20.69,22074.8,43321.1,64.6,3,1314.6,2
2026-09-15T23:05:34.4098724+09:00,windows-wip,load,0,16.37,22075.5,43320.4,64.6,3,1314.6,2
2026-09-15T23:05:35.5895691+09:00,windows-wip,load,0,17.57,22077.2,43318.7,64.6,3,1314.6,2
2026-09-15T23:05:36.7395144+09:00,windows-wip,load,0,20.76,22072.7,43323.2,64.6,3,1314.6,2
2026-09-15T23:05:37.9137612+09:00,windows-wip,load,0,18.35,22076.6,43319.3,64.6,3,1314.6,2
2026-09-15T23:05:39.0994521+09:00,windows-wip,load,0,19.63,22077.1,43318.8,64.6,3,1314.6,2
2026-09-15T23:05:40.2751165+09:00,windows-wip,load,0,21.85,22075.9,43320,64.6,3,1314.6,2
2026-09-15T23:05:41.4099803+09:00,windows-wip,load,0,20.11,22082.2,43313.7,64.6,3,1314.6,2
2026-09-15T23:05:42.5785577+09:00,windows-wip,load,0,17.96,22088.5,43307.4,64.6,3,1314.7,2
2026-09-15T23:05:43.7013886+09:00,windows-wip,load,0,23.11,22104.8,43291.1,64.6,3,1314.7,2
2026-09-15T23:05:44.8843833+09:00,windows-wip,load,0,17.97,22109.7,43286.2,64.6,3,1314.7,2
2026-09-15T23:05:46.0465703+09:00,windows-wip,load,0,20.09,22106.5,43289.4,64.6,3,1314.7,2
2026-09-15T23:05:47.2352488+09:00,windows-wip,load,0,23.08,22116.2,43279.7,64.6,3,1314.7,2
2026-09-15T23:05:48.4089668+09:00,windows-wip,load,0,22.71,22125.3,43270.6,64.6,3,1314.7,2
2026-09-15T23:05:49.6020569+09:00,windows-wip,load,0,18.5,22092.8,43303.1,64.6,3,1314.7,2
2026-09-15T23:05:50.7601296+09:00,windows-wip,load,0,19.84,22101.7,43294.2,64.6,3,1314.7,2
2026-09-15T23:05:51.9088055+09:00,windows-wip,load,0,21.19,22100.4,43295.5,64.6,3,1314.7,2
2026-09-15T23:05:53.0713755+09:00,windows-wip,load,0,17.91,22105.1,43290.8,64.6,3,1314.9,2
2026-09-15T23:05:54.2347375+09:00,windows-wip,load,0,23.09,22100.5,43295.4,64.6,3,1314.9,2
2026-09-15T23:05:55.4151044+09:00,windows-wip,load,0,21.28,22108.3,43287.6,64.6,3,1314.9,2
2026-09-15T23:05:56.5151342+09:00,windows-wip,load,0,23.91,22094.4,43301.5,64.6,3,1314.9,2
2026-09-15T23:05:57.7135580+09:00,windows-wip,load,0,18.7,22099.9,43296,64.6,3,1314.9,2
2026-09-15T23:05:58.8225358+09:00,windows-wip,load,0,19.92,22097,43298.9,64.6,3,1314.9,2
2026-09-15T23:05:59.9627996+09:00,windows-wip,load,0,20.05,22104,43291.9,64.6,3,1314.9,2
2026-09-15T23:06:01.0916567+09:00,windows-wip,load,0,19.49,22102.1,43293.8,64.6,3,1314.9,2
2026-09-15T23:06:02.2290297+09:00,windows-wip,load,0,21.45,22097.6,43298.3,64.6,3,1314.9,2
2026-09-15T23:06:03.4040072+09:00,windows-wip,load,0,21,22101.2,43294.7,64.6,3,1314.9,2
2026-09-15T23:06:04.5924961+09:00,windows-wip,load,0,23.65,22097.6,43298.3,64.6,3,1314.9,2
2026-09-15T23:06:05.7448604+09:00,windows-wip,load,0,16.53,22099.2,43296.7,64.6,3,1314.8,2
2026-09-15T23:06:06.9257265+09:00,windows-wip,load,0,19.63,22079.4,43316.5,64.6,3,1314.8,2
2026-09-15T23:06:08.1040863+09:00,windows-wip,load,0,20,22082,43313.9,64.6,3,1314.8,2
2026-09-15T23:06:09.2810243+09:00,windows-wip,load,0,21.99,22085.4,43310.5,64.6,3,1314.8,2
2026-09-15T23:06:10.4526369+09:00,windows-wip,load,0,22.06,22071.3,43324.6,64.6,3,1314.8,2
2026-09-15T23:06:11.6332516+09:00,windows-wip,load,0,19.98,22075.2,43320.7,64.6,3,1314.8,2
2026-09-15T23:06:12.8424101+09:00,windows-wip,load,0,18.59,22076.4,43319.5,64.6,3,1314.8,2
2026-09-15T23:06:14.0177092+09:00,windows-wip,load,0,18.89,22078.4,43317.5,64.6,3,1314.8,2
2026-09-15T23:06:15.2128183+09:00,windows-wip,load,0,17.64,22078.2,43317.7,64.6,3,1314.9,2
2026-09-15T23:06:16.3797826+09:00,windows-wip,load,0,19.71,22079.1,43316.8,64.6,3,1314.9,2
2026-09-15T23:06:17.5463700+09:00,windows-wip,load,0,21.55,22089.5,43306.4,64.6,3,1314.9,2
2026-09-15T23:06:18.7155826+09:00,windows-wip,load,0,22.66,22089,43306.9,64.6,3,1314.9,2
2026-09-15T23:06:19.8921077+09:00,windows-wip,load,0,18.95,22088.6,43307.3,64.6,3,1314.9,2
2026-09-15T23:06:20.9989283+09:00,windows-wip,load,0,19.08,22103.7,43292.2,64.6,3,1327.2,2
2026-09-15T23:06:22.1231587+09:00,windows-wip,load,0,21.59,22105.3,43290.6,64.6,3,1327.2,2
2026-09-15T23:06:23.2386838+09:00,windows-wip,load,0,19.49,22118.5,43277.4,64.6,3,1327.2,2
2026-09-15T23:06:24.4532034+09:00,windows-wip,load,0,18.96,22111.3,43284.6,64.6,3,1327.2,2
2026-09-15T23:06:25.6197422+09:00,windows-wip,load,0,23.2,22118.5,43277.4,64.6,3,1327.2,2
2026-09-15T23:06:26.7722272+09:00,windows-wip,load,0,19.66,22118.3,43277.6,64.6,3,1327.2,2
2026-09-15T23:06:27.9205503+09:00,windows-wip,load,0,19.66,22121.1,43274.8,64.6,3,1327.2,2
2026-09-15T23:06:29.0412425+09:00,windows-wip,load,0,19.63,22117.3,43278.6,64.6,3,1327.2,2
2026-09-15T23:06:30.1986881+09:00,windows-wip,load,0,19.37,22124.6,43271.3,64.6,3,1327.2,2
2026-09-15T23:06:31.3688508+09:00,windows-wip,load,0,21.31,22126.6,43269.3,64.6,3,1327.2,2
2026-09-15T23:06:32.5429316+09:00,windows-wip,load,0,21.7,22163.5,43232.4,64.6,3,1327.2,2
2026-09-15T23:06:33.6443816+09:00,windows-wip,load,0,22.3,22175.6,43220.3,64.6,3,1327.2,2
2026-09-15T23:06:34.8293298+09:00,windows-wip,load,0,23.4,22169.1,43226.8,64.6,3,1327.2,2
2026-09-15T23:06:35.9661362+09:00,windows-wip,load,0,22.24,22170.5,43225.4,64.6,3,1327.2,2
2026-09-15T23:06:37.0815736+09:00,windows-wip,load,0,22.03,22164.4,43231.5,64.6,3,1327.2,2
2026-09-15T23:06:38.1876958+09:00,windows-wip,load,0,20.45,22169.3,43226.6,64.6,3,1327.2,2
2026-09-15T23:06:39.3738233+09:00,windows-wip,load,0,23.05,22205,43190.9,64.6,3,1327.2,2
2026-09-15T23:06:40.5541573+09:00,windows-wip,load,0,23.37,22206.8,43189.1,64.6,3,1327.2,2
2026-09-15T23:06:41.7419201+09:00,windows-wip,load,0,18.49,22206.5,43189.4,64.6,3,1327.2,2
2026-09-15T23:06:42.8990656+09:00,windows-wip,load,0,22.98,22214.4,43181.5,64.6,3,1327.2,2
2026-09-15T23:06:44.0056092+09:00,windows-wip,load,0,21.02,22217.2,43178.7,64.6,3,1327.2,2
2026-09-15T23:06:45.1328475+09:00,windows-wip,load,0,21,22219.3,43176.6,64.6,3,1327.2,2
2026-09-15T23:06:46.2421387+09:00,windows-wip,load,0,18.69,22217,43178.9,64.6,3,1327.2,2
2026-09-15T23:06:47.3781994+09:00,windows-wip,load,0,21.56,22199.2,43196.7,64.6,3,1327.2,2
2026-09-15T23:06:48.5624313+09:00,windows-wip,load,0,24.59,22203.3,43192.6,64.6,3,1327.2,2
2026-09-15T23:06:49.7341326+09:00,windows-wip,load,0,26.64,22205.2,43190.7,64.6,3,1327.2,2
2026-09-15T23:06:50.8976886+09:00,windows-wip,load,0,26.41,22197.5,43198.4,64.6,3,1327.2,2
2026-09-15T23:06:52.0585504+09:00,windows-wip,load,0,26.47,22199.8,43196.1,64.6,3,1327.3,2
2026-09-15T23:06:53.1696116+09:00,windows-wip,load,0,22.5,22203.9,43192,64.6,3,1327.3,2
2026-09-15T23:06:54.3619435+09:00,windows-wip,load,0,25.06,22242.3,43153.6,64.6,3,1327.3,2
2026-09-15T23:06:55.5363563+09:00,windows-wip,load,0,11.84,22010.2,43385.7,64.6,3,1327.3,2
2026-09-15T23:06:56.7221039+09:00,windows-wip,load,0,5.04,22008.8,43387.1,64.6,3,1327.3,2
2026-09-15T23:07:00.2287595+09:00,windows-docker,baseline,0,0.96,20452,44943.9,,0,,0
2026-09-15T23:07:01.6959622+09:00,windows-docker,baseline,0,6.57,20452.9,44943,,0,,0
2026-09-15T23:07:02.7951316+09:00,windows-docker,baseline,0,2.7,20420.4,44975.5,,0,,0
2026-09-15T23:07:03.9220247+09:00,windows-docker,baseline,0,7.98,20440.3,44955.6,,0,,0
2026-09-15T23:07:05.0127754+09:00,windows-docker,baseline,0,5.2,20439.9,44956,,0,,0
2026-09-15T23:07:06.1049304+09:00,windows-docker,baseline,0,3.84,20437.5,44958.4,,0,,0
2026-09-15T23:07:07.1950258+09:00,windows-docker,baseline,0,5.23,20453.1,44942.8,,0,,0
2026-09-15T23:07:08.2966404+09:00,windows-docker,baseline,0,8.14,20454.6,44941.3,,0,,0
2026-09-15T23:07:09.3933835+09:00,windows-docker,baseline,0,3.5,20457.6,44938.3,,0,,0
2026-09-15T23:07:10.5323591+09:00,windows-docker,baseline,0,5.98,20456.6,44939.3,,0,,0
2026-09-15T23:07:11.6534542+09:00,windows-docker,baseline,0,5.14,20458.9,44937,,0,,0
2026-09-15T23:07:12.7393277+09:00,windows-docker,baseline,0,2.01,20460,44935.9,,0,,0
2026-09-15T23:07:13.8889310+09:00,windows-docker,baseline,0,0.5,20461.5,44934.4,,0,,0
2026-09-15T23:07:15.0805428+09:00,windows-docker,baseline,0,2.87,20460.2,44935.7,,0,,0
2026-09-15T23:07:16.2160043+09:00,windows-docker,baseline,0,3.72,20456.1,44939.8,,0,,0
2026-09-15T23:07:17.3527692+09:00,windows-docker,baseline,0,9.12,20456.3,44939.6,,0,,0
2026-09-15T23:07:18.4934272+09:00,windows-docker,baseline,0,9.21,20457.8,44938.1,,0,,0
2026-09-15T23:07:19.6482297+09:00,windows-docker,baseline,0,7.62,20457.1,44938.8,,0,,0
2026-09-15T23:07:20.7955930+09:00,windows-docker,baseline,0,3.57,20518.9,44877,,0,,0
2026-09-15T23:07:21.9667754+09:00,windows-docker,baseline,0,5.69,20518.4,44877.5,,0,,0
2026-09-15T23:07:23.0688073+09:00,windows-docker,baseline,0,2.27,20516.5,44879.4,,0,,0
2026-09-15T23:07:24.1535747+09:00,windows-docker,baseline,0,6.32,20518,44877.9,,0,,0
2026-09-15T23:07:25.2438260+09:00,windows-docker,baseline,0,4.64,20520.6,44875.3,,0,,0
2026-09-15T23:07:26.3582765+09:00,windows-docker,baseline,0,4.86,20517.5,44878.4,,0,,0
2026-09-15T23:07:27.4567848+09:00,windows-docker,baseline,0,3.36,20509.3,44886.6,,0,,0
2026-09-15T23:07:28.5552106+09:00,windows-docker,baseline,0,5.39,20508.4,44887.5,,0,,0
2026-09-15T23:07:29.7942472+09:00,windows-docker,baseline,0,9.7,20506.9,44889,,0,,0
2026-09-15T23:07:30.9785443+09:00,windows-docker,baseline,0,10.53,20521.7,44874.2,,0,,0
2026-09-15T23:07:32.2064224+09:00,windows-docker,baseline,0,7.49,20518.7,44877.2,,0,,0
2026-09-15T23:07:33.3501525+09:00,windows-docker,baseline,0,8.07,20517.8,44878.1,,0,,0
2026-09-15T23:07:34.5332821+09:00,windows-docker,baseline,0,9.02,20519.9,44876,,0,,0
2026-09-15T23:07:35.7127655+09:00,windows-docker,baseline,0,5.03,20524.9,44871,,0,,0
2026-09-15T23:07:36.8943488+09:00,windows-docker,baseline,0,4.36,20524,44871.9,,0,,0
2026-09-15T23:07:38.0433531+09:00,windows-docker,baseline,0,4.33,20526.4,44869.5,,0,,0
2026-09-15T23:07:39.1708595+09:00,windows-docker,baseline,0,8.9,20525,44870.9,,0,,0
2026-09-15T23:07:40.2897518+09:00,windows-docker,baseline,0,4.25,20530.5,44865.4,,0,,0
2026-09-15T23:07:41.4208151+09:00,windows-docker,baseline,0,5.65,20529.3,44866.6,,0,,0
2026-09-15T23:07:42.5749003+09:00,windows-docker,baseline,0,4.14,20529.1,44866.8,,0,,0
2026-09-15T23:07:43.6672137+09:00,windows-docker,baseline,0,3.63,20536.2,44859.7,,0,,0
2026-09-15T23:07:44.8088260+09:00,windows-docker,baseline,0,2.7,20540.6,44855.3,,0,,0
2026-09-15T23:07:45.9954589+09:00,windows-docker,baseline,0,4.95,20494.9,44901,,0,,0
2026-09-15T23:07:47.0876163+09:00,windows-docker,baseline,0,6.53,20495.6,44900.3,,0,,0
2026-09-15T23:07:48.2308365+09:00,windows-docker,baseline,0,11.11,20486.4,44909.5,,0,,0
2026-09-15T23:07:49.3819329+09:00,windows-docker,baseline,0,3.39,20468.3,44927.6,,0,,0
2026-09-15T23:07:50.5533982+09:00,windows-docker,baseline,0,5.25,20467.4,44928.5,,0,,0
2026-09-15T23:07:51.6753648+09:00,windows-docker,baseline,0,5.41,20422.9,44973,,0,,0
2026-09-15T23:07:52.7978295+09:00,windows-docker,baseline,0,5.21,20436.7,44959.2,,0,,0
2026-09-15T23:07:53.9960785+09:00,windows-docker,baseline,0,3.41,20401.4,44994.5,,0,,0
2026-09-15T23:07:55.1538343+09:00,windows-docker,baseline,0,5.29,20403.4,44992.5,,0,,0
2026-09-15T23:07:56.2492842+09:00,windows-docker,baseline,0,4.91,20402.8,44993.1,,0,,0
2026-09-15T23:07:57.4048156+09:00,windows-docker,baseline,0,4.03,20402.2,44993.7,,0,,0
2026-09-15T23:07:58.4967513+09:00,windows-docker,baseline,0,5.26,20403,44992.9,,0,,0
2026-09-15T23:07:59.6530597+09:00,windows-docker,baseline,0,6.05,20405.9,44990,,0,,0
2026-09-15T23:08:06.8145212+09:00,windows-docker,infra_idle,0,27.47,25882.8,39513.1,744.4,8,4374.4,2
2026-09-15T23:08:08.4170571+09:00,windows-docker,infra_idle,0,19.07,26615.7,38780.2,743.8,8,5095.7,2
2026-09-15T23:08:09.6366522+09:00,windows-docker,infra_idle,0,15.45,26676.6,38719.3,744.1,8,5150.4,2
2026-09-15T23:08:10.8439300+09:00,windows-docker,infra_idle,0,7.02,26692.5,38703.4,744.5,8,5162,2
2026-09-15T23:08:12.0216269+09:00,windows-docker,infra_idle,0,6.26,26689.4,38706.5,743.4,8,5160.6,2
2026-09-15T23:08:13.1607266+09:00,windows-docker,infra_idle,0,8.34,26687.6,38708.3,743.4,8,5160.6,2
2026-09-15T23:08:14.3560878+09:00,windows-docker,infra_idle,0,3.41,26676.6,38719.3,733.8,8,5160.1,2
2026-09-15T23:08:15.5287361+09:00,windows-docker,infra_idle,0,5.27,26681.5,38714.4,734.2,8,5160.2,2
2026-09-15T23:08:16.6955855+09:00,windows-docker,infra_idle,0,6.46,26669.7,38726.2,736.3,8,5143,2
2026-09-15T23:08:17.8471633+09:00,windows-docker,infra_idle,0,27.09,26659.1,38736.8,736.3,8,5120.1,2
2026-09-15T23:08:19.0195037+09:00,windows-docker,infra_idle,0,8.38,26656.3,38739.6,736.5,8,5120.1,2
2026-09-15T23:08:20.1621274+09:00,windows-docker,infra_idle,0,10.73,26653.5,38742.4,737.2,8,5118.1,2
2026-09-15T23:08:21.3387399+09:00,windows-docker,infra_idle,0,4.73,26660.2,38735.7,738,8,5118.1,2
2026-09-15T23:08:22.4641249+09:00,windows-docker,infra_idle,0,8.3,26662,38733.9,738.4,8,5113.7,2
2026-09-15T23:08:23.6406141+09:00,windows-docker,infra_idle,0,4.67,26672.5,38723.4,738.4,8,5113.7,2
2026-09-15T23:08:24.7837642+09:00,windows-docker,infra_idle,0,10.97,26661.1,38734.8,738.4,8,5111.2,2
2026-09-15T23:08:25.9340472+09:00,windows-docker,infra_idle,0,4.34,26671.5,38724.4,738.4,8,5111.2,2
2026-09-15T23:08:27.0851172+09:00,windows-docker,infra_idle,0,1.48,26667.3,38728.6,734.9,8,5111.2,2
2026-09-15T23:08:28.1951598+09:00,windows-docker,infra_idle,0,5.47,26667.1,38728.8,734.9,8,5111.2,2
2026-09-15T23:08:29.3693713+09:00,windows-docker,infra_idle,0,2.91,26665.9,38730,734.9,8,5111.2,2
2026-09-15T23:08:30.5560968+09:00,windows-docker,infra_idle,0,5.59,26645.5,38750.4,734.9,8,5111.2,2
2026-09-15T23:08:31.6993498+09:00,windows-docker,infra_idle,0,6.72,26588.9,38807,716.4,8,5111.3,2
2026-09-15T23:08:32.8947933+09:00,windows-docker,infra_idle,0,1.47,26578,38817.9,716.9,8,5111.3,2
2026-09-15T23:08:34.1084223+09:00,windows-docker,infra_idle,0,5.35,26577.4,38818.5,717.3,8,5111.3,2
2026-09-15T23:08:35.2127865+09:00,windows-docker,infra_idle,0,6.06,26576.1,38819.8,717.5,8,5111.6,2
2026-09-15T23:08:36.3652366+09:00,windows-docker,infra_idle,0,6.57,26576.6,38819.3,717.8,8,5111.6,2
2026-09-15T23:08:37.4674447+09:00,windows-docker,infra_idle,0,4.39,26577.2,38818.7,717.7,8,5111.6,2
2026-09-15T23:08:38.5963668+09:00,windows-docker,infra_idle,0,3.64,26582.5,38813.4,717.7,8,5111.6,2
2026-09-15T23:08:39.7811235+09:00,windows-docker,infra_idle,0,8.44,26568.5,38827.4,709.3,8,5111.6,2
2026-09-15T23:08:41.0553230+09:00,windows-docker,infra_idle,0,10.09,26582.4,38813.5,710.2,8,5111.6,2
2026-09-15T23:08:42.2274695+09:00,windows-docker,infra_idle,0,9.39,26582.7,38813.2,710.2,8,5111.6,2
2026-09-15T23:08:43.4098708+09:00,windows-docker,infra_idle,0,11.25,26582.6,38813.3,710.2,8,5111.6,2
2026-09-15T23:08:44.5980823+09:00,windows-docker,infra_idle,0,11.76,26589.3,38806.6,710.2,8,5111.6,2
2026-09-15T23:08:45.7922696+09:00,windows-docker,infra_idle,0,10.09,26588.6,38807.3,710.2,8,5111.6,2
2026-09-15T23:08:46.9656782+09:00,windows-docker,infra_idle,0,7.2,26596.3,38799.6,711,8,5111.8,2
2026-09-15T23:08:48.1463180+09:00,windows-docker,infra_idle,0,10.08,26603,38792.9,711,8,5111.8,2
2026-09-15T23:08:49.3495505+09:00,windows-docker,infra_idle,0,6.87,26595.8,38800.1,702.9,8,5111.8,2
2026-09-15T23:08:50.5558095+09:00,windows-docker,infra_idle,0,17.87,26595.6,38800.3,702.9,8,5111.8,2
2026-09-15T23:08:51.7266856+09:00,windows-docker,infra_idle,0,6.73,26602.6,38793.3,703.4,8,5111.8,2
2026-09-15T23:08:52.8610469+09:00,windows-docker,infra_idle,0,3.92,26605.2,38790.7,703.4,8,5111.8,2
2026-09-15T23:08:54.1074241+09:00,windows-docker,infra_idle,0,3.71,26603.8,38792.1,703.4,8,5111.8,2
2026-09-15T23:08:55.3250163+09:00,windows-docker,infra_idle,0,2.79,26605.7,38790.2,702.9,8,5111.8,2
2026-09-15T23:08:56.4860242+09:00,windows-docker,infra_idle,0,4.39,26609.5,38786.4,703.7,8,5111.8,2
2026-09-15T23:08:57.6965193+09:00,windows-docker,infra_idle,0,2.74,26582.4,38813.5,703.6,8,5111.8,2
2026-09-15T23:08:58.8443414+09:00,windows-docker,infra_idle,0,4.26,26590.7,38805.2,703.6,8,5111.8,2
2026-09-15T23:09:00.0505210+09:00,windows-docker,infra_idle,0,6.13,26589.8,38806.1,703.5,8,5111.8,2
2026-09-15T23:09:01.1992051+09:00,windows-docker,infra_idle,0,4.1,26584.6,38811.3,705.3,8,5111.8,2
2026-09-15T23:09:02.3932082+09:00,windows-docker,infra_idle,0,3.07,26578.8,38817.1,705.3,8,5111.7,2
2026-09-15T23:09:03.5321622+09:00,windows-docker,infra_idle,0,3.24,26580.2,38815.7,705.2,8,5112,2
2026-09-15T23:09:04.7370002+09:00,windows-docker,infra_idle,0,8.69,26584.7,38811.2,703,8,5112,2
2026-09-15T23:09:05.9196276+09:00,windows-docker,infra_idle,0,1.04,26576.3,38819.6,703.2,8,5112,2
2026-09-15T23:09:08.4056003+09:00,windows-docker,app_idle,0,7.94,26680.4,38715.5,708.7,8,5221.4,2
2026-09-15T23:09:09.8796074+09:00,windows-docker,app_idle,0,3.46,26675.4,38720.5,708.7,8,5221.4,2
2026-09-15T23:09:11.0113907+09:00,windows-docker,app_idle,0,7.49,26673.1,38722.8,708.7,8,5223,2
2026-09-15T23:09:12.1825664+09:00,windows-docker,app_idle,0,6.07,26679.9,38716,708.2,8,5223,2
2026-09-15T23:09:13.3835645+09:00,windows-docker,app_idle,0,5.47,26674.1,38721.8,708,8,5223,2
2026-09-15T23:09:14.5488917+09:00,windows-docker,app_idle,0,4.08,26681.4,38714.5,708.1,8,5223,2
2026-09-15T23:09:15.7112969+09:00,windows-docker,app_idle,0,9.27,26691.7,38704.2,708.1,8,5223.9,2
2026-09-15T23:09:16.9571280+09:00,windows-docker,app_idle,0,10.29,26692.1,38703.8,708.7,8,5222.9,2
2026-09-15T23:09:18.1560861+09:00,windows-docker,app_idle,0,14.37,26694.4,38701.5,708.7,8,5222.9,2
2026-09-15T23:09:19.3679395+09:00,windows-docker,app_idle,0,8.91,26699.5,38696.4,708.7,8,5223.5,2
2026-09-15T23:09:20.5708694+09:00,windows-docker,app_idle,0,10.67,26692.5,38703.4,708.7,8,5223.5,2
2026-09-15T23:09:21.7767766+09:00,windows-docker,app_idle,0,7.4,26698,38697.9,709.1,8,5223.5,2
2026-09-15T23:09:22.9599853+09:00,windows-docker,app_idle,0,13.34,26700.4,38695.5,708.3,8,5223.5,2
2026-09-15T23:09:24.1667411+09:00,windows-docker,app_idle,0,8.86,26708.3,38687.6,700.4,8,5223.5,2
2026-09-15T23:09:25.3849476+09:00,windows-docker,app_idle,0,8.45,26700.7,38695.2,700.4,8,5223.4,2
2026-09-15T23:09:26.6223579+09:00,windows-docker,app_idle,0,7.57,26698.7,38697.2,701.5,8,5223.4,2
2026-09-15T23:09:27.8137761+09:00,windows-docker,app_idle,0,7.4,26700.9,38695,701.5,8,5223.4,2
2026-09-15T23:09:29.0029278+09:00,windows-docker,app_idle,0,5.55,26710.6,38685.3,701.4,8,5223.4,2
2026-09-15T23:09:30.1959265+09:00,windows-docker,app_idle,0,5.22,26709,38686.9,701.4,8,5223.4,2
2026-09-15T23:09:31.3970745+09:00,windows-docker,app_idle,0,7.06,26705,38690.9,701.8,8,5223.4,2
2026-09-15T23:09:32.5682251+09:00,windows-docker,app_idle,0,8.67,26707.5,38688.4,701.7,8,5223.4,2
2026-09-15T23:09:33.8251912+09:00,windows-docker,app_idle,0,5.52,26713.5,38682.4,701.6,8,5223.4,2
2026-09-15T23:09:34.9812870+09:00,windows-docker,app_idle,0,4.87,26712.9,38683,701.6,8,5223.4,2
2026-09-15T23:09:36.1084695+09:00,windows-docker,app_idle,0,3.98,26705.4,38690.5,701.2,8,5223.4,2
2026-09-15T23:09:37.2495340+09:00,windows-docker,app_idle,0,5.71,26703,38692.9,701.1,8,5223.4,2
2026-09-15T23:09:38.4301613+09:00,windows-docker,app_idle,0,3.2,26704.3,38691.6,701.1,8,5223.4,2
2026-09-15T23:09:39.6476754+09:00,windows-docker,app_idle,0,5.41,26710.5,38685.4,701.1,8,5223.2,2
2026-09-15T23:09:40.9255871+09:00,windows-docker,app_idle,0,4.05,26704.2,38691.7,701.1,8,5223.3,2
2026-09-15T23:09:42.1403841+09:00,windows-docker,app_idle,0,4.77,26706,38689.9,701.4,8,5223.3,2
2026-09-15T23:09:43.2985341+09:00,windows-docker,app_idle,0,4.99,26709.1,38686.8,701.3,8,5223.3,2
2026-09-15T23:09:44.4441829+09:00,windows-docker,app_idle,0,4.94,26708.5,38687.4,701.4,8,5223.3,2
2026-09-15T23:09:45.5873137+09:00,windows-docker,app_idle,0,5.46,26709.5,38686.4,701.3,8,5223.3,2
2026-09-15T23:09:46.8067791+09:00,windows-docker,app_idle,0,7.99,26717.4,38678.5,708.6,8,5223.3,2
2026-09-15T23:09:47.9173866+09:00,windows-docker,app_idle,0,11.99,26724,38671.9,708.5,8,5223.3,2
2026-09-15T23:09:49.0653371+09:00,windows-docker,app_idle,0,9.78,26732.2,38663.7,708.4,8,5223.3,2
2026-09-15T23:09:50.2331097+09:00,windows-docker,app_idle,0,13.28,26835.7,38560.2,708.4,8,5223.4,2
2026-09-15T23:09:51.3805928+09:00,windows-docker,app_idle,0,25.37,26962.8,38433.1,709.1,8,5223.4,2
2026-09-15T23:09:52.5823683+09:00,windows-docker,app_idle,0,7.12,26930.3,38465.6,709.1,8,5223.4,2
2026-09-15T23:09:53.7004916+09:00,windows-docker,app_idle,0,7.1,26925.3,38470.6,708.9,8,5223.4,2
2026-09-15T23:09:54.8632427+09:00,windows-docker,app_idle,0,8.19,26920.1,38475.8,708.9,8,5223.4,2
2026-09-15T23:09:56.0042896+09:00,windows-docker,app_idle,0,3.64,26911.6,38484.3,708.9,8,5223.4,2
2026-09-15T23:09:57.1363030+09:00,windows-docker,app_idle,0,5.23,26911,38484.9,709.1,8,5223.4,2
2026-09-15T23:09:58.2846429+09:00,windows-docker,app_idle,0,4.92,26909.4,38486.5,709,8,5223.4,2
2026-09-15T23:09:59.4735673+09:00,windows-docker,app_idle,0,3.05,26894.7,38501.2,708.2,8,5223.4,2
2026-09-15T23:10:00.6530421+09:00,windows-docker,app_idle,0,11.2,26835.4,38560.5,708.1,8,5223.4,2
2026-09-15T23:10:01.8504244+09:00,windows-docker,app_idle,0,11.25,26834.7,38561.2,709.3,8,5223.4,2
2026-09-15T23:10:02.9928807+09:00,windows-docker,app_idle,0,1.1,26824.2,38571.7,709.3,8,5223.4,2
2026-09-15T23:10:04.2075950+09:00,windows-docker,app_idle,0,5.48,26831,38564.9,709.5,8,5223.4,2
2026-09-15T23:10:05.4015296+09:00,windows-docker,app_idle,0,3.88,26830.4,38565.5,709.6,8,5223.4,2
2026-09-15T23:10:06.5704229+09:00,windows-docker,app_idle,0,4.61,26829.2,38566.7,710.4,8,5223.4,2
2026-09-15T23:10:07.7352349+09:00,windows-docker,app_idle,0,1.46,26835.8,38560.1,710.3,8,5223.4,2
2026-09-15T23:10:09.4773171+09:00,windows-docker,load,0,41.85,26896.8,38499.1,715.6,8,5236,2
2026-09-15T23:10:11.1237703+09:00,windows-docker,load,0,45.65,26909.2,38486.7,717.2,8,5239.3,2
2026-09-15T23:10:12.3484972+09:00,windows-docker,load,0,41.91,26932.7,38463.2,717.6,8,5243.2,2
2026-09-15T23:10:13.5750686+09:00,windows-docker,load,0,44.19,26939,38456.9,717.5,8,5245.7,2
2026-09-15T23:10:14.7842681+09:00,windows-docker,load,0,42.33,26945.8,38450.1,717.5,8,5248.9,2
2026-09-15T23:10:16.0194106+09:00,windows-docker,load,0,41.76,26946.7,38449.2,717.7,8,5252.3,2
2026-09-15T23:10:17.2380250+09:00,windows-docker,load,0,41.95,26957.5,38438.4,717.7,8,5255.4,2
2026-09-15T23:10:18.4689918+09:00,windows-docker,load,0,46.87,26950.2,38445.7,717.2,8,5255.6,2
2026-09-15T23:10:19.7063377+09:00,windows-docker,load,0,41.78,26951.8,38444.1,717.7,8,5258,2
2026-09-15T23:10:20.9256145+09:00,windows-docker,load,0,44.64,26956.3,38439.6,717.9,8,5259.2,2
2026-09-15T23:10:22.1355930+09:00,windows-docker,load,0,46.13,26991.8,38404.1,718.5,8,5260.4,2
2026-09-15T23:10:23.3642836+09:00,windows-docker,load,0,47.15,26988.9,38407,717.4,8,5261.7,2
2026-09-15T23:10:24.5929366+09:00,windows-docker,load,0,43.6,27001,38394.9,717.4,8,5263.7,2
2026-09-15T23:10:25.8108393+09:00,windows-docker,load,0,43.53,26993.4,38402.5,717.4,8,5266.2,2
2026-09-15T23:10:27.0259389+09:00,windows-docker,load,0,43,27005.9,38390,718.5,8,5268,2
2026-09-15T23:10:28.2352042+09:00,windows-docker,load,0,44.36,27011.7,38384.2,718.2,8,5271.9,2
2026-09-15T23:10:29.4531629+09:00,windows-docker,load,0,45.28,27018.8,38377.1,718.3,8,5274.7,2
2026-09-15T23:10:30.6718613+09:00,windows-docker,load,0,44.34,27022.7,38373.2,718.3,8,5274.7,2
2026-09-15T23:10:31.8980160+09:00,windows-docker,load,0,40.3,27019.7,38376.2,719.7,8,5274.9,2
2026-09-15T23:10:33.1226498+09:00,windows-docker,load,0,43.05,27014.5,38381.4,719.6,8,5275,2
2026-09-15T23:10:34.3324695+09:00,windows-docker,load,0,41.17,27026,38369.9,719.6,8,5275.3,2
2026-09-15T23:10:35.5513131+09:00,windows-docker,load,0,42.41,27032.7,38363.2,719.5,8,5278.6,2
2026-09-15T23:10:36.7725184+09:00,windows-docker,load,0,45.02,27040.7,38355.2,719.9,8,5283.8,2
2026-09-15T23:10:38.0066962+09:00,windows-docker,load,0,41.29,27042.9,38353,719.6,8,5287.3,2
2026-09-15T23:10:39.2355061+09:00,windows-docker,load,0,45.64,27038.3,38357.6,719.6,8,5287.9,2
2026-09-15T23:10:40.4555243+09:00,windows-docker,load,0,43.5,27044.7,38351.2,719.2,8,5287.9,2
2026-09-15T23:10:41.6878817+09:00,windows-docker,load,0,38.18,27042.2,38353.7,719.6,8,5287.9,2
2026-09-15T23:10:42.9123737+09:00,windows-docker,load,0,39.85,27044.8,38351.1,719.9,8,5288.5,2
2026-09-15T23:10:44.1448716+09:00,windows-docker,load,0,46.39,27040.6,38355.3,719.9,8,5288.5,2
2026-09-15T23:10:45.3658175+09:00,windows-docker,load,0,39.17,27030.3,38365.6,719.5,8,5289.5,2
2026-09-15T23:10:46.5909383+09:00,windows-docker,load,0,42.93,27041.6,38354.3,719.4,8,5289.5,2
2026-09-15T23:10:47.8157176+09:00,windows-docker,load,0,44.22,27031.7,38364.2,718.9,8,5289.6,2
2026-09-15T23:10:49.0401804+09:00,windows-docker,load,0,45.07,27032.6,38363.3,719.2,8,5289.6,2
2026-09-15T23:10:50.2481135+09:00,windows-docker,load,0,43.09,27038.4,38357.5,718.9,8,5293.2,2
2026-09-15T23:10:51.4626621+09:00,windows-docker,load,0,41.07,27033.5,38362.4,718.7,8,5294.8,2
2026-09-15T23:10:52.6802274+09:00,windows-docker,load,0,43.66,27040,38355.9,718.9,8,5299,2
2026-09-15T23:10:53.8952146+09:00,windows-docker,load,0,49.14,27052,38343.9,718.7,8,5300.9,2
2026-09-15T23:10:55.1051403+09:00,windows-docker,load,0,41.3,27056.6,38339.3,718.8,8,5303.1,2
2026-09-15T23:10:56.3307767+09:00,windows-docker,load,0,41.99,27054,38341.9,718.5,8,5304.7,2
2026-09-15T23:10:57.5585172+09:00,windows-docker,load,0,43.14,27063.1,38332.8,718.5,8,5306.2,2
2026-09-15T23:10:58.7764109+09:00,windows-docker,load,0,44.91,27075.5,38320.4,718.5,8,5306.2,2
2026-09-15T23:11:00.0214137+09:00,windows-docker,load,0,43.62,27050.5,38345.4,718.5,8,5306.2,2
2026-09-15T23:11:01.2229750+09:00,windows-docker,load,0,41.68,27047.4,38348.5,716.8,8,5306.3,2
2026-09-15T23:11:02.4332806+09:00,windows-docker,load,0,42.88,27041.9,38354,717.3,8,5307,2
2026-09-15T23:11:03.6354146+09:00,windows-docker,load,0,40.62,27055.2,38340.7,717.3,8,5309.2,2
2026-09-15T23:11:04.8460482+09:00,windows-docker,load,0,42.87,27055.9,38340,717.2,8,5309.4,2
2026-09-15T23:11:06.0655282+09:00,windows-docker,load,0,45.29,27058.4,38337.5,718.6,8,5310.1,2
2026-09-15T23:11:07.2768501+09:00,windows-docker,load,0,42.32,27051,38344.9,718.6,8,5310.1,2
2026-09-15T23:11:08.4848221+09:00,windows-docker,load,0,43.44,27058.2,38337.7,719,8,5310.1,2
2026-09-15T23:11:09.6877751+09:00,windows-docker,load,0,43.81,27059.8,38336.1,718,8,5310.7,2
2026-09-15T23:11:10.8948893+09:00,windows-docker,load,0,42.31,27059.1,38336.8,717.9,8,5310.7,2
2026-09-15T23:11:12.1064753+09:00,windows-docker,load,0,43.23,27063.3,38332.6,718.2,8,5312.7,2
2026-09-15T23:11:13.3176116+09:00,windows-docker,load,0,44.7,27061.7,38334.2,718.1,8,5312.7,2
2026-09-15T23:11:14.5292206+09:00,windows-docker,load,0,45.12,27052.9,38343,718.1,8,5312.7,2
2026-09-15T23:11:15.7445225+09:00,windows-docker,load,0,41.79,27058.6,38337.3,718.1,8,5313.1,2
2026-09-15T23:11:16.9706935+09:00,windows-docker,load,0,44.46,27063.2,38332.7,717.4,8,5316.3,2
2026-09-15T23:11:18.2008243+09:00,windows-docker,load,0,47.55,27062.4,38333.5,717.4,8,5316.6,2
2026-09-15T23:11:19.4474668+09:00,windows-docker,load,0,42.91,27069.6,38326.3,717.9,8,5316.6,2
2026-09-15T23:11:20.6669184+09:00,windows-docker,load,0,44.54,27043.8,38352.1,717.5,8,5316.6,2
2026-09-15T23:11:22.0387722+09:00,windows-docker,load,0,46.23,27053.2,38342.7,717.8,8,5316.6,2
2026-09-15T23:11:23.2902010+09:00,windows-docker,load,0,51.3,27052.8,38343.1,717.6,8,5317.4,2
2026-09-15T23:11:24.6411644+09:00,windows-docker,load,0,46.6,27056.5,38339.4,717.3,8,5317.6,2
2026-09-15T23:11:25.8904959+09:00,windows-docker,load,0,44.67,27064.7,38331.2,718,8,5318.6,2
2026-09-15T23:11:27.2978911+09:00,windows-docker,load,0,47.29,27059.1,38336.8,717.9,8,5320,2
2026-09-15T23:11:28.5323322+09:00,windows-docker,load,0,43.37,26992.8,38403.1,718.4,8,5320,2
2026-09-15T23:11:29.8761018+09:00,windows-docker,load,0,45.97,26989.8,38406.1,718.2,8,5320.1,2
2026-09-15T23:11:31.0999564+09:00,windows-docker,load,0,43.99,26995.9,38400,718.1,8,5322.8,2
2026-09-15T23:11:32.3496766+09:00,windows-docker,load,0,45.1,26992.7,38403.2,718.5,8,5322.9,2
2026-09-15T23:11:33.5821596+09:00,windows-docker,load,0,43.73,27004.9,38391,718.1,8,5322.9,2
2026-09-15T23:11:34.8071335+09:00,windows-docker,load,0,41.93,27004,38391.9,718.2,8,5322.9,2
2026-09-15T23:11:36.0358269+09:00,windows-docker,load,0,40.74,27005.3,38390.6,719.7,8,5325.1,2
2026-09-15T23:11:37.2556196+09:00,windows-docker,load,0,49.13,27010.9,38385,719.6,8,5326.1,2
2026-09-15T23:11:38.4839903+09:00,windows-docker,load,0,42.9,27016.7,38379.2,719.7,8,5328,2
2026-09-15T23:11:39.7112919+09:00,windows-docker,load,0,41.93,27014.5,38381.4,719.8,8,5328.3,2
2026-09-15T23:11:40.9412436+09:00,windows-docker,load,0,44.24,27012.9,38383,719.8,8,5328.3,2
2026-09-15T23:11:42.1622736+09:00,windows-docker,load,0,44.99,27011.6,38384.3,719.2,8,5328.4,2
2026-09-15T23:11:43.3619357+09:00,windows-docker,load,0,41.79,27011.7,38384.2,719.2,8,5328.5,2
2026-09-15T23:11:44.5757793+09:00,windows-docker,load,0,41.99,27007.9,38388,719.2,8,5328.5,2
2026-09-15T23:11:45.7809549+09:00,windows-docker,load,0,41.95,27002.1,38393.8,719.2,8,5328.5,2
2026-09-15T23:11:47.0124383+09:00,windows-docker,load,0,47.3,27005.6,38390.3,718.4,8,5328.8,2
2026-09-15T23:11:48.2183219+09:00,windows-docker,load,0,45.74,27002.7,38393.2,718.5,8,5328.8,2
2026-09-15T23:11:49.4387379+09:00,windows-docker,load,0,48.06,27003.1,38392.8,718.4,8,5328.8,2
2026-09-15T23:11:50.6727572+09:00,windows-docker,load,0,45.51,27005.4,38390.5,718.4,8,5328.8,2
2026-09-15T23:11:51.8967630+09:00,windows-docker,load,0,44,27011.6,38384.3,718.6,8,5328.8,2
2026-09-15T23:11:53.1054207+09:00,windows-docker,load,0,42.83,27008.2,38387.7,718.5,8,5328.8,2
2026-09-15T23:11:54.3373431+09:00,windows-docker,load,0,41.84,27005.4,38390.5,718.5,8,5328.8,2
2026-09-15T23:11:55.5515638+09:00,windows-docker,load,0,40.82,27006.3,38389.6,718.5,8,5329.4,2
2026-09-15T23:11:56.7724088+09:00,windows-docker,load,0,44.58,27002.6,38393.3,720.1,8,5331.6,2
2026-09-15T23:11:57.9930577+09:00,windows-docker,load,0,41.76,27007.2,38388.7,719.1,8,5331.6,2
2026-09-15T23:11:59.1983926+09:00,windows-docker,load,0,42.98,27019.4,38376.5,719.2,8,5331.6,2
2026-09-15T23:12:00.4087614+09:00,windows-docker,load,0,43.49,27009.6,38386.3,719.2,8,5331.9,2
2026-09-15T23:12:01.6217068+09:00,windows-docker,load,0,47.37,27009.6,38386.3,717.7,8,5332,2
2026-09-15T23:12:02.8368092+09:00,windows-docker,load,0,43.01,27007.5,38388.4,717.7,8,5332.8,2
2026-09-15T23:12:04.0502830+09:00,windows-docker,load,0,42.16,27008.7,38387.2,719.1,8,5335.5,2
2026-09-15T23:12:05.2487018+09:00,windows-docker,load,0,43.61,27018.1,38377.8,719.9,8,5336.7,2
2026-09-15T23:12:06.4531148+09:00,windows-docker,load,0,42.54,27025.5,38370.4,719.9,8,5340.7,2
2026-09-15T23:12:07.6754611+09:00,windows-docker,load,0,43.57,27034.9,38361,720.3,8,5341.6,2
2026-09-15T23:12:08.8795662+09:00,windows-docker,load,0,26.51,26895.3,38500.6,720.5,8,5341.6,2
2026-09-15T23:12:10.0345254+09:00,windows-docker,load,0,6.48,26882.9,38513,720.7,8,5341.6,2
2026-09-15T23:12:11.1873684+09:00,windows-docker,load,0,4.48,26891.5,38504.4,722.5,8,5341.6,2
2026-09-15T23:12:59.9785684+09:00,windows-wip,baseline,1,1.76,26200,39195.9,98.4,6,5186.3,2
2026-09-15T23:13:01.4104282+09:00,windows-wip,baseline,1,1.25,26192.6,39203.3,98.4,6,5186.4,2
2026-09-15T23:13:02.6060944+09:00,windows-wip,baseline,1,5.34,26030,39365.9,98.5,6,5153.7,2
2026-09-15T23:13:03.7723134+09:00,windows-wip,baseline,1,2.92,26022.4,39373.5,98.7,6,5153.7,2
2026-09-15T23:13:04.8774841+09:00,windows-wip,baseline,1,6.56,26027.2,39368.7,99.1,6,5141,2
2026-09-15T23:13:05.9926838+09:00,windows-wip,baseline,1,3.82,26013.4,39382.5,99.1,6,5141,2
2026-09-15T23:13:07.1141441+09:00,windows-wip,baseline,1,5.94,26018.6,39377.3,99.1,6,5134.1,2
2026-09-15T23:13:08.2844052+09:00,windows-wip,baseline,1,3.16,26033.2,39362.7,99.1,6,5134.1,2
2026-09-15T23:13:09.4336152+09:00,windows-wip,baseline,1,6.32,26011.8,39384.1,99.1,6,5122.6,2
2026-09-15T23:13:10.5511470+09:00,windows-wip,baseline,1,3.38,26013.6,39382.3,99.1,6,5122.7,2
2026-09-15T23:13:11.6551584+09:00,windows-wip,baseline,1,6.08,26020.8,39375.1,99.1,6,5122.7,2
2026-09-15T23:13:12.7780595+09:00,windows-wip,baseline,1,4.82,26024.5,39371.4,99.1,6,5122.7,2
2026-09-15T23:13:13.9616245+09:00,windows-wip,baseline,1,15.13,26020.4,39375.5,99,6,5122.7,2
2026-09-15T23:13:15.1851766+09:00,windows-wip,baseline,1,8.22,26020.6,39375.3,99,6,5122.7,2
2026-09-15T23:13:16.3663977+09:00,windows-wip,baseline,1,8.89,26021.2,39374.7,99,6,5116.9,2
2026-09-15T23:13:17.5482715+09:00,windows-wip,baseline,1,13.9,25860.7,39535.2,48.7,2,5117,2
2026-09-15T23:13:18.7187331+09:00,windows-wip,baseline,1,11.74,25439.6,39956.3,48.7,2,3870.1,2
2026-09-15T23:13:19.8962065+09:00,windows-wip,baseline,1,1.78,25435.1,39960.8,48.7,2,3870.1,2
2026-09-15T23:13:21.0753495+09:00,windows-wip,baseline,1,7.19,25214.9,40181,48.7,2,3606.4,2
2026-09-15T23:13:22.2381404+09:00,windows-wip,baseline,1,9.99,24960.8,40435.1,48.7,2,3606.4,2
2026-09-15T23:13:23.4205855+09:00,windows-wip,baseline,1,10.1,24743.6,40652.3,48.7,2,3417.2,2
2026-09-15T23:13:24.5618519+09:00,windows-wip,baseline,1,3.42,24742.9,40653,48.7,2,3417.2,2
2026-09-15T23:13:25.7489094+09:00,windows-wip,baseline,1,6.43,24726.8,40669.1,48.7,2,3322.5,2
2026-09-15T23:13:26.9313201+09:00,windows-wip,baseline,1,1.43,24723.4,40672.5,48.7,2,3251.7,2
2026-09-15T23:13:28.0966123+09:00,windows-wip,baseline,1,1.95,24720.9,40675,48.7,2,3251.7,2
2026-09-15T23:13:29.2915668+09:00,windows-wip,baseline,1,3.03,24710.7,40685.2,48.7,2,3222.6,2
2026-09-15T23:13:30.3823741+09:00,windows-wip,baseline,1,4.82,24705.5,40690.4,48.7,2,3222.6,2
2026-09-15T23:13:31.4914917+09:00,windows-wip,baseline,1,3.9,24705.1,40690.8,48.7,2,3217.9,2
2026-09-15T23:13:32.6301107+09:00,windows-wip,baseline,1,9.49,23741.1,41654.8,48.7,2,3217.9,2
2026-09-15T23:13:33.7233743+09:00,windows-wip,baseline,1,5.14,23747.3,41648.6,48.7,2,3217.9,2
2026-09-15T23:13:34.8876982+09:00,windows-wip,baseline,1,5.69,23743.6,41652.3,48.7,2,3217.9,2
2026-09-15T23:13:36.0349057+09:00,windows-wip,baseline,1,2.11,23736.8,41659.1,48.7,2,3217.9,2
2026-09-15T23:13:37.2059346+09:00,windows-wip,baseline,1,3.35,23736.7,41659.2,48.7,2,3217.8,2
2026-09-15T23:13:38.3416751+09:00,windows-wip,baseline,1,0.75,23730.2,41665.7,48.7,2,3217.8,2
2026-09-15T23:13:39.5815724+09:00,windows-wip,baseline,1,0.86,23738.4,41657.5,48.7,2,3217.8,2
2026-09-15T23:13:40.7695630+09:00,windows-wip,baseline,1,2.19,23736.7,41659.2,48.7,2,3217.8,2
2026-09-15T23:13:41.9378535+09:00,windows-wip,baseline,1,3.88,23740.4,41655.5,48.7,2,3217.8,2
2026-09-15T23:13:43.1187368+09:00,windows-wip,baseline,1,4.21,23737.5,41658.4,48.7,2,3217.8,2
2026-09-15T23:13:44.3156464+09:00,windows-wip,baseline,1,6.92,23738,41657.9,48.7,2,3217.8,2
2026-09-15T23:13:45.4270579+09:00,windows-wip,baseline,1,4.56,23742,41653.9,48.7,2,3217.8,2
2026-09-15T23:13:46.6005442+09:00,windows-wip,baseline,1,5.18,23741.4,41654.5,48.7,2,3217.8,2
2026-09-15T23:13:47.7257355+09:00,windows-wip,baseline,1,5.43,23763.4,41632.5,48.7,2,3217.8,2
2026-09-15T23:13:48.9181093+09:00,windows-wip,baseline,1,11.21,23760.9,41635,48.7,2,3217.8,2
2026-09-15T23:13:50.0657333+09:00,windows-wip,baseline,1,4.98,23763.2,41632.7,48.7,2,3217.8,2
2026-09-15T23:13:51.2650977+09:00,windows-wip,baseline,1,1.68,23743,41652.9,48.7,2,3207.1,2
2026-09-15T23:13:52.4230656+09:00,windows-wip,baseline,1,5.65,23744.5,41651.4,48.7,2,3207.1,2
2026-09-15T23:13:53.6099772+09:00,windows-wip,baseline,1,5.06,23738.6,41657.3,48.7,2,3207.1,2
2026-09-15T23:13:54.7615581+09:00,windows-wip,baseline,1,5.56,23743.6,41652.3,48.7,2,3207.1,2
2026-09-15T23:13:55.9590776+09:00,windows-wip,baseline,1,3.98,23738.8,41657.1,48.7,2,3207.1,2
2026-09-15T23:13:57.1150741+09:00,windows-wip,baseline,1,1.28,23742.4,41653.5,48.7,2,3207.1,2
2026-09-15T23:13:58.2965341+09:00,windows-wip,baseline,1,4.71,23744.8,41651.1,48.7,2,3207.1,2
2026-09-15T23:13:59.4013707+09:00,windows-wip,baseline,1,3.15,23746.4,41649.5,48.7,2,3207.1,2
2026-09-15T23:14:02.7181020+09:00,windows-wip,infra_idle,1,3.26,25122.8,40273.1,75.5,4,4409.7,4
2026-09-15T23:14:04.1536238+09:00,windows-wip,infra_idle,1,4.74,25117,40278.9,75.5,4,4409.7,4
2026-09-15T23:14:05.3025848+09:00,windows-wip,infra_idle,1,2.91,25125.9,40270,75.5,4,4410.1,4
2026-09-15T23:14:06.4606074+09:00,windows-wip,infra_idle,1,5.06,25134.5,40261.4,75.5,4,4409.9,4
2026-09-15T23:14:07.5942973+09:00,windows-wip,infra_idle,1,1.49,25121.6,40274.3,75.5,4,4410,4
2026-09-15T23:14:08.7762836+09:00,windows-wip,infra_idle,1,4.51,25154.7,40241.2,75.5,4,4410,4
2026-09-15T23:14:09.9678305+09:00,windows-wip,infra_idle,1,6.34,25150.1,40245.8,75.5,4,4410,4
2026-09-15T23:14:11.1286175+09:00,windows-wip,infra_idle,1,3.47,25155.2,40240.7,75.5,4,4410.2,4
2026-09-15T23:14:12.2903437+09:00,windows-wip,infra_idle,1,5.71,25198,40197.9,75.5,4,4444.3,4
2026-09-15T23:14:13.4108864+09:00,windows-wip,infra_idle,1,4.99,25185.5,40210.4,75.5,4,4444.3,4
2026-09-15T23:14:14.5360166+09:00,windows-wip,infra_idle,1,3.34,25145.2,40250.7,75.5,4,3480.9,4
2026-09-15T23:14:15.6742602+09:00,windows-wip,infra_idle,1,3.53,25131.2,40264.7,75.5,4,3480.9,4
2026-09-15T23:14:16.8667116+09:00,windows-wip,infra_idle,1,3.4,25141.8,40254.1,75.5,4,3240.1,4
2026-09-15T23:14:18.0368649+09:00,windows-wip,infra_idle,1,14.76,21819.5,43576.4,64.6,3,1221.4,3
2026-09-15T23:14:19.2053598+09:00,windows-wip,infra_idle,1,7.67,21766.1,43629.8,64.6,3,1203.1,2
2026-09-15T23:14:20.3537932+09:00,windows-wip,infra_idle,1,2.95,21765.2,43630.7,64.6,3,1203.1,2
2026-09-15T23:14:21.5195459+09:00,windows-wip,infra_idle,1,2.25,21769.7,43626.2,64.6,3,1203.1,2
2026-09-15T23:14:22.6818386+09:00,windows-wip,infra_idle,1,10.24,21775.7,43620.2,64.6,3,1203.1,2
2026-09-15T23:14:23.8495918+09:00,windows-wip,infra_idle,1,3.71,21763.4,43632.5,64.6,3,1203.1,2
2026-09-15T23:14:24.9395113+09:00,windows-wip,infra_idle,1,5.17,21764.2,43631.7,64.6,3,1203.1,2
2026-09-15T23:14:26.0914349+09:00,windows-wip,infra_idle,1,5.33,21762.4,43633.5,64.6,3,1203.1,2
2026-09-15T23:14:27.2720448+09:00,windows-wip,infra_idle,1,2.2,21763.7,43632.2,64.6,3,1202.8,2
2026-09-15T23:14:28.4061151+09:00,windows-wip,infra_idle,1,3.12,21755.7,43640.2,64.5,3,1202.8,2
2026-09-15T23:14:29.5116621+09:00,windows-wip,infra_idle,1,4.99,21764.4,43631.5,64.5,3,1202.8,2
2026-09-15T23:14:30.6566318+09:00,windows-wip,infra_idle,1,7.41,21732,43663.9,64.1,3,1202.8,2
2026-09-15T23:14:31.7655886+09:00,windows-wip,infra_idle,1,14.24,21651,43744.9,64.4,3,1196,2
2026-09-15T23:14:33.0787162+09:00,windows-wip,infra_idle,1,8.62,20363.8,45032.1,54.1,2,,0
2026-09-15T23:14:34.2749070+09:00,windows-wip,infra_idle,1,1.69,20362.8,45033.1,54.1,2,,0
2026-09-15T23:14:35.4448183+09:00,windows-wip,infra_idle,1,7.19,20356.5,45039.4,54.1,2,,0
2026-09-15T23:14:36.6389852+09:00,windows-wip,infra_idle,1,2.53,20360.8,45035.1,54.1,2,,0
2026-09-15T23:14:37.7317703+09:00,windows-wip,infra_idle,1,3.28,20361.7,45034.2,54.1,2,,0
2026-09-15T23:14:38.9278380+09:00,windows-wip,infra_idle,1,2.44,20361.3,45034.6,54.1,2,,0
2026-09-15T23:14:40.0638411+09:00,windows-wip,infra_idle,1,4.03,20364.9,45031,54.1,2,,0
2026-09-15T23:14:41.2552582+09:00,windows-wip,infra_idle,1,3.11,20361.7,45034.2,54.1,2,,0
2026-09-15T23:14:42.3592669+09:00,windows-wip,infra_idle,1,3.53,20367.3,45028.6,54.1,2,,0
2026-09-15T23:14:43.5356084+09:00,windows-wip,infra_idle,1,4.98,20367.5,45028.4,54.1,2,,0
2026-09-15T23:14:44.6602236+09:00,windows-wip,infra_idle,1,8.79,20366.6,45029.3,54.1,2,,0
2026-09-15T23:14:45.8590695+09:00,windows-wip,infra_idle,1,2.92,20365.5,45030.4,54.1,2,,0
2026-09-15T23:14:46.9634935+09:00,windows-wip,infra_idle,1,10.6,20371.8,45024.1,54.1,2,,0
2026-09-15T23:14:48.1407892+09:00,windows-wip,infra_idle,1,10.64,20377,45018.9,54.1,2,,0
2026-09-15T23:14:49.2919633+09:00,windows-wip,infra_idle,1,12.11,20363.8,45032.1,54.1,2,,0
2026-09-15T23:14:50.4756575+09:00,windows-wip,infra_idle,1,7.86,20360.1,45035.8,54.1,2,,0
2026-09-15T23:14:51.5792087+09:00,windows-wip,infra_idle,1,3.57,20364,45031.9,54.1,2,,0
2026-09-15T23:14:52.7816304+09:00,windows-wip,infra_idle,1,4.01,20371.7,45024.2,54.1,2,,0
2026-09-15T23:14:53.9303585+09:00,windows-wip,infra_idle,1,5.08,20380,45015.9,54.1,2,,0
2026-09-15T23:14:55.1127085+09:00,windows-wip,infra_idle,1,1.75,20351.4,45044.5,54.1,2,,0
2026-09-15T23:14:56.2404531+09:00,windows-wip,infra_idle,1,5.14,20353.8,45042.1,54.1,2,,0
2026-09-15T23:14:57.4258743+09:00,windows-wip,infra_idle,1,3.15,20349,45046.9,54.1,2,,0
2026-09-15T23:14:58.5286127+09:00,windows-wip,infra_idle,1,3.46,20349.6,45046.3,54.1,2,,0
2026-09-15T23:14:59.7085135+09:00,windows-wip,infra_idle,1,2.55,20351.4,45044.5,54,2,,0
2026-09-15T23:15:00.8484934+09:00,windows-wip,infra_idle,1,2.95,20342.3,45053.6,54,2,,0
2026-09-15T23:15:02.0400212+09:00,windows-wip,infra_idle,1,3.6,20341.4,45054.5,54,2,,0
2026-09-15T23:15:05.9620973+09:00,windows-wip,app_idle,1,2.2,21831.8,43564.1,64.8,3,1299.3,2
2026-09-15T23:15:07.4166160+09:00,windows-wip,app_idle,1,6.01,21825.1,43570.8,64.8,3,1298.9,2
2026-09-15T23:15:08.5718809+09:00,windows-wip,app_idle,1,3.41,21818.9,43577,64.8,3,1299.6,2
2026-09-15T23:15:09.6699865+09:00,windows-wip,app_idle,1,6.1,21824.3,43571.6,64.8,3,1298.2,2
2026-09-15T23:15:11.0117405+09:00,windows-wip,app_idle,1,10.01,21827.1,43568.8,64.8,3,1297.5,2
2026-09-15T23:15:12.2000430+09:00,windows-wip,app_idle,1,9.19,21837.6,43558.3,64.8,3,1297.5,2
2026-09-15T23:15:13.4359839+09:00,windows-wip,app_idle,1,12.31,21831.2,43564.7,64.8,3,1297,2
2026-09-15T23:15:14.6167200+09:00,windows-wip,app_idle,1,4.73,21832,43563.9,64.8,3,1297,2
2026-09-15T23:15:15.7099802+09:00,windows-wip,app_idle,1,4.94,21836.1,43559.8,64.8,3,1296.9,2
2026-09-15T23:15:16.8044090+09:00,windows-wip,app_idle,1,5.77,21838.9,43557,64.8,3,1296.9,2
2026-09-15T23:15:17.9458264+09:00,windows-wip,app_idle,1,10.52,21843,43552.9,64.8,3,1296.9,2
2026-09-15T23:15:19.1121580+09:00,windows-wip,app_idle,1,6.09,21835.6,43560.3,64.8,3,1296.9,2
2026-09-15T23:15:20.2622128+09:00,windows-wip,app_idle,1,4.34,21841.9,43554,64.8,3,1296.9,2
2026-09-15T23:15:21.4296405+09:00,windows-wip,app_idle,1,3.81,21840.3,43555.6,64.8,3,1296.8,2
2026-09-15T23:15:22.5511116+09:00,windows-wip,app_idle,1,6.77,21848.3,43547.6,64.8,3,1296.8,2
2026-09-15T23:15:23.6980978+09:00,windows-wip,app_idle,1,4.9,21850.2,43545.7,64.8,3,1296.8,2
2026-09-15T23:15:24.8362977+09:00,windows-wip,app_idle,1,3.88,21853.6,43542.3,64.8,3,1296.8,2
2026-09-15T23:15:25.9413006+09:00,windows-wip,app_idle,1,3.11,21852.6,43543.3,64.8,3,1296.7,2
2026-09-15T23:15:27.0754318+09:00,windows-wip,app_idle,1,3.16,21861.8,43534.1,64.8,3,1296.7,2
2026-09-15T23:15:28.2419155+09:00,windows-wip,app_idle,1,2.48,21863.6,43532.3,64.8,3,1296.7,2
2026-09-15T23:15:29.3682580+09:00,windows-wip,app_idle,1,3.46,21873.3,43522.6,64.8,3,1296.7,2
2026-09-15T23:15:30.5439556+09:00,windows-wip,app_idle,1,5.64,21876.7,43519.2,64.8,3,1296.7,2
2026-09-15T23:15:31.6334733+09:00,windows-wip,app_idle,1,5.29,21875.1,43520.8,64.8,3,1296.7,2
2026-09-15T23:15:32.7732959+09:00,windows-wip,app_idle,1,6.45,21847.2,43548.7,64.8,3,1296.7,2
2026-09-15T23:15:33.8881516+09:00,windows-wip,app_idle,1,7.86,21854.5,43541.4,64.8,3,1296.7,2
2026-09-15T23:15:35.0312547+09:00,windows-wip,app_idle,1,6.52,21849.4,43546.5,64.8,3,1296.8,2
2026-09-15T23:15:36.1760517+09:00,windows-wip,app_idle,1,2.58,21853.6,43542.3,64.8,3,1296.8,2
2026-09-15T23:15:37.3550580+09:00,windows-wip,app_idle,1,4.58,21853.8,43542.1,64.8,3,1296.8,2
2026-09-15T23:15:38.5038446+09:00,windows-wip,app_idle,1,4.15,21854.3,43541.6,64.8,3,1296.8,2
2026-09-15T23:15:39.5964819+09:00,windows-wip,app_idle,1,2.67,21850.7,43545.2,64.8,3,1296.8,2
2026-09-15T23:15:40.7477900+09:00,windows-wip,app_idle,1,6.4,21855.2,43540.7,64.8,3,1296.8,2
2026-09-15T23:15:41.8377673+09:00,windows-wip,app_idle,1,4.39,21850.5,43545.4,64.8,3,1296.8,2
2026-09-15T23:15:42.9598245+09:00,windows-wip,app_idle,1,7.05,21852.4,43543.5,64.8,3,1296.8,2
2026-09-15T23:15:44.0793513+09:00,windows-wip,app_idle,1,4.22,21845.7,43550.2,64.8,3,1296.8,2
2026-09-15T23:15:45.2169038+09:00,windows-wip,app_idle,1,5.13,21854.9,43541,64.8,3,1296.8,2
2026-09-15T23:15:46.3690331+09:00,windows-wip,app_idle,1,2.22,21854.9,43541,64.8,3,1296.8,2
2026-09-15T23:15:47.4774659+09:00,windows-wip,app_idle,1,11.01,21863.2,43532.7,64.8,3,1296.8,2
2026-09-15T23:15:48.6347792+09:00,windows-wip,app_idle,1,8.12,21864.1,43531.8,64.8,3,1296.8,2
2026-09-15T23:15:49.7996196+09:00,windows-wip,app_idle,1,6.35,21865.7,43530.2,64.8,3,1296.8,2
2026-09-15T23:15:50.9076977+09:00,windows-wip,app_idle,1,6.24,21863.7,43532.2,64.8,3,1296.8,2
2026-09-15T23:15:52.0223274+09:00,windows-wip,app_idle,1,7.15,21869.2,43526.7,64.8,3,1296.8,2
2026-09-15T23:15:53.1324387+09:00,windows-wip,app_idle,1,4.72,21867.4,43528.5,64.8,3,1296.8,2
2026-09-15T23:15:54.2604913+09:00,windows-wip,app_idle,1,5.29,21872.5,43523.4,64.8,3,1296.8,2
2026-09-15T23:15:55.4154571+09:00,windows-wip,app_idle,1,8.58,21869.9,43526,64.8,3,1296.8,2
2026-09-15T23:15:56.5688284+09:00,windows-wip,app_idle,1,6.27,21879.6,43516.3,64.8,3,1296.8,2
2026-09-15T23:15:57.7178508+09:00,windows-wip,app_idle,1,5.96,21854.6,43541.3,64.8,3,1296.8,2
2026-09-15T23:15:58.8212807+09:00,windows-wip,app_idle,1,3.88,21852.5,43543.4,64.8,3,1296.6,2
2026-09-15T23:15:59.9755141+09:00,windows-wip,app_idle,1,3.37,21858.1,43537.8,64.8,3,1296.6,2
2026-09-15T23:16:01.1381235+09:00,windows-wip,app_idle,1,3.89,21864.2,43531.7,64.8,3,1296.6,2
2026-09-15T23:16:02.2610583+09:00,windows-wip,app_idle,1,3.69,21856.5,43539.4,64.8,3,1296.5,2
2026-09-15T23:16:03.4032981+09:00,windows-wip,app_idle,1,4.19,21858.1,43537.8,64.8,3,1296.4,2
2026-09-15T23:16:04.5326479+09:00,windows-wip,app_idle,1,2.75,21854.7,43541.2,64.8,3,1296.4,2
2026-09-15T23:16:05.6464314+09:00,windows-wip,app_idle,1,6.36,21853.7,43542.2,64.8,3,1296.4,2
2026-09-15T23:16:07.0325013+09:00,windows-wip,load,1,17.26,21924.9,43471,64.8,3,1306.6,2
2026-09-15T23:16:08.5382548+09:00,windows-wip,load,1,17.79,21937.5,43458.4,64.8,3,1306.6,2
2026-09-15T23:16:09.6946799+09:00,windows-wip,load,1,18.14,21941.6,43454.3,64.8,3,1306.6,2
2026-09-15T23:16:10.8689499+09:00,windows-wip,load,1,20.37,21945.5,43450.4,64.8,3,1306.7,2
2026-09-15T23:16:12.0529899+09:00,windows-wip,load,1,21.43,21946.2,43449.7,64.8,3,1306.7,2
2026-09-15T23:16:13.2227151+09:00,windows-wip,load,1,21.02,21948.6,43447.3,64.8,3,1306.7,2
2026-09-15T23:16:14.3889101+09:00,windows-wip,load,1,21.07,21951.7,43444.2,64.7,3,1306.7,2
2026-09-15T23:16:15.5596174+09:00,windows-wip,load,1,22.09,21979.1,43416.8,64.7,3,1306.7,2
2026-09-15T23:16:16.6725098+09:00,windows-wip,load,1,21.18,21985.3,43410.6,64.7,3,1306.7,2
2026-09-15T23:16:17.8370635+09:00,windows-wip,load,1,22.34,21978.7,43417.2,64.7,3,1306.7,2
2026-09-15T23:16:19.0262812+09:00,windows-wip,load,1,22.36,21982.7,43413.2,64.7,3,1306.7,2
2026-09-15T23:16:20.1902302+09:00,windows-wip,load,1,19.68,21986.3,43409.6,64.7,3,1306.7,2
2026-09-15T23:16:21.3604221+09:00,windows-wip,load,1,21.77,21987.4,43408.5,64.7,3,1306.7,2
2026-09-15T23:16:22.5221222+09:00,windows-wip,load,1,21.04,21990.6,43405.3,64.7,3,1306.7,2
2026-09-15T23:16:23.6951541+09:00,windows-wip,load,1,17.48,21995.5,43400.4,64.7,3,1306.7,2
2026-09-15T23:16:24.8700671+09:00,windows-wip,load,1,22.32,21992,43403.9,64.7,3,1306.8,2
2026-09-15T23:16:26.0550656+09:00,windows-wip,load,1,21.06,21998.2,43397.7,64.7,3,1312.1,2
2026-09-15T23:16:27.2178146+09:00,windows-wip,load,1,19.78,21998.6,43397.3,64.7,3,1312.2,2
2026-09-15T23:16:28.4016186+09:00,windows-wip,load,1,19.94,22000.3,43395.6,64.7,3,1312.2,2
2026-09-15T23:16:29.5668329+09:00,windows-wip,load,1,20.7,22000.5,43395.4,64.7,3,1312.2,2
2026-09-15T23:16:30.6806298+09:00,windows-wip,load,1,25.64,22007.1,43388.8,64.7,3,1312.2,2
2026-09-15T23:16:31.8577193+09:00,windows-wip,load,1,26.5,22000.6,43395.3,64.7,3,1312.2,2
2026-09-15T23:16:32.9765944+09:00,windows-wip,load,1,20.66,22003.9,43392,64.7,3,1312.3,2
2026-09-15T23:16:34.1582748+09:00,windows-wip,load,1,26.44,21999.5,43396.4,64.7,3,1312.3,2
2026-09-15T23:16:35.3339160+09:00,windows-wip,load,1,20.49,22001.5,43394.4,64.7,3,1312.3,2
2026-09-15T23:16:36.5135781+09:00,windows-wip,load,1,20.24,22018.2,43377.7,64.7,3,1312.3,2
2026-09-15T23:16:37.6868850+09:00,windows-wip,load,1,17.95,22019.8,43376.1,64.7,3,1312.3,2
2026-09-15T23:16:38.8530829+09:00,windows-wip,load,1,21.1,22021,43374.9,64.7,3,1312.3,2
2026-09-15T23:16:40.0173493+09:00,windows-wip,load,1,21.77,22028.4,43367.5,64.7,3,1312.3,2
2026-09-15T23:16:41.2014658+09:00,windows-wip,load,1,19.49,22028.9,43367,64.7,3,1312.3,2
2026-09-15T23:16:42.3846262+09:00,windows-wip,load,1,20.37,22029.4,43366.5,64.6,3,1312.3,2
2026-09-15T23:16:43.5553123+09:00,windows-wip,load,1,17.18,22031,43364.9,64.6,3,1312.4,2
2026-09-15T23:16:44.6916998+09:00,windows-wip,load,1,17.96,22034.6,43361.3,64.6,3,1312.4,2
2026-09-15T23:16:45.8747585+09:00,windows-wip,load,1,21.73,22036.4,43359.5,64.6,3,1312.4,2
2026-09-15T23:16:47.0403439+09:00,windows-wip,load,1,23.18,22045.4,43350.5,64.6,3,1312.4,2
2026-09-15T23:16:48.2039898+09:00,windows-wip,load,1,23.62,22040,43355.9,64.6,3,1312.4,2
2026-09-15T23:16:49.3811425+09:00,windows-wip,load,1,23.17,22046.9,43349,64.6,3,1312.4,2
2026-09-15T23:16:50.4888379+09:00,windows-wip,load,1,21.43,22043.5,43352.4,64.6,3,1312.4,2
2026-09-15T23:16:51.6427125+09:00,windows-wip,load,1,21.55,22047.5,43348.4,64.6,3,1312.4,2
2026-09-15T23:16:52.7801193+09:00,windows-wip,load,1,21.98,22055.6,43340.3,64.6,3,1312.4,2
2026-09-15T23:16:53.9603182+09:00,windows-wip,load,1,19.1,22028.7,43367.2,64.6,3,1312.4,2
2026-09-15T23:16:55.0664406+09:00,windows-wip,load,1,24.23,22027.2,43368.7,64.6,3,1312.4,2
2026-09-15T23:16:56.2149946+09:00,windows-wip,load,1,21.57,22028.9,43367,64.6,3,1312.6,2
2026-09-15T23:16:57.3869179+09:00,windows-wip,load,1,21.41,22032.7,43363.2,64.6,3,1312.6,2
2026-09-15T23:16:58.5629353+09:00,windows-wip,load,1,17.37,22031.5,43364.4,64.6,3,1312.6,2
2026-09-15T23:16:59.7517060+09:00,windows-wip,load,1,21.42,22016.7,43379.2,64.6,3,1312.6,2
2026-09-15T23:17:00.8620739+09:00,windows-wip,load,1,19.95,22019.9,43376,64.6,3,1312.6,2
2026-09-15T23:17:02.1265859+09:00,windows-wip,load,1,20.98,22016.7,43379.2,64.6,3,1312.6,2
2026-09-15T23:17:03.3228225+09:00,windows-wip,load,1,21.26,22012.1,43383.8,64.6,3,1312.6,2
2026-09-15T23:17:04.5729207+09:00,windows-wip,load,1,16.69,22016.7,43379.2,64.6,3,1312.6,2
2026-09-15T23:17:05.7833126+09:00,windows-wip,load,1,22.52,22028.1,43367.8,64.6,3,1312.6,2
2026-09-15T23:17:06.9821953+09:00,windows-wip,load,1,15.2,22029,43366.9,64.6,3,1312.6,2
2026-09-15T23:17:08.1739298+09:00,windows-wip,load,1,19.03,22025.8,43370.1,64.6,3,1312.7,2
2026-09-15T23:17:09.3925117+09:00,windows-wip,load,1,21.01,22028,43367.9,64.6,3,1312.7,2
2026-09-15T23:17:10.5732755+09:00,windows-wip,load,1,18.2,22035.1,43360.8,64.6,3,1312.7,2
2026-09-15T23:17:11.7761930+09:00,windows-wip,load,1,17.59,22030.2,43365.7,64.6,3,1312.7,2
2026-09-15T23:17:12.9547021+09:00,windows-wip,load,1,18.39,22033.1,43362.8,64.6,3,1312.7,2
2026-09-15T23:17:14.1170561+09:00,windows-wip,load,1,19.32,22044,43351.9,64.6,3,1312.7,2
2026-09-15T23:17:15.2245724+09:00,windows-wip,load,1,19.88,22044.7,43351.2,64.6,3,1312.7,2
2026-09-15T23:17:16.4155294+09:00,windows-wip,load,1,21.05,22039.5,43356.4,64.6,3,1312.7,2
2026-09-15T23:17:17.5980206+09:00,windows-wip,load,1,22.49,22053,43342.9,64.6,3,1312.6,2
2026-09-15T23:17:18.7765602+09:00,windows-wip,load,1,24,22052,43343.9,64.6,3,1312.6,2
2026-09-15T23:17:19.9599301+09:00,windows-wip,load,1,18.31,22077.7,43318.2,64.6,3,1312.6,2
2026-09-15T23:17:21.1370280+09:00,windows-wip,load,1,19.95,22082.5,43313.4,64.6,3,1312.7,2
2026-09-15T23:17:22.2400343+09:00,windows-wip,load,1,19.86,22083.6,43312.3,64.6,3,1312.7,2
2026-09-15T23:17:23.3883068+09:00,windows-wip,load,1,22.62,22084.9,43311,64.6,3,1312.7,2
2026-09-15T23:17:24.5653353+09:00,windows-wip,load,1,17.32,22087.3,43308.6,64.6,3,1312.7,2
2026-09-15T23:17:25.7561779+09:00,windows-wip,load,1,20.11,22090.1,43305.8,64.6,3,1312.7,2
2026-09-15T23:17:26.8652222+09:00,windows-wip,load,1,20.04,22091.2,43304.7,64.6,3,1312.7,2
2026-09-15T23:17:28.0323666+09:00,windows-wip,load,1,20.87,22097.4,43298.5,64.6,3,1312.7,2
2026-09-15T23:17:29.1433401+09:00,windows-wip,load,1,19.1,22100.3,43295.6,64.6,3,1312.7,2
2026-09-15T23:17:30.3024166+09:00,windows-wip,load,1,19.64,22085.2,43310.7,64.6,3,1312.7,2
2026-09-15T23:17:31.4649162+09:00,windows-wip,load,1,19.77,22083.2,43312.7,64.6,3,1312.7,2
2026-09-15T23:17:32.6438865+09:00,windows-wip,load,1,20.32,22102.4,43293.5,64.6,3,1325.7,2
2026-09-15T23:17:33.8191746+09:00,windows-wip,load,1,21.65,22096.9,43299,64.6,3,1325.8,2
2026-09-15T23:17:34.9902253+09:00,windows-wip,load,1,18.24,22105.4,43290.5,64.6,3,1326,2
2026-09-15T23:17:36.0942134+09:00,windows-wip,load,1,19.04,22102.7,43293.2,64.6,3,1326,2
2026-09-15T23:17:37.2632781+09:00,windows-wip,load,1,19.39,22101.9,43294,64.6,3,1326,2
2026-09-15T23:17:38.4411692+09:00,windows-wip,load,1,21.9,22099.5,43296.4,64.6,3,1326,2
2026-09-15T23:17:39.6125382+09:00,windows-wip,load,1,18.42,22099,43296.9,64.6,3,1326,2
2026-09-15T23:17:40.7859257+09:00,windows-wip,load,1,19.73,22093.8,43302.1,64.6,3,1326,2
2026-09-15T23:17:41.9398677+09:00,windows-wip,load,1,18.77,22062,43333.9,64.6,3,1326,2
2026-09-15T23:17:43.1148010+09:00,windows-wip,load,1,21.43,22063.1,43332.8,64.6,3,1326,2
2026-09-15T23:17:44.2939750+09:00,windows-wip,load,1,17.62,22066.2,43329.7,64.6,3,1326,2
2026-09-15T23:17:45.5079869+09:00,windows-wip,load,1,24.27,22070.4,43325.5,64.6,3,1326,2
2026-09-15T23:17:46.6849323+09:00,windows-wip,load,1,23.18,22074.6,43321.3,64.6,3,1326,2
2026-09-15T23:17:47.8757371+09:00,windows-wip,load,1,22.66,22072.7,43323.2,64.6,3,1326,2
2026-09-15T23:17:49.0579251+09:00,windows-wip,load,1,19.77,22074.4,43321.5,64.6,3,1326,2
2026-09-15T23:17:50.2250850+09:00,windows-wip,load,1,20.89,22078.4,43317.5,64.6,3,1326,2
2026-09-15T23:17:51.3984556+09:00,windows-wip,load,1,17.73,22079.1,43316.8,64.6,3,1326,2
2026-09-15T23:17:52.5877224+09:00,windows-wip,load,1,22.06,22077.1,43318.8,64.6,3,1326,2
2026-09-15T23:17:53.7767179+09:00,windows-wip,load,1,23.6,22081.1,43314.8,64.6,3,1326,2
2026-09-15T23:17:54.9803315+09:00,windows-wip,load,1,20.64,22093.9,43302,64.6,3,1326,2
2026-09-15T23:17:56.1588078+09:00,windows-wip,load,1,21.16,22092.3,43303.6,64.6,3,1326,2
2026-09-15T23:17:57.3343358+09:00,windows-wip,load,1,18.84,22094.2,43301.7,64.6,3,1326,2
2026-09-15T23:17:58.4556747+09:00,windows-wip,load,1,20.1,22100.9,43295,64.6,3,1326,2
2026-09-15T23:17:59.5960192+09:00,windows-wip,load,1,22.3,22102.3,43293.6,64.6,3,1326,2
2026-09-15T23:18:00.7684080+09:00,windows-wip,load,1,20.38,22104.2,43291.7,64.6,3,1326,2
2026-09-15T23:18:01.9663747+09:00,windows-wip,load,1,25.55,22100.3,43295.6,64.6,3,1326,2
2026-09-15T23:18:03.0759841+09:00,windows-wip,load,1,18.77,22092.3,43303.6,64.6,3,1326,2
2026-09-15T23:18:04.2442501+09:00,windows-wip,load,1,22.51,22097.6,43298.3,64.6,3,1326,2
2026-09-15T23:18:05.3921772+09:00,windows-wip,load,1,24.01,22107.8,43288.1,64.6,3,1326,2
2026-09-15T23:18:06.5783783+09:00,windows-wip,load,1,17.47,21945.6,43450.3,64.6,3,1326,2
2026-09-15T23:18:07.7544029+09:00,windows-wip,load,1,7.32,21938.9,43457,64.6,3,1326,2
2026-09-15T23:18:08.8628500+09:00,windows-wip,load,1,9.93,21943.5,43452.4,64.6,3,1325.9,2
2026-09-15T23:18:12.1039501+09:00,windows-docker,baseline,1,0.47,20389.1,45006.8,,0,,0
2026-09-15T23:18:13.5258270+09:00,windows-docker,baseline,1,3.35,20399,44996.9,,0,,0
2026-09-15T23:18:14.6805701+09:00,windows-docker,baseline,1,3.7,20390.3,45005.6,,0,,0
2026-09-15T23:18:15.8139646+09:00,windows-docker,baseline,1,4.83,20395.8,45000.1,,0,,0
2026-09-15T23:18:16.9193857+09:00,windows-docker,baseline,1,6.32,20399,44996.9,,0,,0
2026-09-15T23:18:18.0534587+09:00,windows-docker,baseline,1,6.73,20399.5,44996.4,,0,,0
2026-09-15T23:18:19.2302467+09:00,windows-docker,baseline,1,4.94,20388.2,45007.7,,0,,0
2026-09-15T23:18:20.3957307+09:00,windows-docker,baseline,1,3.95,20384.8,45011.1,,0,,0
2026-09-15T23:18:21.5415241+09:00,windows-docker,baseline,1,4.58,20388.7,45007.2,,0,,0
2026-09-15T23:18:22.6874619+09:00,windows-docker,baseline,1,4.93,20384.2,45011.7,,0,,0
2026-09-15T23:18:23.8409957+09:00,windows-docker,baseline,1,4.68,20397.5,44998.4,,0,,0
2026-09-15T23:18:24.9995437+09:00,windows-docker,baseline,1,2.5,20392.7,45003.2,,0,,0
2026-09-15T23:18:26.1739727+09:00,windows-docker,baseline,1,3.97,20418.8,44977.1,,0,,0
2026-09-15T23:18:27.3512378+09:00,windows-docker,baseline,1,9.27,20413.2,44982.7,,0,,0
2026-09-15T23:18:28.5094965+09:00,windows-docker,baseline,1,3.67,20407.3,44988.6,,0,,0
2026-09-15T23:18:29.6905632+09:00,windows-docker,baseline,1,4.12,20411.7,44984.2,,0,,0
2026-09-15T23:18:30.8571973+09:00,windows-docker,baseline,1,4.24,20410.6,44985.3,,0,,0
2026-09-15T23:18:32.0255952+09:00,windows-docker,baseline,1,3.49,20415.3,44980.6,,0,,0
2026-09-15T23:18:33.1535369+09:00,windows-docker,baseline,1,3.48,20410.4,44985.5,,0,,0
2026-09-15T23:18:34.3376877+09:00,windows-docker,baseline,1,4.12,20413.2,44982.7,,0,,0
2026-09-15T23:18:35.4274855+09:00,windows-docker,baseline,1,2.46,20418.4,44977.5,,0,,0
2026-09-15T23:18:36.6000916+09:00,windows-docker,baseline,1,2.1,20413.8,44982.1,,0,,0
2026-09-15T23:18:37.7386899+09:00,windows-docker,baseline,1,7.48,20415.7,44980.2,,0,,0
2026-09-15T23:18:38.8679889+09:00,windows-docker,baseline,1,3.39,20412.6,44983.3,,0,,0
2026-09-15T23:18:40.0081160+09:00,windows-docker,baseline,1,6.9,20411.1,44984.8,,0,,0
2026-09-15T23:18:41.1315796+09:00,windows-docker,baseline,1,2.31,20405.3,44990.6,,0,,0
2026-09-15T23:18:42.2532694+09:00,windows-docker,baseline,1,4.07,20408,44987.9,,0,,0
2026-09-15T23:18:43.3512679+09:00,windows-docker,baseline,1,5.03,20408.4,44987.5,,0,,0
2026-09-15T23:18:44.4786918+09:00,windows-docker,baseline,1,3.77,20407.8,44988.1,,0,,0
2026-09-15T23:18:45.5839539+09:00,windows-docker,baseline,1,4.21,20411.7,44984.2,,0,,0
2026-09-15T23:18:46.7107815+09:00,windows-docker,baseline,1,4.97,20411.9,44984,,0,,0
2026-09-15T23:18:47.8711351+09:00,windows-docker,baseline,1,9.44,20419.2,44976.7,,0,,0
2026-09-15T23:18:49.0100330+09:00,windows-docker,baseline,1,9.48,20422.9,44973,,0,,0
2026-09-15T23:18:50.1265718+09:00,windows-docker,baseline,1,4.15,20418.4,44977.5,,0,,0
2026-09-15T23:18:51.2611974+09:00,windows-docker,baseline,1,3.25,20419.5,44976.4,,0,,0
2026-09-15T23:18:52.3794028+09:00,windows-docker,baseline,1,3.35,20422.2,44973.7,,0,,0
2026-09-15T23:18:53.4754508+09:00,windows-docker,baseline,1,5.75,20427.2,44968.7,,0,,0
2026-09-15T23:18:54.6080890+09:00,windows-docker,baseline,1,2.28,20424.3,44971.6,,0,,0
2026-09-15T23:18:55.7601282+09:00,windows-docker,baseline,1,11.02,20442.9,44953,,0,,0
2026-09-15T23:18:57.0660502+09:00,windows-docker,baseline,1,11.41,20425.3,44970.6,,0,,0
2026-09-15T23:18:58.2710970+09:00,windows-docker,baseline,1,14.3,20429,44966.9,,0,,0
2026-09-15T23:18:59.4452108+09:00,windows-docker,baseline,1,10.91,20444.1,44951.8,,0,,0
2026-09-15T23:19:00.6166220+09:00,windows-docker,baseline,1,10.86,20438.2,44957.7,,0,,0
2026-09-15T23:19:01.8004201+09:00,windows-docker,baseline,1,3.79,20436.7,44959.2,,0,,0
2026-09-15T23:19:02.9809314+09:00,windows-docker,baseline,1,6,20440,44955.9,,0,,0
2026-09-15T23:19:04.1514503+09:00,windows-docker,baseline,1,6.13,20446.6,44949.3,,0,,0
2026-09-15T23:19:05.3337964+09:00,windows-docker,baseline,1,5.46,20421.6,44974.3,,0,,0
2026-09-15T23:19:06.4728828+09:00,windows-docker,baseline,1,7.98,20423.7,44972.2,,0,,0
2026-09-15T23:19:07.6022263+09:00,windows-docker,baseline,1,4.7,20424.2,44971.7,,0,,0
2026-09-15T23:19:08.7586658+09:00,windows-docker,baseline,1,4.75,20422.5,44973.4,,0,,0
2026-09-15T23:19:09.9060795+09:00,windows-docker,baseline,1,4.12,20417.9,44978,,0,,0
2026-09-15T23:19:11.0723543+09:00,windows-docker,baseline,1,4.75,20420.7,44975.2,,0,,0
2026-09-15T23:19:18.4145375+09:00,windows-docker,infra_idle,1,37.67,25666,39729.9,736.8,8,4141.2,2
2026-09-15T23:19:20.0647324+09:00,windows-docker,infra_idle,1,13.59,26326.7,39069.2,736.9,8,4796.2,2
2026-09-15T23:19:21.2869704+09:00,windows-docker,infra_idle,1,12.89,26372.8,39023.1,737,8,4839.7,2
2026-09-15T23:19:22.5027433+09:00,windows-docker,infra_idle,1,7.87,26383.4,39012.5,736.9,8,4845.9,2
2026-09-15T23:19:23.6756930+09:00,windows-docker,infra_idle,1,8.35,26401.2,38994.7,735.9,8,4846,2
2026-09-15T23:19:24.9010617+09:00,windows-docker,infra_idle,1,1.42,26378.2,39017.7,725.9,8,4846,2
2026-09-15T23:19:26.0440316+09:00,windows-docker,infra_idle,1,4.24,26387.3,39008.6,726.2,8,4844,2
2026-09-15T23:19:27.2360778+09:00,windows-docker,infra_idle,1,3.59,26387.2,39008.7,726.6,8,4844.1,2
2026-09-15T23:19:28.4087811+09:00,windows-docker,infra_idle,1,6,26372.6,39023.3,727.8,8,4824.1,2
2026-09-15T23:19:29.5961868+09:00,windows-docker,infra_idle,1,0.94,26354.6,39041.3,728.2,8,4806.1,2
2026-09-15T23:19:30.7762563+09:00,windows-docker,infra_idle,1,4.74,26360.8,39035.1,728.6,8,4806.1,2
2026-09-15T23:19:31.9329169+09:00,windows-docker,infra_idle,1,4.48,26357.8,39038.1,729.6,8,4805.1,2
2026-09-15T23:19:33.0706603+09:00,windows-docker,infra_idle,1,4.9,26361.7,39034.2,731.1,8,4805.7,2
2026-09-15T23:19:34.2699947+09:00,windows-docker,infra_idle,1,4.64,26356.3,39039.6,731,8,4795.1,2
2026-09-15T23:19:35.4426654+09:00,windows-docker,infra_idle,1,8.09,26357,39038.9,731,8,4795.1,2
2026-09-15T23:19:36.6217660+09:00,windows-docker,infra_idle,1,4.08,26359.2,39036.7,731,8,4795.1,2
2026-09-15T23:19:37.7813693+09:00,windows-docker,infra_idle,1,5.28,26353.3,39042.6,731.2,8,4795.1,2
2026-09-15T23:19:38.9625988+09:00,windows-docker,infra_idle,1,4.88,26356.9,39039,727,8,4795.1,2
2026-09-15T23:19:40.1438190+09:00,windows-docker,infra_idle,1,1.47,26354.8,39041.1,727,8,4795.1,2
2026-09-15T23:19:41.4005865+09:00,windows-docker,infra_idle,1,7.37,26353.8,39042.1,727,8,4795.1,2
2026-09-15T23:19:42.5619237+09:00,windows-docker,infra_idle,1,4.23,26354.1,39041.8,727.2,8,4795.1,2
2026-09-15T23:19:43.6714106+09:00,windows-docker,infra_idle,1,8.25,26286.8,39109.1,703.9,8,4795,2
2026-09-15T23:19:44.8711246+09:00,windows-docker,infra_idle,1,8.05,26258.3,39137.6,701,8,4795.1,2
2026-09-15T23:19:46.0575065+09:00,windows-docker,infra_idle,1,4.43,26261.7,39134.2,701.2,8,4795.2,2
2026-09-15T23:19:47.2120190+09:00,windows-docker,infra_idle,1,9.85,26260.5,39135.4,701.3,8,4795.3,2
2026-09-15T23:19:48.3819048+09:00,windows-docker,infra_idle,1,11.21,26269.8,39126.1,702.1,8,4795.3,2
2026-09-15T23:19:49.5145254+09:00,windows-docker,infra_idle,1,7.45,26265.9,39130,702.3,8,4795.3,2
2026-09-15T23:19:50.6282985+09:00,windows-docker,infra_idle,1,3.25,26264.4,39131.5,702.3,8,4795.3,2
2026-09-15T23:19:51.7637988+09:00,windows-docker,infra_idle,1,7.45,26265.6,39130.3,702.4,8,4795.3,2
2026-09-15T23:19:52.9211431+09:00,windows-docker,infra_idle,1,4.6,26262.7,39133.2,702.7,8,4795.3,2
2026-09-15T23:19:54.0639421+09:00,windows-docker,infra_idle,1,9.65,26266.8,39129.1,702.6,8,4795.3,2
2026-09-15T23:19:55.2096114+09:00,windows-docker,infra_idle,1,5.04,26261.6,39134.3,694.7,8,4795.3,2
2026-09-15T23:19:56.3472332+09:00,windows-docker,infra_idle,1,8.06,26258.5,39137.4,694.2,8,4795.3,2
2026-09-15T23:19:57.4828698+09:00,windows-docker,infra_idle,1,2.62,26257.8,39138.1,694.2,8,4795.8,2
2026-09-15T23:19:58.6802088+09:00,windows-docker,infra_idle,1,8.38,26267.3,39128.6,702.8,8,4795.8,2
2026-09-15T23:19:59.9058378+09:00,windows-docker,infra_idle,1,6.46,26272.9,39123,702.8,8,4795.8,2
2026-09-15T23:20:01.1043868+09:00,windows-docker,infra_idle,1,3.35,26270.2,39125.7,702.7,8,4795.8,2
2026-09-15T23:20:02.2921406+09:00,windows-docker,infra_idle,1,3.2,26268.2,39127.7,702.7,8,4795.8,2
2026-09-15T23:20:03.5059589+09:00,windows-docker,infra_idle,1,4.9,26272.5,39123.4,702.9,8,4795.8,2
2026-09-15T23:20:04.6785227+09:00,windows-docker,infra_idle,1,2.5,26276.1,39119.8,702.9,8,4795.8,2
2026-09-15T23:20:05.9025667+09:00,windows-docker,infra_idle,1,5.45,26278.8,39117.1,702.8,8,4795.8,2
2026-09-15T23:20:07.0730785+09:00,windows-docker,infra_idle,1,4.29,26256.6,39139.3,702.8,8,4795.8,2
2026-09-15T23:20:08.1996189+09:00,windows-docker,infra_idle,1,5.07,26251.3,39144.6,703.4,8,4795.8,2
2026-09-15T23:20:09.5035298+09:00,windows-docker,infra_idle,1,4.68,26254.8,39141.1,703.4,8,4795.8,2
2026-09-15T23:20:10.7075885+09:00,windows-docker,infra_idle,1,4.22,26248.1,39147.8,695.4,8,4795.8,2
2026-09-15T23:20:11.8736049+09:00,windows-docker,infra_idle,1,6.44,26251.2,39144.7,695.4,8,4795.8,2
2026-09-15T23:20:13.0208075+09:00,windows-docker,infra_idle,1,5.64,26252.6,39143.3,701.9,8,4795.7,2
2026-09-15T23:20:14.1663342+09:00,windows-docker,infra_idle,1,7.14,26252.1,39143.8,701.9,8,4795.7,2
2026-09-15T23:20:15.3176090+09:00,windows-docker,infra_idle,1,2.24,26242.6,39153.3,699.3,8,4795.7,2
2026-09-15T23:20:16.5161479+09:00,windows-docker,infra_idle,1,1.18,26244.9,39151,697.3,8,4795.7,2
2026-09-15T23:20:17.6869724+09:00,windows-docker,infra_idle,1,7.07,26254.3,39141.6,698.9,8,4795.7,2
2026-09-15T23:20:19.9995307+09:00,windows-docker,app_idle,1,,26329.1,39066.8,705.2,8,4892.9,2
2026-09-15T23:20:21.4874246+09:00,windows-docker,app_idle,1,3.78,26330.2,39065.7,703.8,8,4892.9,2
2026-09-15T23:20:22.6162219+09:00,windows-docker,app_idle,1,4.13,26332,39063.9,704.9,8,4893.6,2
2026-09-15T23:20:23.8316007+09:00,windows-docker,app_idle,1,3.79,26339.1,39056.8,704.9,8,4893.6,2
2026-09-15T23:20:25.0356374+09:00,windows-docker,app_idle,1,3.15,26341.7,39054.2,704.8,8,4893.7,2
2026-09-15T23:20:26.2479377+09:00,windows-docker,app_idle,1,1.73,26336.2,39059.7,704.8,8,4893.7,2
2026-09-15T23:20:27.3483637+09:00,windows-docker,app_idle,1,2.51,26338.5,39057.4,704.9,8,4894,2
2026-09-15T23:20:28.5503093+09:00,windows-docker,app_idle,1,4.49,26334.4,39061.5,704.8,8,4893,2
2026-09-15T23:20:29.6666264+09:00,windows-docker,app_idle,1,5.58,26339.9,39056,704.6,8,4893,2
2026-09-15T23:20:30.8701149+09:00,windows-docker,app_idle,1,5.96,26341,39054.9,704.7,8,4893,2
2026-09-15T23:20:32.0101450+09:00,windows-docker,app_idle,1,4.34,26338.3,39057.6,704.7,8,4893,2
2026-09-15T23:20:33.2041264+09:00,windows-docker,app_idle,1,4.45,26341.7,39054.2,705.3,8,4893,2
2026-09-15T23:20:34.3928046+09:00,windows-docker,app_idle,1,4.42,26270,39125.9,705.3,8,4893,2
2026-09-15T23:20:35.5602196+09:00,windows-docker,app_idle,1,4.11,26262.7,39133.2,697.4,8,4893,2
2026-09-15T23:20:36.6616353+09:00,windows-docker,app_idle,1,5.33,26275.5,39120.4,697.2,8,4893,2
2026-09-15T23:20:37.7913351+09:00,windows-docker,app_idle,1,2.91,26260.4,39135.5,697.7,8,4893,2
2026-09-15T23:20:38.9253634+09:00,windows-docker,app_idle,1,4.24,26259,39136.9,697.7,8,4893,2
2026-09-15T23:20:40.1194430+09:00,windows-docker,app_idle,1,2.51,26260.2,39135.7,697.7,8,4893,2
2026-09-15T23:20:41.2269207+09:00,windows-docker,app_idle,1,2.81,26262.1,39133.8,697.7,8,4893,2
2026-09-15T23:20:42.5077541+09:00,windows-docker,app_idle,1,9.05,26259.7,39136.2,697.7,8,4893,2
2026-09-15T23:20:43.7705326+09:00,windows-docker,app_idle,1,15.52,26267.5,39128.4,697.8,8,4893,2
2026-09-15T23:20:44.9565035+09:00,windows-docker,app_idle,1,10.59,26264.9,39131,697.8,8,4893,2
2026-09-15T23:20:46.1863734+09:00,windows-docker,app_idle,1,13.04,26267.3,39128.6,697.5,8,4893,2
2026-09-15T23:20:47.3904454+09:00,windows-docker,app_idle,1,9.06,26257.6,39138.3,697.6,8,4893,2
2026-09-15T23:20:48.5671453+09:00,windows-docker,app_idle,1,11.2,26252.5,39143.4,697.6,8,4893,2
2026-09-15T23:20:49.7755445+09:00,windows-docker,app_idle,1,3.4,26255.8,39140.1,697.6,8,4893,2
2026-09-15T23:20:50.9601648+09:00,windows-docker,app_idle,1,6.36,26254.8,39141.1,697.8,8,4892.9,2
2026-09-15T23:20:52.1353337+09:00,windows-docker,app_idle,1,5.96,26251.8,39144.1,697,8,4892.9,2
2026-09-15T23:20:53.2888561+09:00,windows-docker,app_idle,1,5.9,26260.3,39135.6,696.8,8,4892.9,2
2026-09-15T23:20:54.3985836+09:00,windows-docker,app_idle,1,4.93,26263.6,39132.3,696.8,8,4892.9,2
2026-09-15T23:20:55.5309389+09:00,windows-docker,app_idle,1,6.51,26265.5,39130.4,696.8,8,4892.9,2
2026-09-15T23:20:56.6704868+09:00,windows-docker,app_idle,1,5.51,26264.9,39131,696.7,8,4892.9,2
2026-09-15T23:20:57.8307800+09:00,windows-docker,app_idle,1,5.18,26267.1,39128.8,697,8,4892.9,2
2026-09-15T23:20:58.9658059+09:00,windows-docker,app_idle,1,4.64,26272,39123.9,696.9,8,4892.9,2
2026-09-15T23:21:00.1432978+09:00,windows-docker,app_idle,1,6.34,26265.7,39130.2,696.9,8,4892.9,2
2026-09-15T23:21:01.3254882+09:00,windows-docker,app_idle,1,3.09,26266.4,39129.5,696.9,8,4892.9,2
2026-09-15T23:21:02.4629196+09:00,windows-docker,app_idle,1,5.23,26264.4,39131.5,696.9,8,4892.9,2
2026-09-15T23:21:03.5797908+09:00,windows-docker,app_idle,1,4.93,26265.6,39130.3,697.4,8,4892.9,2
2026-09-15T23:21:04.6908276+09:00,windows-docker,app_idle,1,7.49,26271.3,39124.6,697.3,8,4892.9,2
2026-09-15T23:21:05.8540218+09:00,windows-docker,app_idle,1,5.16,26272.1,39123.8,697.3,8,4892.9,2
2026-09-15T23:21:07.0317238+09:00,windows-docker,app_idle,1,1.37,26269.3,39126.6,697.3,8,4892.9,2
2026-09-15T23:21:08.2248669+09:00,windows-docker,app_idle,1,2.6,26268.9,39127,697.3,8,4892.9,2
2026-09-15T23:21:09.3829128+09:00,windows-docker,app_idle,1,3.77,26279.7,39116.2,697.2,8,4892.9,2
2026-09-15T23:21:10.5870167+09:00,windows-docker,app_idle,1,2.53,26253.6,39142.3,697.2,8,4892.9,2
2026-09-15T23:21:11.7518949+09:00,windows-docker,app_idle,1,3.15,26258.1,39137.8,697.2,8,4892.9,2
2026-09-15T23:21:12.9279953+09:00,windows-docker,app_idle,1,1.8,26269,39126.9,699.7,8,4892.9,2
2026-09-15T23:21:14.1225539+09:00,windows-docker,app_idle,1,6.57,26261.8,39134.1,699.8,8,4892.9,2
2026-09-15T23:21:15.2945749+09:00,windows-docker,app_idle,1,5.05,26255.4,39140.5,700,8,4892.9,2
2026-09-15T23:21:16.5183352+09:00,windows-docker,app_idle,1,7.26,26257,39138.9,700,8,4892.9,2
2026-09-15T23:21:17.6981200+09:00,windows-docker,app_idle,1,7.15,26263,39132.9,700.1,8,4892.9,2
2026-09-15T23:21:18.9020611+09:00,windows-docker,app_idle,1,11.54,26263.6,39132.3,700.1,8,4892.9,2
2026-09-15T23:21:21.0663705+09:00,windows-docker,load,1,47.84,26318.6,39077.3,706.6,8,4904.5,2
2026-09-15T23:21:22.7022075+09:00,windows-docker,load,1,44.98,26345.6,39050.3,716.4,8,4909.3,2
2026-09-15T23:21:23.9511564+09:00,windows-docker,load,1,44.8,26355.7,39040.2,716.4,8,4911,2
2026-09-15T23:21:25.1593903+09:00,windows-docker,load,1,42.77,26361.6,39034.3,716.2,8,4913.7,2
2026-09-15T23:21:26.3764722+09:00,windows-docker,load,1,45.25,26368.1,39027.8,716.9,8,4917.5,2
2026-09-15T23:21:27.6188693+09:00,windows-docker,load,1,42.59,26375.6,39020.3,716.4,8,4919.5,2
2026-09-15T23:21:28.8488112+09:00,windows-docker,load,1,42,26382.4,39013.5,716.4,8,4920.6,2
2026-09-15T23:21:30.0589699+09:00,windows-docker,load,1,42.42,26373.9,39022,716.9,8,4922.7,2
2026-09-15T23:21:31.2781828+09:00,windows-docker,load,1,43.53,26380.1,39015.8,716.9,8,4926.2,2
2026-09-15T23:21:32.4827095+09:00,windows-docker,load,1,43.42,26386.9,39009,717.3,8,4930,2
2026-09-15T23:21:33.7020103+09:00,windows-docker,load,1,43.31,26423.8,38972.1,716.7,8,4932,2
2026-09-15T23:21:34.9129739+09:00,windows-docker,load,1,39.76,26425.6,38970.3,715.8,8,4935.3,2
2026-09-15T23:21:36.1380580+09:00,windows-docker,load,1,45.38,26419.2,38976.7,716.2,8,4937.8,2
2026-09-15T23:21:37.3501607+09:00,windows-docker,load,1,41.05,26426,38969.9,716,8,4942.1,2
2026-09-15T23:21:38.5616806+09:00,windows-docker,load,1,41.92,26430.4,38965.5,717,8,4943.8,2
2026-09-15T23:21:39.7687732+09:00,windows-docker,load,1,42.83,26431,38964.9,717,8,4945,2
2026-09-15T23:21:40.9777318+09:00,windows-docker,load,1,44.43,26442.1,38953.8,716.5,8,4947.7,2
2026-09-15T23:21:42.1939584+09:00,windows-docker,load,1,42.15,26438.3,38957.6,717,8,4948.2,2
2026-09-15T23:21:43.4214623+09:00,windows-docker,load,1,43.66,26447.7,38948.2,718,8,4950.3,2
2026-09-15T23:21:44.6423548+09:00,windows-docker,load,1,42.58,26456.2,38939.7,717.8,8,4951.5,2
2026-09-15T23:21:45.8568263+09:00,windows-docker,load,1,44.65,26453.2,38942.7,717.9,8,4951.5,2
2026-09-15T23:21:47.0793817+09:00,windows-docker,load,1,46.26,26450.6,38945.3,717.6,8,4951.5,2
2026-09-15T23:21:48.2978450+09:00,windows-docker,load,1,48.16,26455.7,38940.2,717.6,8,4953.7,2
2026-09-15T23:21:49.5134823+09:00,windows-docker,load,1,42.56,26468.5,38927.4,716.7,8,4955.3,2
2026-09-15T23:21:50.7276482+09:00,windows-docker,load,1,42.2,26472.6,38923.3,716.7,8,4956.3,2
2026-09-15T23:21:51.9474532+09:00,windows-docker,load,1,41.9,26473.7,38922.2,716.9,8,4959.6,2
2026-09-15T23:21:53.1591476+09:00,windows-docker,load,1,46.79,26472.8,38923.1,719.3,8,4961.9,2
2026-09-15T23:21:54.3663420+09:00,windows-docker,load,1,41.33,26485.2,38910.7,718.9,8,4961.9,2
2026-09-15T23:21:55.5670926+09:00,windows-docker,load,1,42.66,26491,38904.9,718.9,8,4962,2
2026-09-15T23:21:56.7821923+09:00,windows-docker,load,1,43.65,26473.7,38922.2,719,8,4965.1,2
2026-09-15T23:21:58.0040485+09:00,windows-docker,load,1,43.6,26484.3,38911.6,717.8,8,4968.7,2
2026-09-15T23:21:59.2120067+09:00,windows-docker,load,1,43.51,26490.3,38905.6,717.8,8,4972.9,2
2026-09-15T23:22:00.4177740+09:00,windows-docker,load,1,45.79,26494.2,38901.7,717,8,4974.6,2
2026-09-15T23:22:01.6815289+09:00,windows-docker,load,1,40.9,26488.3,38907.6,716.8,8,4975.6,2
2026-09-15T23:22:02.8973389+09:00,windows-docker,load,1,43.91,26502.4,38893.5,716.7,8,4976.6,2
2026-09-15T23:22:04.1252406+09:00,windows-docker,load,1,44.91,26499.1,38896.8,716.7,8,4976.6,2
2026-09-15T23:22:05.3380213+09:00,windows-docker,load,1,44.08,26506.9,38889,716.8,8,4977,2
2026-09-15T23:22:06.5463708+09:00,windows-docker,load,1,42.59,26519.1,38876.8,716.8,8,4977.1,2
2026-09-15T23:22:07.7582162+09:00,windows-docker,load,1,42.45,26519,38876.9,716.8,8,4977.1,2
2026-09-15T23:22:08.9768559+09:00,windows-docker,load,1,44.78,26513.7,38882.2,716.7,8,4977.1,2
2026-09-15T23:22:10.1989666+09:00,windows-docker,load,1,42.42,26520.7,38875.2,716.8,8,4977.9,2
2026-09-15T23:22:11.4195398+09:00,windows-docker,load,1,42.25,26513.8,38882.1,716.8,8,4977.9,2
2026-09-15T23:22:12.6332236+09:00,windows-docker,load,1,39.97,26529,38866.9,718.4,8,4977.9,2
2026-09-15T23:22:13.8665026+09:00,windows-docker,load,1,45.73,26505.3,38890.6,717.4,8,4979.1,2
2026-09-15T23:22:15.0818935+09:00,windows-docker,load,1,40.38,26504.9,38891,717.7,8,4979.4,2
2026-09-15T23:22:16.3186214+09:00,windows-docker,load,1,41.49,26502.6,38893.3,717.7,8,4979.9,2
2026-09-15T23:22:17.5339773+09:00,windows-docker,load,1,46.71,26510.5,38885.4,718.2,8,4979.9,2
2026-09-15T23:22:18.7527479+09:00,windows-docker,load,1,46.57,26518,38877.9,718,8,4980.8,2
2026-09-15T23:22:19.9614914+09:00,windows-docker,load,1,42.05,26510.7,38885.2,718.1,8,4981.7,2
2026-09-15T23:22:21.1789556+09:00,windows-docker,load,1,48.72,26543.8,38852.1,718.1,8,4982.6,2
2026-09-15T23:22:22.4076080+09:00,windows-docker,load,1,40.65,26534.7,38861.2,718.1,8,4983.1,2
2026-09-15T23:22:23.6173745+09:00,windows-docker,load,1,46.32,26541.1,38854.8,718.1,8,4983.4,2
2026-09-15T23:22:24.8289311+09:00,windows-docker,load,1,41.54,26543.8,38852.1,718.1,8,4984.2,2
2026-09-15T23:22:26.0364887+09:00,windows-docker,load,1,46.85,26550.3,38845.6,718.1,8,4984.3,2
2026-09-15T23:22:27.2423917+09:00,windows-docker,load,1,43.76,26570,38825.9,718.1,8,4985,2
2026-09-15T23:22:28.4594225+09:00,windows-docker,load,1,45.66,26569.1,38826.8,717.4,8,4985,2
2026-09-15T23:22:29.6653187+09:00,windows-docker,load,1,43.67,26582,38813.9,717.5,8,4985,2
2026-09-15T23:22:30.8801600+09:00,windows-docker,load,1,45.42,26589.3,38806.6,717.1,8,4985.7,2
2026-09-15T23:22:32.0969724+09:00,windows-docker,load,1,44.01,26545.9,38850,717.1,8,4986.8,2
2026-09-15T23:22:33.3016457+09:00,windows-docker,load,1,43.91,26549.5,38846.4,717.8,8,4986.8,2
2026-09-15T23:22:34.5206572+09:00,windows-docker,load,1,42.71,26544.1,38851.8,717.7,8,4986.8,2
2026-09-15T23:22:35.7295063+09:00,windows-docker,load,1,45.43,26552.8,38843.1,717.6,8,4987.9,2
2026-09-15T23:22:36.9378951+09:00,windows-docker,load,1,42.48,26537.4,38858.5,717.5,8,4987.9,2
2026-09-15T23:22:38.2091212+09:00,windows-docker,load,1,50.53,26541.4,38854.5,716.6,8,4987.9,2
2026-09-15T23:22:39.4737800+09:00,windows-docker,load,1,46.01,26539.7,38856.2,716.5,8,4987.9,2
2026-09-15T23:22:40.7208372+09:00,windows-docker,load,1,48.19,26538.2,38857.7,716.6,8,4987.9,2
2026-09-15T23:22:41.9542625+09:00,windows-docker,load,1,48.39,26539.5,38856.4,716.6,8,4988.3,2
2026-09-15T23:22:43.1858763+09:00,windows-docker,load,1,45.51,26549.1,38846.8,717.1,8,4988.3,2
2026-09-15T23:22:44.4277381+09:00,windows-docker,load,1,45.52,26575.8,38820.1,717.1,8,4988.4,2
2026-09-15T23:22:45.6552098+09:00,windows-docker,load,1,44.34,26586.1,38809.8,717,8,4988.6,2
2026-09-15T23:22:46.9072810+09:00,windows-docker,load,1,48.24,26584,38811.9,718.1,8,4989,2
2026-09-15T23:22:48.1271461+09:00,windows-docker,load,1,48.37,26591.9,38804,719.1,8,4989.9,2
2026-09-15T23:22:49.3653753+09:00,windows-docker,load,1,47.34,26592.7,38803.2,719.1,8,4991.4,2
2026-09-15T23:22:50.5881931+09:00,windows-docker,load,1,41.96,26598,38797.9,719.1,8,4991.4,2
2026-09-15T23:22:51.8179259+09:00,windows-docker,load,1,42.55,26596.8,38799.1,719.1,8,4991.4,2
2026-09-15T23:22:53.0248765+09:00,windows-docker,load,1,44.97,26597.8,38798.1,719.4,8,4991.6,2
2026-09-15T23:22:54.2638279+09:00,windows-docker,load,1,45.47,26612.2,38783.7,719.2,8,4991.6,2
2026-09-15T23:22:55.4820843+09:00,windows-docker,load,1,40.9,26615.3,38780.6,719.2,8,4991.6,2
2026-09-15T23:22:56.7371821+09:00,windows-docker,load,1,43.95,26613.1,38782.8,719.3,8,4991.6,2
2026-09-15T23:22:57.9463113+09:00,windows-docker,load,1,42.24,26617.8,38778.1,718.3,8,4992.6,2
2026-09-15T23:22:59.1613917+09:00,windows-docker,load,1,43.86,26617.5,38778.4,718.8,8,4992.8,2
2026-09-15T23:23:00.3732723+09:00,windows-docker,load,1,44.35,26612.8,38783.1,718.2,8,4993.3,2
2026-09-15T23:23:01.5984753+09:00,windows-docker,load,1,42.06,26623.2,38772.7,718.2,8,4993.3,2
2026-09-15T23:23:02.8222967+09:00,windows-docker,load,1,42.92,26636.4,38759.5,718.7,8,4993.8,2
2026-09-15T23:23:04.0260512+09:00,windows-docker,load,1,43.71,26642.2,38753.7,718.6,8,4994.1,2
2026-09-15T23:23:05.2282311+09:00,windows-docker,load,1,41.53,26645.7,38750.2,718.5,8,4995,2
2026-09-15T23:23:06.4427586+09:00,windows-docker,load,1,45.44,26653.4,38742.5,718.5,8,4995,2
2026-09-15T23:23:07.6537846+09:00,windows-docker,load,1,45.1,26644.7,38751.2,719.4,8,4995,2
2026-09-15T23:23:08.8868136+09:00,windows-docker,load,1,44.75,26654.9,38741,719.3,8,4995.1,2
2026-09-15T23:23:10.0889832+09:00,windows-docker,load,1,43.77,26649.8,38746.1,719.3,8,4995.1,2
2026-09-15T23:23:11.3089985+09:00,windows-docker,load,1,41.19,26655.6,38740.3,719.8,8,4995.6,2
2026-09-15T23:23:12.5251420+09:00,windows-docker,load,1,46.76,26657.2,38738.7,719.6,8,4996.1,2
2026-09-15T23:23:13.7455293+09:00,windows-docker,load,1,42.67,26664.2,38731.7,719.3,8,4998.6,2
2026-09-15T23:23:14.9588636+09:00,windows-docker,load,1,40.52,26662,38733.9,719.4,8,4998.6,2
2026-09-15T23:23:16.1703935+09:00,windows-docker,load,1,45.56,26669.4,38726.5,720,8,4999.2,2
2026-09-15T23:23:17.3808630+09:00,windows-docker,load,1,44.75,26667.1,38728.8,719,8,5000.7,2
2026-09-15T23:23:18.6029063+09:00,windows-docker,load,1,44.47,26662.8,38733.1,719.5,8,5000.7,2
2026-09-15T23:23:19.8282376+09:00,windows-docker,load,1,40.52,26691.3,38704.6,719.6,8,5000.7,2
2026-09-15T23:23:21.0136123+09:00,windows-docker,load,1,10.65,26490.6,38905.3,719.9,8,5000.7,2
2026-09-15T23:23:22.2022659+09:00,windows-docker,load,1,4.46,26489.6,38906.3,720.4,8,5000.7,2
2026-09-15T23:24:11.0041641+09:00,wsl-wip,baseline,1,,25815.9,39580,98.7,6,4850.9,2
2026-09-15T23:24:12.4895715+09:00,wsl-wip,baseline,1,9.36,25793.2,39602.7,98.7,6,4850.9,2
2026-09-15T23:24:13.6531080+09:00,wsl-wip,baseline,1,9.6,25633.7,39762.2,98.7,6,4818.1,2
2026-09-15T23:24:14.8222418+09:00,wsl-wip,baseline,1,5.79,25620.9,39775,98.9,6,4818.1,2
2026-09-15T23:24:15.9741904+09:00,wsl-wip,baseline,1,1.48,25621.2,39774.7,99.4,6,4804.7,2
2026-09-15T23:24:17.1039206+09:00,wsl-wip,baseline,1,5.83,25629.4,39766.5,99.4,6,4804.7,2
2026-09-15T23:24:18.2024145+09:00,wsl-wip,baseline,1,5.53,25617.5,39778.4,99.4,6,4785.9,2
2026-09-15T23:24:19.3912471+09:00,wsl-wip,baseline,1,8.84,25618.4,39777.5,99.4,6,4781.8,2
2026-09-15T23:24:20.5572742+09:00,wsl-wip,baseline,1,5.89,25630.2,39765.7,99.4,6,4781.8,2
2026-09-15T23:24:21.6530119+09:00,wsl-wip,baseline,1,3.95,25622.1,39773.8,99.4,6,4781.9,2
2026-09-15T23:24:22.7680079+09:00,wsl-wip,baseline,1,2.25,25620.7,39775.2,99.4,6,4781.9,2
2026-09-15T23:24:24.0108598+09:00,wsl-wip,baseline,1,1.52,25623.7,39772.2,99.4,6,4781.2,2
2026-09-15T23:24:25.2337739+09:00,wsl-wip,baseline,1,5.31,25563.9,39832,73.9,4,4781.3,2
2026-09-15T23:24:26.4630946+09:00,wsl-wip,baseline,1,12.11,25479.3,39916.6,73.9,4,4525.9,2
2026-09-15T23:24:27.6691176+09:00,wsl-wip,baseline,1,10.07,25469.4,39926.5,73.9,4,4526.2,2
2026-09-15T23:24:28.8740525+09:00,wsl-wip,baseline,1,16.17,25359.6,40036.3,48.8,2,4465.3,2
2026-09-15T23:24:30.0766642+09:00,wsl-wip,baseline,1,10.17,24982.5,40413.4,48.8,2,3560.9,2
2026-09-15T23:24:31.2112867+09:00,wsl-wip,baseline,1,4.55,24979.1,40416.8,48.8,2,3559.2,2
2026-09-15T23:24:32.3655367+09:00,wsl-wip,baseline,1,5.25,24922.5,40473.4,48.8,2,3351.8,2
2026-09-15T23:24:33.5206613+09:00,wsl-wip,baseline,1,6.16,24924.8,40471.1,48.8,2,3351.8,2
2026-09-15T23:24:34.6801934+09:00,wsl-wip,baseline,1,5.57,24907.8,40488.1,48.8,2,3248.4,2
2026-09-15T23:24:35.8166080+09:00,wsl-wip,baseline,1,7.17,24900.3,40495.6,48.8,2,3248.4,2
2026-09-15T23:24:36.9338207+09:00,wsl-wip,baseline,1,4.63,24888.1,40507.8,48.8,2,3198.9,2
2026-09-15T23:24:38.1082338+09:00,wsl-wip,baseline,1,7.49,24890.8,40505.1,48.8,2,3182.9,2
2026-09-15T23:24:39.2252252+09:00,wsl-wip,baseline,1,5.66,24885.9,40510,48.8,2,3182.9,2
2026-09-15T23:24:40.4403870+09:00,wsl-wip,baseline,1,5.59,24891,40504.9,48.6,2,3176.8,2
2026-09-15T23:24:41.5420607+09:00,wsl-wip,baseline,1,3.82,24884.6,40511.3,48.6,2,3176.8,2
2026-09-15T23:24:42.6494217+09:00,wsl-wip,baseline,1,4.04,24890.4,40505.5,48.6,2,3176.8,2
2026-09-15T23:24:43.8240666+09:00,wsl-wip,baseline,1,5.9,23843.5,41552.4,48.6,2,3176.8,2
2026-09-15T23:24:44.9245925+09:00,wsl-wip,baseline,1,5.84,23831.6,41564.3,48.6,2,3176.8,2
2026-09-15T23:24:46.1012124+09:00,wsl-wip,baseline,1,2.14,23838.4,41557.5,48.6,2,3176.8,2
2026-09-15T23:24:47.2647546+09:00,wsl-wip,baseline,1,9.1,23843.1,41552.8,48.6,2,3176.8,2
2026-09-15T23:24:48.4209691+09:00,wsl-wip,baseline,1,7.38,23847.9,41548,48.6,2,3176.8,2
2026-09-15T23:24:49.5555644+09:00,wsl-wip,baseline,1,7.31,23847.5,41548.4,48.6,2,3176.8,2
2026-09-15T23:24:50.6443161+09:00,wsl-wip,baseline,1,2.96,23839.2,41556.7,48.6,2,3176.8,2
2026-09-15T23:24:51.8035524+09:00,wsl-wip,baseline,1,6.5,23840.4,41555.5,48.6,2,3176.8,2
2026-09-15T23:24:52.8941445+09:00,wsl-wip,baseline,1,2.08,23839.9,41556,48.6,2,3176.8,2
2026-09-15T23:24:54.0261595+09:00,wsl-wip,baseline,1,6.31,23845.6,41550.3,48.6,2,3176.8,2
2026-09-15T23:24:55.1381255+09:00,wsl-wip,baseline,1,4.27,23850.4,41545.5,48.6,2,3176.8,2
2026-09-15T23:24:56.2418500+09:00,wsl-wip,baseline,1,3.45,23845.4,41550.5,48.6,2,3176.8,2
2026-09-15T23:24:57.3956455+09:00,wsl-wip,baseline,1,2.45,23848.8,41547.1,48.6,2,3176.8,2
2026-09-15T23:24:58.5020328+09:00,wsl-wip,baseline,1,1.47,23853.4,41542.5,48.6,2,3176.8,2
2026-09-15T23:24:59.6823545+09:00,wsl-wip,baseline,1,3.23,23854.4,41541.5,48.6,2,3171.4,2
2026-09-15T23:25:00.8779763+09:00,wsl-wip,baseline,1,3.48,23829.7,41566.2,48.6,2,3171.4,2
2026-09-15T23:25:02.0322292+09:00,wsl-wip,baseline,1,0.68,23804,41591.9,48.6,2,3171.4,2
2026-09-15T23:25:03.2505388+09:00,wsl-wip,baseline,1,1.22,23807.9,41588,48.6,2,3171.4,2
2026-09-15T23:25:04.4575228+09:00,wsl-wip,baseline,1,5.87,23806.7,41589.2,48.6,2,3169.9,2
2026-09-15T23:25:05.6364418+09:00,wsl-wip,baseline,1,2.61,23805.8,41590.1,48.6,2,3169.9,2
2026-09-15T23:25:06.7322776+09:00,wsl-wip,baseline,1,2.72,23807.5,41588.4,48.6,2,3165.7,2
2026-09-15T23:25:07.9313979+09:00,wsl-wip,baseline,1,4.62,23808.3,41587.6,48.6,2,3165.7,2
2026-09-15T23:25:09.0795803+09:00,wsl-wip,baseline,1,3.31,23808.1,41587.8,48.6,2,3165.7,2
2026-09-15T23:25:10.2158871+09:00,wsl-wip,baseline,1,4.07,23796.7,41599.2,48.6,2,3165.7,2
2026-09-15T23:25:13.7562098+09:00,wsl-wip,infra_idle,1,7.1,25089.8,40306.1,75.5,4,4274,4
2026-09-15T23:25:15.1888833+09:00,wsl-wip,infra_idle,1,3.85,25090.3,40305.6,75.5,4,4274,4
2026-09-15T23:25:16.2959288+09:00,wsl-wip,infra_idle,1,5.56,25188.7,40207.2,75.5,4,4371,4
2026-09-15T23:25:17.4598405+09:00,wsl-wip,infra_idle,1,4.51,25193.5,40202.4,75.5,4,4370.8,4
2026-09-15T23:25:18.6224096+09:00,wsl-wip,infra_idle,1,10.09,25192.8,40203.1,75.5,4,4370.8,4
2026-09-15T23:25:19.7389801+09:00,wsl-wip,infra_idle,1,4.57,25202.5,40193.4,75.5,4,4370.8,4
2026-09-15T23:25:20.9042266+09:00,wsl-wip,infra_idle,1,9.5,25199.1,40196.8,75.5,4,4370.8,4
2026-09-15T23:25:22.0673547+09:00,wsl-wip,infra_idle,1,2.01,25201.2,40194.7,75.5,4,4370.9,4
2026-09-15T23:25:23.2456072+09:00,wsl-wip,infra_idle,1,5.27,25203.5,40192.4,75.5,4,4370.9,4
2026-09-15T23:25:24.3723715+09:00,wsl-wip,infra_idle,1,4.87,25255,40140.9,75.5,4,4413.8,4
2026-09-15T23:25:25.5164364+09:00,wsl-wip,infra_idle,1,2.2,25244.9,40151,75.5,4,4413.6,4
2026-09-15T23:25:26.7220630+09:00,wsl-wip,infra_idle,1,2.39,25191.2,40204.7,75.5,4,3422.3,4
2026-09-15T23:25:27.8491805+09:00,wsl-wip,infra_idle,1,3.43,25193.2,40202.7,75.5,4,3422.3,4
2026-09-15T23:25:28.9588491+09:00,wsl-wip,infra_idle,1,5.36,21861.9,43534,64.6,3,1205.1,2
2026-09-15T23:25:30.1224778+09:00,wsl-wip,infra_idle,1,3.58,21853.6,43542.3,64.6,3,1205.1,2
2026-09-15T23:25:31.2928361+09:00,wsl-wip,infra_idle,1,6.49,21852.1,43543.8,64.6,3,1205.2,2
2026-09-15T23:25:32.4089935+09:00,wsl-wip,infra_idle,1,7.57,21855.4,43540.5,64.6,3,1205.2,2
2026-09-15T23:25:33.5454841+09:00,wsl-wip,infra_idle,1,1.73,21858.3,43537.6,64.6,3,1205.2,2
2026-09-15T23:25:34.6518851+09:00,wsl-wip,infra_idle,1,7.86,21855.7,43540.2,64.6,3,1205.2,2
2026-09-15T23:25:35.7483047+09:00,wsl-wip,infra_idle,1,5.31,21860.3,43535.6,64.6,3,1205.2,2
2026-09-15T23:25:36.8394450+09:00,wsl-wip,infra_idle,1,6.52,21853.8,43542.1,64.6,3,1205.2,2
2026-09-15T23:25:37.9536939+09:00,wsl-wip,infra_idle,1,5.22,21853.7,43542.2,64.5,3,1204.9,2
2026-09-15T23:25:39.1010098+09:00,wsl-wip,infra_idle,1,9.2,21854.9,43541,64.5,3,1204.9,2
2026-09-15T23:25:40.2272054+09:00,wsl-wip,infra_idle,1,0.94,21850.6,43545.3,64.5,3,1204.4,2
2026-09-15T23:25:41.4347526+09:00,wsl-wip,infra_idle,1,4.51,21823.3,43572.6,64.5,3,1204.4,2
2026-09-15T23:25:42.5671723+09:00,wsl-wip,infra_idle,1,10.88,21827.7,43568.2,64.8,3,1204.6,2
2026-09-15T23:25:43.7106901+09:00,wsl-wip,infra_idle,1,9.54,20448.1,44947.8,54.4,2,,0
2026-09-15T23:25:44.8220533+09:00,wsl-wip,infra_idle,1,4.29,20453.8,44942.1,54.4,2,,0
2026-09-15T23:25:45.9152742+09:00,wsl-wip,infra_idle,1,5.51,20446.8,44949.1,54.4,2,,0
2026-09-15T23:25:47.0334639+09:00,wsl-wip,infra_idle,1,4.79,20458.9,44937,54.4,2,,0
2026-09-15T23:25:48.1993928+09:00,wsl-wip,infra_idle,1,15.04,20456.9,44939,54.4,2,,0
2026-09-15T23:25:49.3511033+09:00,wsl-wip,infra_idle,1,7.48,20427.6,44968.3,54.4,2,,0
2026-09-15T23:25:50.4685382+09:00,wsl-wip,infra_idle,1,2.64,20426.3,44969.6,54.4,2,,0
2026-09-15T23:25:51.6357793+09:00,wsl-wip,infra_idle,1,5.17,20425.5,44970.4,54.4,2,,0
2026-09-15T23:25:52.7606347+09:00,wsl-wip,infra_idle,1,8.46,20426.9,44969,54.4,2,,0
2026-09-15T23:25:53.8804172+09:00,wsl-wip,infra_idle,1,5.21,20423.4,44972.5,54.4,2,,0
2026-09-15T23:25:55.0389090+09:00,wsl-wip,infra_idle,1,7.4,20436.4,44959.5,54.4,2,,0
2026-09-15T23:25:56.1195500+09:00,wsl-wip,infra_idle,1,5.85,20435.4,44960.5,54.4,2,,0
2026-09-15T23:25:57.2601914+09:00,wsl-wip,infra_idle,1,5.43,20435.5,44960.4,54.4,2,,0
2026-09-15T23:25:58.3983743+09:00,wsl-wip,infra_idle,1,2.61,20436,44959.9,54.4,2,,0
2026-09-15T23:25:59.5387549+09:00,wsl-wip,infra_idle,1,6.83,20444.8,44951.1,54.4,2,,0
2026-09-15T23:26:00.6829363+09:00,wsl-wip,infra_idle,1,2.55,20436.5,44959.4,54.4,2,,0
2026-09-15T23:26:01.7911761+09:00,wsl-wip,infra_idle,1,4,20439.7,44956.2,54.4,2,,0
2026-09-15T23:26:02.9205304+09:00,wsl-wip,infra_idle,1,2.59,20438.6,44957.3,54.4,2,,0
2026-09-15T23:26:04.0615844+09:00,wsl-wip,infra_idle,1,4.22,20444,44951.9,54.4,2,,0
2026-09-15T23:26:05.2058963+09:00,wsl-wip,infra_idle,1,4.07,20420.2,44975.7,54.4,2,,0
2026-09-15T23:26:06.3620202+09:00,wsl-wip,infra_idle,1,2.9,20419,44976.9,54.4,2,,0
2026-09-15T23:26:07.4820903+09:00,wsl-wip,infra_idle,1,5.04,20421.2,44974.7,54.4,2,,0
2026-09-15T23:26:08.6366832+09:00,wsl-wip,infra_idle,1,4.71,20416.8,44979.1,54.4,2,,0
2026-09-15T23:26:09.7906616+09:00,wsl-wip,infra_idle,1,7.4,20422.1,44973.8,54.4,2,,0
2026-09-15T23:26:10.9530020+09:00,wsl-wip,infra_idle,1,6.1,20415.9,44980,54.4,2,,0
2026-09-15T23:26:12.1258565+09:00,wsl-wip,infra_idle,1,9.8,20419.2,44976.7,54.4,2,,0
2026-09-15T23:26:13.3766363+09:00,wsl-wip,infra_idle,1,9.64,20417.8,44978.1,54.4,2,,0
2026-09-15T23:26:22.2876347+09:00,wsl-wip,app_idle,1,8.24,25398.2,39997.7,101.3,6,4424.5,4
2026-09-15T23:26:23.7810341+09:00,wsl-wip,app_idle,1,1.49,25390.9,40005,101.3,6,4424.5,4
2026-09-15T23:26:24.8986115+09:00,wsl-wip,app_idle,1,7.82,25398.9,39997,101.3,6,4425.3,4
2026-09-15T23:26:26.0663923+09:00,wsl-wip,app_idle,1,4.48,25397.8,39998.1,101.3,6,4422.2,4
2026-09-15T23:26:27.2080122+09:00,wsl-wip,app_idle,1,6.68,25396.9,39999,101.3,6,4422,4
2026-09-15T23:26:28.3911993+09:00,wsl-wip,app_idle,1,0.37,25403.6,39992.3,101.3,6,4421.4,4
2026-09-15T23:26:29.5971247+09:00,wsl-wip,app_idle,1,3.96,25412,39983.9,101.3,6,4421.1,4
2026-09-15T23:26:30.7289340+09:00,wsl-wip,app_idle,1,4.55,25422.3,39973.6,101.3,6,4417.2,4
2026-09-15T23:26:31.9374958+09:00,wsl-wip,app_idle,1,3.36,25428.5,39967.4,101.3,6,4417,4
2026-09-15T23:26:33.1135224+09:00,wsl-wip,app_idle,1,3.14,25430,39965.9,101.3,6,4415.3,4
2026-09-15T23:26:34.3030603+09:00,wsl-wip,app_idle,1,5.77,25430.9,39965,101.3,6,4411.6,4
2026-09-15T23:26:35.4075331+09:00,wsl-wip,app_idle,1,5.78,25429.6,39966.3,101.3,6,4411.1,4
2026-09-15T23:26:36.5741852+09:00,wsl-wip,app_idle,1,8.16,25431.7,39964.2,101.3,6,4400,4
2026-09-15T23:26:37.6801173+09:00,wsl-wip,app_idle,1,4.28,25443,39952.9,101.3,6,4399.9,4
2026-09-15T23:26:38.8885977+09:00,wsl-wip,app_idle,1,4.72,25444.3,39951.6,101.3,6,4399.7,4
2026-09-15T23:26:40.0316248+09:00,wsl-wip,app_idle,1,3.24,25443,39952.9,101.3,6,4399.7,4
2026-09-15T23:26:41.2329546+09:00,wsl-wip,app_idle,1,3.44,25439.7,39956.2,101.3,6,4399.2,4
2026-09-15T23:26:42.4692993+09:00,wsl-wip,app_idle,1,5.32,25435.1,39960.8,101.3,6,4396.2,4
2026-09-15T23:26:43.6668175+09:00,wsl-wip,app_idle,1,3.55,25361.5,40034.4,101.3,6,4396.2,4
2026-09-15T23:26:44.7974516+09:00,wsl-wip,app_idle,1,4.33,25347.9,40048,101.2,6,4392.4,4
2026-09-15T23:26:45.9939420+09:00,wsl-wip,app_idle,1,13.13,25319.5,40076.4,76.3,4,4392.2,4
2026-09-15T23:26:47.1080922+09:00,wsl-wip,app_idle,1,7.62,24844,40551.9,76.3,4,2969.1,4
2026-09-15T23:26:48.3294881+09:00,wsl-wip,app_idle,1,7.1,24847.8,40548.1,76.3,4,2969.1,4
2026-09-15T23:26:49.4962062+09:00,wsl-wip,app_idle,1,8.52,24772.7,40623.2,76.3,4,2775.9,4
2026-09-15T23:26:50.6792371+09:00,wsl-wip,app_idle,1,3.83,24762.2,40633.7,76.3,4,2775.9,4
2026-09-15T23:26:51.8351670+09:00,wsl-wip,app_idle,1,3.63,24703.9,40692,76.3,4,2702.8,4
2026-09-15T23:26:53.0221580+09:00,wsl-wip,app_idle,1,7.49,24430,40965.9,76.3,4,2663.1,4
2026-09-15T23:26:54.1841337+09:00,wsl-wip,app_idle,1,6.96,24356.6,41039.3,76.3,4,2663.1,4
2026-09-15T23:26:55.3615547+09:00,wsl-wip,app_idle,1,4.93,24358.6,41037.3,76.3,4,2641.6,4
2026-09-15T23:26:56.4941536+09:00,wsl-wip,app_idle,1,6.26,24358.1,41037.8,76.3,4,2641.6,4
2026-09-15T23:26:57.6697421+09:00,wsl-wip,app_idle,1,2.57,24357,41038.9,76.3,4,2628.2,4
2026-09-15T23:26:58.8488023+09:00,wsl-wip,app_idle,1,4.23,24359.2,41036.7,76.3,4,2628.2,4
2026-09-15T23:26:59.9651429+09:00,wsl-wip,app_idle,1,5.15,24358.6,41037.3,76.3,4,2623.9,4
2026-09-15T23:27:01.0871613+09:00,wsl-wip,app_idle,1,1.8,24347.8,41048.1,76.3,4,2623.9,4
2026-09-15T23:27:02.2656731+09:00,wsl-wip,app_idle,1,4.38,24354.9,41041,76.3,4,2623.9,4
2026-09-15T23:27:03.4780238+09:00,wsl-wip,app_idle,1,5.03,24356.2,41039.7,76.3,4,2623.9,4
2026-09-15T23:27:04.5981476+09:00,wsl-wip,app_idle,1,3.95,24361.3,41034.6,76.3,4,2623.9,4
2026-09-15T23:27:05.7728058+09:00,wsl-wip,app_idle,1,3.46,24358.3,41037.6,76.3,4,2623.9,4
2026-09-15T23:27:06.9557037+09:00,wsl-wip,app_idle,1,4.4,24362.6,41033.3,76.3,4,2623.9,4
2026-09-15T23:27:08.0704796+09:00,wsl-wip,app_idle,1,5.48,24365.4,41030.5,76.3,4,2623.9,4
2026-09-15T23:27:09.1800588+09:00,wsl-wip,app_idle,1,1.54,24362.3,41033.6,76.3,4,2623.9,4
2026-09-15T23:27:10.3514619+09:00,wsl-wip,app_idle,1,6.35,24363,41032.9,76.3,4,2623.9,4
2026-09-15T23:27:11.4897293+09:00,wsl-wip,app_idle,1,2.81,24360.4,41035.5,76.3,4,2623.9,4
2026-09-15T23:27:12.5908251+09:00,wsl-wip,app_idle,1,5.52,24365.3,41030.6,76.3,4,2623.9,4
2026-09-15T23:27:13.7524102+09:00,wsl-wip,app_idle,1,4.04,24370.4,41025.5,76.3,4,2623.8,4
2026-09-15T23:27:14.9035840+09:00,wsl-wip,app_idle,1,3.4,23361.2,42034.7,76.3,4,2623.8,4
2026-09-15T23:27:16.0689496+09:00,wsl-wip,app_idle,1,5.78,23354.8,42041.1,76.3,4,2623.8,4
2026-09-15T23:27:17.2314592+09:00,wsl-wip,app_idle,1,7.1,23364,42031.9,76.3,4,2623.8,4
2026-09-15T23:27:18.3936600+09:00,wsl-wip,app_idle,1,5.66,23365.6,42030.3,76.3,4,2623.8,4
2026-09-15T23:27:19.5844916+09:00,wsl-wip,app_idle,1,9.45,23366.7,42029.2,76.3,4,2623.8,4
2026-09-15T23:27:20.7560278+09:00,wsl-wip,app_idle,1,8.35,23364.8,42031.1,76.3,4,2623.8,4
2026-09-15T23:27:21.9312393+09:00,wsl-wip,app_idle,1,8.29,23362.8,42033.1,76.3,4,2623.8,4
2026-09-15T23:27:23.3717445+09:00,wsl-wip,load,1,19.8,23433.6,41962.3,76.3,4,2635.5,4
2026-09-15T23:27:24.8985613+09:00,wsl-wip,load,1,19.07,23461.1,41934.8,76.3,4,2635.5,4
2026-09-15T23:27:26.0820260+09:00,wsl-wip,load,1,21.21,23461.4,41934.5,76.3,4,2636.5,4
2026-09-15T23:27:27.2743261+09:00,wsl-wip,load,1,20.4,23475.8,41920.1,76.3,4,2636.6,4
2026-09-15T23:27:28.4659126+09:00,wsl-wip,load,1,25.21,23472.1,41923.8,76.3,4,2636.4,4
2026-09-15T23:27:29.6656955+09:00,wsl-wip,load,1,28.26,23482.6,41913.3,76.3,4,2636.6,4
2026-09-15T23:27:30.8548316+09:00,wsl-wip,load,1,24.16,23483.7,41912.2,76.3,4,2636.6,4
2026-09-15T23:27:32.0548131+09:00,wsl-wip,load,1,22.57,23492,41903.9,76.3,4,2636.8,4
2026-09-15T23:27:33.2394661+09:00,wsl-wip,load,1,27.33,23502.3,41893.6,76.3,4,2636.8,4
2026-09-15T23:27:34.4278294+09:00,wsl-wip,load,1,20.67,23497.4,41898.5,76.3,4,2636.8,4
2026-09-15T23:27:35.5783626+09:00,wsl-wip,load,1,21.06,23518.6,41877.3,76.3,4,2636.8,4
2026-09-15T23:27:36.7776637+09:00,wsl-wip,load,1,24.81,23501.5,41894.4,76.3,4,2636.8,4
2026-09-15T23:27:37.9534747+09:00,wsl-wip,load,1,19,23512.8,41883.1,76.3,4,2636.8,4
2026-09-15T23:27:39.1464585+09:00,wsl-wip,load,1,20,23504.5,41891.4,76.3,4,2636.8,4
2026-09-15T23:27:40.3363763+09:00,wsl-wip,load,1,16.11,23516.2,41879.7,76.3,4,2636.8,4
2026-09-15T23:27:41.5370854+09:00,wsl-wip,load,1,19.37,23518.6,41877.3,76.3,4,2640.8,4
2026-09-15T23:27:42.6580291+09:00,wsl-wip,load,1,18.26,23531.3,41864.6,76.3,4,2641,4
2026-09-15T23:27:43.8400812+09:00,wsl-wip,load,1,19.16,23542,41853.9,76.3,4,2641.1,4
2026-09-15T23:27:44.9903994+09:00,wsl-wip,load,1,19.06,23545.6,41850.3,76.3,4,2641.1,4
2026-09-15T23:27:46.2012054+09:00,wsl-wip,load,1,25.96,23518.9,41877,65.5,3,2632.8,4
2026-09-15T23:27:47.5230222+09:00,wsl-wip,load,1,22.34,22035,43360.9,65.5,3,1314.9,2
2026-09-15T23:27:48.6978625+09:00,wsl-wip,load,1,17.09,22039.5,43356.4,65.5,3,1314.9,2
2026-09-15T23:27:49.8391221+09:00,wsl-wip,load,1,22.09,22037.9,43358,65.5,3,1315,2
2026-09-15T23:27:51.0303597+09:00,wsl-wip,load,1,21.57,22047.4,43348.5,65.5,3,1315,2
2026-09-15T23:27:52.2299719+09:00,wsl-wip,load,1,18.52,22033.6,43362.3,65.4,3,1315,2
2026-09-15T23:27:53.5242472+09:00,wsl-wip,load,1,22.24,22025.9,43370,65.4,3,1315,2
2026-09-15T23:27:54.7045444+09:00,wsl-wip,load,1,20.67,22041.9,43354,65.4,3,1315,2
2026-09-15T23:27:56.0455214+09:00,wsl-wip,load,1,18.78,22045.5,43350.4,65.4,3,1315,2
2026-09-15T23:27:57.2710438+09:00,wsl-wip,load,1,18.07,22039.6,43356.3,65.4,3,1315,2
2026-09-15T23:27:58.4678517+09:00,wsl-wip,load,1,20.96,22019.9,43376,65.4,3,1315,2
2026-09-15T23:27:59.6215121+09:00,wsl-wip,load,1,19.96,22032.3,43363.6,65.4,3,1315.2,2
2026-09-15T23:28:00.8119247+09:00,wsl-wip,load,1,20.82,22034.6,43361.3,65.4,3,1315.3,2
2026-09-15T23:28:02.0124494+09:00,wsl-wip,load,1,24.29,22049.9,43346,65.4,3,1315.3,2
2026-09-15T23:28:03.2033940+09:00,wsl-wip,load,1,26.08,22029.1,43366.8,65.4,3,1315.3,2
2026-09-15T23:28:04.3977999+09:00,wsl-wip,load,1,20.67,22036.8,43359.1,65.4,3,1315.3,2
2026-09-15T23:28:05.5819451+09:00,wsl-wip,load,1,23.53,22035.2,43360.7,65.4,3,1315.3,2
2026-09-15T23:28:06.7575087+09:00,wsl-wip,load,1,17.29,22011.5,43384.4,65.4,3,1315.3,2
2026-09-15T23:28:07.9440260+09:00,wsl-wip,load,1,19.52,22015.6,43380.3,65.4,3,1315.3,2
2026-09-15T23:28:09.1227972+09:00,wsl-wip,load,1,16.14,22012,43383.9,65.4,3,1315.3,2
2026-09-15T23:28:10.3248497+09:00,wsl-wip,load,1,23.66,22010.2,43385.7,65.4,3,1315.3,2
2026-09-15T23:28:11.4992433+09:00,wsl-wip,load,1,18.49,22017.3,43378.6,65.4,3,1315.3,2
2026-09-15T23:28:12.6075892+09:00,wsl-wip,load,1,21.11,22036.5,43359.4,65.4,3,1315.3,2
2026-09-15T23:28:13.7670517+09:00,wsl-wip,load,1,20.46,22036.3,43359.6,65.4,3,1315.3,2
2026-09-15T23:28:14.8955593+09:00,wsl-wip,load,1,21.94,22052.3,43343.6,65.4,3,1315.3,2
2026-09-15T23:28:16.0866072+09:00,wsl-wip,load,1,19.75,22023.1,43372.8,65.4,3,1315.3,2
2026-09-15T23:28:17.2475540+09:00,wsl-wip,load,1,19.2,22020.3,43375.6,65.4,3,1315.3,2
2026-09-15T23:28:18.4251242+09:00,wsl-wip,load,1,19.55,22021.5,43374.4,65.4,3,1315.3,2
2026-09-15T23:28:19.6016981+09:00,wsl-wip,load,1,22.03,22024,43371.9,65.4,3,1315.3,2
2026-09-15T23:28:20.7098847+09:00,wsl-wip,load,1,18.99,22030.8,43365.1,65.4,3,1315.7,2
2026-09-15T23:28:21.8131046+09:00,wsl-wip,load,1,20.43,22036.2,43359.7,65.4,3,1315.8,2
2026-09-15T23:28:23.0400740+09:00,wsl-wip,load,1,16.14,22040.3,43355.6,65.4,3,1315.8,2
2026-09-15T23:28:24.2264548+09:00,wsl-wip,load,1,20.24,22037,43358.9,65.4,3,1315.8,2
2026-09-15T23:28:25.3980153+09:00,wsl-wip,load,1,20.67,22035.5,43360.4,65.4,3,1315.8,2
2026-09-15T23:28:26.5766206+09:00,wsl-wip,load,1,19.35,22025.8,43370.1,65.4,3,1315.8,2
2026-09-15T23:28:27.7455010+09:00,wsl-wip,load,1,22.09,22027.8,43368.1,65.4,3,1315.8,2
2026-09-15T23:28:28.8996139+09:00,wsl-wip,load,1,19.82,22033.1,43362.8,65.4,3,1315.8,2
2026-09-15T23:28:30.0484590+09:00,wsl-wip,load,1,19.92,22035,43360.9,65.4,3,1315.8,2
2026-09-15T23:28:31.1528724+09:00,wsl-wip,load,1,22.41,22032.4,43363.5,65.4,3,1315.8,2
2026-09-15T23:28:32.3479554+09:00,wsl-wip,load,1,22.9,22031.1,43364.8,65.4,3,1315.8,2
2026-09-15T23:28:33.5285605+09:00,wsl-wip,load,1,24.31,22028.4,43367.5,65.4,3,1315.7,2
2026-09-15T23:28:34.6913968+09:00,wsl-wip,load,1,18.32,21996.5,43399.4,65.4,3,1315.7,2
2026-09-15T23:28:35.8549200+09:00,wsl-wip,load,1,19.75,22013.8,43382.1,65.4,3,1315.7,2
2026-09-15T23:28:37.0573883+09:00,wsl-wip,load,1,21.05,22009.6,43386.3,65.4,3,1315.7,2
2026-09-15T23:28:38.2417864+09:00,wsl-wip,load,1,19.77,22007.5,43388.4,65.4,3,1315.7,2
2026-09-15T23:28:39.4036684+09:00,wsl-wip,load,1,21,22001.7,43394.2,65.4,3,1315.7,2
2026-09-15T23:28:40.5747442+09:00,wsl-wip,load,1,23.17,22005.5,43390.4,65.4,3,1315.7,2
2026-09-15T23:28:41.6894890+09:00,wsl-wip,load,1,21.68,22011.8,43384.1,65.4,3,1315.7,2
2026-09-15T23:28:42.8587949+09:00,wsl-wip,load,1,22.24,22019.8,43376.1,65.4,3,1315.7,2
2026-09-15T23:28:43.9638137+09:00,wsl-wip,load,1,20.29,22027.9,43368,65.4,3,1315.7,2
2026-09-15T23:28:45.0832692+09:00,wsl-wip,load,1,20.45,22027.1,43368.8,65.4,3,1315.7,2
2026-09-15T23:28:46.2653775+09:00,wsl-wip,load,1,18.35,22027.4,43368.5,65.4,3,1315.8,2
2026-09-15T23:28:47.4752973+09:00,wsl-wip,load,1,19.34,22030.5,43365.4,65.4,3,1315.8,2
2026-09-15T23:28:48.6666535+09:00,wsl-wip,load,1,18.01,22042.9,43353,65.4,3,1328.6,2
2026-09-15T23:28:49.8419089+09:00,wsl-wip,load,1,25.06,22054.8,43341.1,65.4,3,1328.6,2
2026-09-15T23:28:51.0477644+09:00,wsl-wip,load,1,20.2,22051.8,43344.1,65.4,3,1328.6,2
2026-09-15T23:28:52.2134152+09:00,wsl-wip,load,1,20.16,22056.3,43339.6,65.4,3,1328.6,2
2026-09-15T23:28:53.3686777+09:00,wsl-wip,load,1,18.63,22055.3,43340.6,65.4,3,1328.6,2
2026-09-15T23:28:54.5364171+09:00,wsl-wip,load,1,21.49,22053.5,43342.4,65.4,3,1328.6,2
2026-09-15T23:28:55.7226857+09:00,wsl-wip,load,1,18.92,22072.5,43323.4,65.4,3,1328.6,2
2026-09-15T23:28:56.9090374+09:00,wsl-wip,load,1,21.86,22063,43332.9,65.4,3,1328.6,2
2026-09-15T23:28:58.0344795+09:00,wsl-wip,load,1,19.83,22075.6,43320.3,65.4,3,1328.6,2
2026-09-15T23:28:59.1825674+09:00,wsl-wip,load,1,21.26,22082.1,43313.8,65.4,3,1328.6,2
2026-09-15T23:29:00.3534735+09:00,wsl-wip,load,1,24.83,22077.5,43318.4,65.4,3,1328.6,2
2026-09-15T23:29:01.4833398+09:00,wsl-wip,load,1,22.91,22078.6,43317.3,65.4,3,1328.6,2
2026-09-15T23:29:02.6652738+09:00,wsl-wip,load,1,23.58,22090,43305.9,65.4,3,1328.6,2
2026-09-15T23:29:03.8379368+09:00,wsl-wip,load,1,19.55,22088.5,43307.4,65.4,3,1328.6,2
2026-09-15T23:29:05.0173886+09:00,wsl-wip,load,1,19.2,22086.4,43309.5,65.4,3,1328.6,2
2026-09-15T23:29:06.1544939+09:00,wsl-wip,load,1,21.31,22100.1,43295.8,65.4,3,1328.6,2
2026-09-15T23:29:07.3224579+09:00,wsl-wip,load,1,22.58,22097.3,43298.6,65.4,3,1328.6,2
2026-09-15T23:29:08.4834624+09:00,wsl-wip,load,1,22.72,22100,43295.9,65.4,3,1328.6,2
2026-09-15T23:29:09.6612804+09:00,wsl-wip,load,1,19.98,22133,43262.9,65.4,3,1328.6,2
2026-09-15T23:29:10.8059166+09:00,wsl-wip,load,1,19.53,22133.3,43262.6,65.4,3,1328.6,2
2026-09-15T23:29:11.9740106+09:00,wsl-wip,load,1,20.84,22157.4,43238.5,65.4,3,1328.6,2
2026-09-15T23:29:13.1521982+09:00,wsl-wip,load,1,20.35,22150.3,43245.6,65.4,3,1328.6,2
2026-09-15T23:29:14.2895265+09:00,wsl-wip,load,1,21.36,22154.6,43241.3,65.4,3,1328.6,2
2026-09-15T23:29:15.4407136+09:00,wsl-wip,load,1,21.03,22153.3,43242.6,65.4,3,1328.6,2
2026-09-15T23:29:16.5478465+09:00,wsl-wip,load,1,21.81,22134.6,43261.3,65.4,3,1328.6,2
2026-09-15T23:29:17.7322773+09:00,wsl-wip,load,1,21.49,22128.9,43267,65.4,3,1328.6,2
2026-09-15T23:29:18.8340280+09:00,wsl-wip,load,1,18.4,22138.8,43257.1,65.4,3,1328.6,2
2026-09-15T23:29:20.0122209+09:00,wsl-wip,load,1,20.72,22134,43261.9,65.4,3,1328.6,2
2026-09-15T23:29:21.1701584+09:00,wsl-wip,load,1,19.98,22140.6,43255.3,65.4,3,1328.6,2
2026-09-15T23:29:22.2716645+09:00,wsl-wip,load,1,22.73,22168.3,43227.6,65.4,3,1328.6,2
2026-09-15T23:29:23.4011514+09:00,wsl-wip,load,1,12.56,21948.8,43447.1,65.4,3,1328.6,2
2026-09-15T23:29:24.5824254+09:00,wsl-wip,load,1,7.81,21945.8,43450.1,65.4,3,1328.6,2
2026-09-15T23:29:31.9908885+09:00,wsl-docker,baseline,1,7.99,23562.7,41833.2,,0,2817.1,2
2026-09-15T23:29:33.4391316+09:00,wsl-docker,baseline,1,6.55,23563.4,41832.5,,0,2814.8,2
2026-09-15T23:29:34.6398847+09:00,wsl-docker,baseline,1,5.01,23562.3,41833.6,,0,2814.8,2
2026-09-15T23:29:35.8364023+09:00,wsl-docker,baseline,1,2.83,23564.2,41831.7,,0,2813.8,2
2026-09-15T23:29:37.0135430+09:00,wsl-docker,baseline,1,3.75,23555,41840.9,,0,2813.8,2
2026-09-15T23:29:38.2175646+09:00,wsl-docker,baseline,1,7.61,23554.6,41841.3,,0,2811.9,2
2026-09-15T23:29:39.4193836+09:00,wsl-docker,baseline,1,5.54,23561.6,41834.3,,0,2810.5,2
2026-09-15T23:29:40.5835264+09:00,wsl-docker,baseline,1,4.85,23562.7,41833.2,,0,2810.5,2
2026-09-15T23:29:41.7657968+09:00,wsl-docker,baseline,1,6.03,23561.6,41834.3,,0,2808.4,2
2026-09-15T23:29:42.9333061+09:00,wsl-docker,baseline,1,6.08,23558.6,41837.3,,0,2808.4,2
2026-09-15T23:29:44.1006419+09:00,wsl-docker,baseline,1,2.95,23563.3,41832.6,,0,2815.5,2
2026-09-15T23:29:45.3793330+09:00,wsl-docker,baseline,1,5.81,23562.7,41833.2,,0,2806.9,2
2026-09-15T23:29:46.5707883+09:00,wsl-docker,baseline,1,4.17,23567.7,41828.2,,0,2806.9,2
2026-09-15T23:29:47.7470886+09:00,wsl-docker,baseline,1,4.65,23564.7,41831.2,,0,2806.1,2
2026-09-15T23:29:48.9382961+09:00,wsl-docker,baseline,1,5.01,23591.3,41804.6,,0,2806.1,2
2026-09-15T23:29:50.0870911+09:00,wsl-docker,baseline,1,6.78,23595.8,41800.1,,0,2803.7,2
2026-09-15T23:29:51.2534422+09:00,wsl-docker,baseline,1,6.5,23597.3,41798.6,,0,2803.7,2
2026-09-15T23:29:52.3936705+09:00,wsl-docker,baseline,1,5.25,23596.4,41799.5,,0,2803.3,2
2026-09-15T23:29:53.5814660+09:00,wsl-docker,baseline,1,3.24,23594.3,41801.6,,0,2802.7,2
2026-09-15T23:29:54.7116685+09:00,wsl-docker,baseline,1,7.44,23518.2,41877.7,,0,2802.7,2
2026-09-15T23:29:55.8414149+09:00,wsl-docker,baseline,1,7.81,23058.4,42337.5,,0,1779.3,2
2026-09-15T23:29:57.0244075+09:00,wsl-docker,baseline,1,4.86,23045.7,42350.2,,0,1779.3,2
2026-09-15T23:29:58.1658904+09:00,wsl-docker,baseline,1,3.77,22997,42398.9,,0,1577,2
2026-09-15T23:29:59.3348612+09:00,wsl-docker,baseline,1,4.39,22997.2,42398.7,,0,1577,2
2026-09-15T23:30:00.4659985+09:00,wsl-docker,baseline,1,2.72,22968,42427.9,,0,1481.2,2
2026-09-15T23:30:01.5919397+09:00,wsl-docker,baseline,1,9.52,22968.8,42427.1,,0,1424.5,2
2026-09-15T23:30:02.7580918+09:00,wsl-docker,baseline,1,7.72,22969.9,42426,,0,1424.5,2
2026-09-15T23:30:03.9242241+09:00,wsl-docker,baseline,1,5.83,22962.4,42433.5,,0,1388.5,2
2026-09-15T23:30:05.0467292+09:00,wsl-docker,baseline,1,3.92,22961.9,42434,,0,1388.5,2
2026-09-15T23:30:06.1446019+09:00,wsl-docker,baseline,1,3.61,22961.7,42434.2,,0,1366.9,2
2026-09-15T23:30:07.3090227+09:00,wsl-docker,baseline,1,5.14,22959.3,42436.6,,0,1366.9,2
2026-09-15T23:30:08.4530660+09:00,wsl-docker,baseline,1,1.81,22958.7,42437.2,,0,1366.9,2
2026-09-15T23:30:09.6125682+09:00,wsl-docker,baseline,1,3.88,22962.6,42433.3,,0,1364.9,2
2026-09-15T23:30:10.7684373+09:00,wsl-docker,baseline,1,0.98,22955,42440.9,,0,1364.9,2
2026-09-15T23:30:11.9457294+09:00,wsl-docker,baseline,1,3.15,22961.8,42434.1,,0,1364.9,2
2026-09-15T23:30:13.1369967+09:00,wsl-docker,baseline,1,1.3,22966.9,42429,,0,1364.9,2
2026-09-15T23:30:14.3077935+09:00,wsl-docker,baseline,1,5.01,22964.3,42431.6,,0,1364.9,2
2026-09-15T23:30:15.4631168+09:00,wsl-docker,baseline,1,7,22983.9,42412,,0,1362.8,2
2026-09-15T23:30:16.6546855+09:00,wsl-docker,baseline,1,5.8,22971.4,42424.5,,0,1362.8,2
2026-09-15T23:30:17.7708455+09:00,wsl-docker,baseline,1,3.45,22973.5,42422.4,,0,1362.8,2
2026-09-15T23:30:18.9219374+09:00,wsl-docker,baseline,1,8.32,22973,42422.9,,0,1362.8,2
2026-09-15T23:30:20.1087040+09:00,wsl-docker,baseline,1,5.12,22977.4,42418.5,,0,1360.4,2
2026-09-15T23:30:21.2541882+09:00,wsl-docker,baseline,1,3.96,22975.9,42420,,0,1360.4,2
2026-09-15T23:30:22.3801142+09:00,wsl-docker,baseline,1,4.41,22985.4,42410.5,,0,1360.4,2
2026-09-15T23:30:23.4784661+09:00,wsl-docker,baseline,1,6.43,22963,42432.9,,0,1360.4,2
2026-09-15T23:30:24.6046787+09:00,wsl-docker,baseline,1,3.74,22968.8,42427.1,,0,1360.4,2
2026-09-15T23:30:25.7903770+09:00,wsl-docker,baseline,1,5.59,22000.9,43395,,0,1360.3,2
2026-09-15T23:30:26.9285757+09:00,wsl-docker,baseline,1,4.28,22006.9,43389,,0,1360.3,2
2026-09-15T23:30:28.0461582+09:00,wsl-docker,baseline,1,9.96,22006.4,43389.5,,0,1360.3,2
2026-09-15T23:30:29.1705129+09:00,wsl-docker,baseline,1,2.97,22006.1,43389.8,,0,1360.3,2
2026-09-15T23:30:30.3601377+09:00,wsl-docker,baseline,1,5.45,22006.2,43389.7,,0,1360.3,2
2026-09-15T23:30:31.5068703+09:00,wsl-docker,baseline,1,4.54,22007.3,43388.6,,0,1360.3,2
2026-09-15T23:30:41.2859879+09:00,wsl-docker,infra_idle,1,2.56,27788.9,37607,738.6,8,6239.6,2
2026-09-15T23:30:42.8032225+09:00,wsl-docker,infra_idle,1,4.06,27786.9,37609,737,8,6239.6,2
2026-09-15T23:30:43.9417951+09:00,wsl-docker,infra_idle,1,3.92,27789.1,37606.8,737.1,8,6239.7,2
2026-09-15T23:30:45.1626301+09:00,wsl-docker,infra_idle,1,1,27783.9,37612,737.1,8,6237.2,2
2026-09-15T23:30:46.3503554+09:00,wsl-docker,infra_idle,1,8.85,27786.5,37609.4,738.2,8,6237.3,2
2026-09-15T23:30:47.5698587+09:00,wsl-docker,infra_idle,1,20.79,27764.3,37631.6,738.1,8,6209.9,2
2026-09-15T23:30:48.7137602+09:00,wsl-docker,infra_idle,1,10.24,27747.9,37648,738.1,8,6188.9,2
2026-09-15T23:30:49.8897509+09:00,wsl-docker,infra_idle,1,8.85,27742.8,37653.1,738.1,8,6188.9,2
2026-09-15T23:30:51.0489923+09:00,wsl-docker,infra_idle,1,13.32,27732.6,37663.3,730.3,8,6188.9,2
2026-09-15T23:30:52.1794239+09:00,wsl-docker,infra_idle,1,6.15,27729.3,37666.6,730.2,8,6189,2
2026-09-15T23:30:53.3014788+09:00,wsl-docker,infra_idle,1,3.48,27731.9,37664,730.2,8,6189,2
2026-09-15T23:30:54.4841536+09:00,wsl-docker,infra_idle,1,11.76,27717.3,37678.6,718,8,6172.9,2
2026-09-15T23:30:55.5979423+09:00,wsl-docker,infra_idle,1,3.42,27689.9,37706,718,8,6172.9,2
2026-09-15T23:30:56.8910469+09:00,wsl-docker,infra_idle,1,6.09,27693.6,37702.3,718.7,8,6172.9,2
2026-09-15T23:30:58.1127122+09:00,wsl-docker,infra_idle,1,3.73,27672.5,37723.4,718.6,8,6172.9,2
2026-09-15T23:30:59.2922064+09:00,wsl-docker,infra_idle,1,2.39,27678.9,37717,715.1,8,6172.9,2
2026-09-15T23:31:00.4302064+09:00,wsl-docker,infra_idle,1,2.47,27672.5,37723.4,715.1,8,6172.9,2
2026-09-15T23:31:01.6057140+09:00,wsl-docker,infra_idle,1,3.31,27677.1,37718.8,715.6,8,6172.9,2
2026-09-15T23:31:02.8466297+09:00,wsl-docker,infra_idle,1,1.94,27687,37708.9,711.6,8,6172.9,2
2026-09-15T23:31:04.0354808+09:00,wsl-docker,infra_idle,1,12.37,27680.7,37715.2,697.9,8,6172.9,2
2026-09-15T23:31:05.2476798+09:00,wsl-docker,infra_idle,1,13.17,27653,37742.9,706.8,8,6172.9,2
2026-09-15T23:31:06.4516004+09:00,wsl-docker,infra_idle,1,8.9,27643.7,37752.2,707.5,8,6172.9,2
2026-09-15T23:31:07.6777036+09:00,wsl-docker,infra_idle,1,2.18,27630.6,37765.3,707.8,8,6172.9,2
2026-09-15T23:31:08.7843425+09:00,wsl-docker,infra_idle,1,7.92,27636.4,37759.5,708.5,8,6172.9,2
2026-09-15T23:31:09.9986305+09:00,wsl-docker,infra_idle,1,10.92,27633,37762.9,708.5,8,6172.9,2
2026-09-15T23:31:11.1956510+09:00,wsl-docker,infra_idle,1,11.72,27634.2,37761.7,708.9,8,6172.9,2
2026-09-15T23:31:12.3920382+09:00,wsl-docker,infra_idle,1,5.53,27631.4,37764.5,705.2,8,6172.9,2
2026-09-15T23:31:13.5304538+09:00,wsl-docker,infra_idle,1,7.08,27634.2,37761.7,705.7,8,6172.9,2
2026-09-15T23:31:14.6824735+09:00,wsl-docker,infra_idle,1,6.81,27633.5,37762.4,705.7,8,6172.9,2
2026-09-15T23:31:15.8270861+09:00,wsl-docker,infra_idle,1,3.53,27630.6,37765.3,705.8,8,6172.9,2
2026-09-15T23:31:16.9899104+09:00,wsl-docker,infra_idle,1,5.07,27634.8,37761.1,706.1,8,6172.9,2
2026-09-15T23:31:18.1332188+09:00,wsl-docker,infra_idle,1,3.57,27625.2,37770.7,698.2,8,6172.9,2
2026-09-15T23:31:19.2513026+09:00,wsl-docker,infra_idle,1,0.99,27623.4,37772.5,697.9,8,6172.9,2
2026-09-15T23:31:20.4371499+09:00,wsl-docker,infra_idle,1,14.7,27641.9,37754,698,8,6173.1,2
2026-09-15T23:31:21.6389271+09:00,wsl-docker,infra_idle,1,5.42,27640.7,37755.2,706.1,8,6173.1,2
2026-09-15T23:31:22.8143756+09:00,wsl-docker,infra_idle,1,5.88,27638.8,37757.1,706,8,6173.1,2
2026-09-15T23:31:23.9660122+09:00,wsl-docker,infra_idle,1,3.69,27641.3,37754.6,706,8,6173.1,2
2026-09-15T23:31:25.0877159+09:00,wsl-docker,infra_idle,1,5.7,27640.8,37755.1,706,8,6173.1,2
2026-09-15T23:31:26.2191474+09:00,wsl-docker,infra_idle,1,3.91,27650.6,37745.3,706.7,8,6173.1,2
2026-09-15T23:31:27.3792086+09:00,wsl-docker,infra_idle,1,2.29,27647.1,37748.8,706.7,8,6173.1,2
2026-09-15T23:31:28.5675513+09:00,wsl-docker,infra_idle,1,2.69,27651.1,37744.8,706.6,8,6173.1,2
2026-09-15T23:31:29.7387582+09:00,wsl-docker,infra_idle,1,12.49,27660.5,37735.4,706.6,8,6173.1,2
2026-09-15T23:31:30.9553852+09:00,wsl-docker,infra_idle,1,8.39,27665.8,37730.1,707.3,8,6173.1,2
2026-09-15T23:31:32.1934313+09:00,wsl-docker,infra_idle,1,11.79,27633.9,37762,707.2,8,6173.1,2
2026-09-15T23:31:33.3967026+09:00,wsl-docker,infra_idle,1,11.37,27641.8,37754.1,710.6,8,6173.2,2
2026-09-15T23:31:34.6040052+09:00,wsl-docker,infra_idle,1,15.68,27644.2,37751.7,710.6,8,6173.2,2
2026-09-15T23:31:35.7957185+09:00,wsl-docker,infra_idle,1,10.08,27660,37735.9,709.1,8,6173.2,2
2026-09-15T23:31:36.9860451+09:00,wsl-docker,infra_idle,1,19.01,27662.6,37733.3,705.6,8,6173.2,2
2026-09-15T23:31:38.1755688+09:00,wsl-docker,infra_idle,1,15.61,27651.2,37744.7,705.6,8,6173.2,2
2026-09-15T23:31:39.3085869+09:00,wsl-docker,infra_idle,1,5.64,27633.9,37762,705.6,8,6173.2,2
2026-09-15T23:31:40.4471830+09:00,wsl-docker,infra_idle,1,4.78,27632.1,37763.8,705.5,8,6173.2,2
2026-09-15T23:31:43.2707674+09:00,wsl-docker,app_idle,1,3.71,27673.3,37722.6,705.5,8,6224.9,2
2026-09-15T23:31:44.7141133+09:00,wsl-docker,app_idle,1,4.78,27669.8,37726.1,704.8,8,6225.7,2
2026-09-15T23:31:45.9011433+09:00,wsl-docker,app_idle,1,5.43,27672.2,37723.7,704.9,8,6225.7,2
2026-09-15T23:31:47.0500007+09:00,wsl-docker,app_idle,1,5.97,27673.5,37722.4,704.3,8,6225.7,2
2026-09-15T23:31:48.3157322+09:00,wsl-docker,app_idle,1,5.19,27674.9,37721,704.2,8,6225.7,2
2026-09-15T23:31:49.4667155+09:00,wsl-docker,app_idle,1,3.95,27678.2,37717.7,704.1,8,6225.7,2
2026-09-15T23:31:50.6002682+09:00,wsl-docker,app_idle,1,8.99,27687.6,37708.3,704.2,8,6225.7,2
2026-09-15T23:31:51.7986163+09:00,wsl-docker,app_idle,1,3.99,27682.1,37713.8,704.9,8,6223.7,2
2026-09-15T23:31:52.9470645+09:00,wsl-docker,app_idle,1,7.38,27680.6,37715.3,704.7,8,6223.7,2
2026-09-15T23:31:54.0493909+09:00,wsl-docker,app_idle,1,3.01,27672.6,37723.3,696.8,8,6223.7,2
2026-09-15T23:31:55.1667526+09:00,wsl-docker,app_idle,1,2.13,27675.4,37720.5,696.8,8,6223.7,2
2026-09-15T23:31:56.2975133+09:00,wsl-docker,app_idle,1,6.3,27676.6,37719.3,697.3,8,6223.7,2
2026-09-15T23:31:57.4878934+09:00,wsl-docker,app_idle,1,9.21,27679.2,37716.7,697.2,8,6223.7,2
2026-09-15T23:31:58.6268896+09:00,wsl-docker,app_idle,1,7.36,27681.6,37714.3,697.2,8,6223.7,2
2026-09-15T23:31:59.7975068+09:00,wsl-docker,app_idle,1,5.72,27680.7,37715.2,697.2,8,6223.7,2
2026-09-15T23:32:00.9787501+09:00,wsl-docker,app_idle,1,2.32,27673.9,37722,697.2,8,6223.7,2
2026-09-15T23:32:02.1092282+09:00,wsl-docker,app_idle,1,4.7,27674.3,37721.6,705.3,8,6223.7,2
2026-09-15T23:32:03.2470504+09:00,wsl-docker,app_idle,1,6.76,27686.6,37709.3,705.4,8,6223.7,2
2026-09-15T23:32:04.4316060+09:00,wsl-docker,app_idle,1,3.62,27679.6,37716.3,705.4,8,6223.7,2
2026-09-15T23:32:05.5764463+09:00,wsl-docker,app_idle,1,3.85,27688.6,37707.3,705.5,8,6223.7,2
2026-09-15T23:32:06.7883891+09:00,wsl-docker,app_idle,1,9.61,27699.7,37696.2,705.6,8,6223.7,2
2026-09-15T23:32:07.9721271+09:00,wsl-docker,app_idle,1,8.34,27703.3,37692.6,697.6,8,6223.7,2
2026-09-15T23:32:09.1759866+09:00,wsl-docker,app_idle,1,5.65,27662.5,37733.4,697.5,8,6223.7,2
2026-09-15T23:32:10.3008791+09:00,wsl-docker,app_idle,1,1.31,27664,37731.9,697.5,8,6223.7,2
2026-09-15T23:32:11.5376727+09:00,wsl-docker,app_idle,1,4.11,27663.6,37732.3,705.8,8,6223.7,2
2026-09-15T23:32:12.6388866+09:00,wsl-docker,app_idle,1,1.6,27668.4,37727.5,705.6,8,6223.7,2
2026-09-15T23:32:13.8739465+09:00,wsl-docker,app_idle,1,4.13,27674.9,37721,705.6,8,6223.7,2
2026-09-15T23:32:15.0582229+09:00,wsl-docker,app_idle,1,1.39,27666.8,37729.1,705.6,8,6223.7,2
2026-09-15T23:32:16.2877612+09:00,wsl-docker,app_idle,1,2.93,27673.9,37722,706.5,8,6223.7,2
2026-09-15T23:32:17.4602565+09:00,wsl-docker,app_idle,1,8.26,27670.6,37725.3,706.3,8,6223.7,2
2026-09-15T23:32:18.6808147+09:00,wsl-docker,app_idle,1,3.52,27671.8,37724.1,697.6,8,6223.7,2
2026-09-15T23:32:19.8054703+09:00,wsl-docker,app_idle,1,5.76,27666.7,37729.2,697.6,8,6223.7,2
2026-09-15T23:32:20.9399623+09:00,wsl-docker,app_idle,1,4.57,27668.7,37727.2,697.6,8,6223.7,2
2026-09-15T23:32:22.1422413+09:00,wsl-docker,app_idle,1,6.66,27667.8,37728.1,698,8,6223.7,2
2026-09-15T23:32:23.3129668+09:00,wsl-docker,app_idle,1,7.43,27671,37724.9,698,8,6223.7,2
2026-09-15T23:32:24.4467688+09:00,wsl-docker,app_idle,1,7.08,27673.5,37722.4,698.1,8,6223.7,2
2026-09-15T23:32:25.5808414+09:00,wsl-docker,app_idle,1,4.27,27667,37728.9,698,8,6223.7,2
2026-09-15T23:32:26.8621096+09:00,wsl-docker,app_idle,1,5.3,27687.7,37708.2,704.6,8,6223.7,2
2026-09-15T23:32:28.1309061+09:00,wsl-docker,app_idle,1,12,27689.3,37706.6,704.6,8,6223.7,2
2026-09-15T23:32:29.2794938+09:00,wsl-docker,app_idle,1,9.62,27686.9,37709,704.5,8,6223.7,2
2026-09-15T23:32:30.4976543+09:00,wsl-docker,app_idle,1,4.12,27686.1,37709.8,704.5,8,6223.7,2
2026-09-15T23:32:31.6101019+09:00,wsl-docker,app_idle,1,3.84,27686,37709.9,704.9,8,6223.7,2
2026-09-15T23:32:32.7761751+09:00,wsl-docker,app_idle,1,3.31,27701.5,37694.4,707.1,8,6223.7,2
2026-09-15T23:32:33.9611611+09:00,wsl-docker,app_idle,1,4.03,27671.5,37724.4,707.4,8,6223.7,2
2026-09-15T23:32:35.0947505+09:00,wsl-docker,app_idle,1,5.74,27674.4,37721.5,707.6,8,6223.7,2
2026-09-15T23:32:36.2856200+09:00,wsl-docker,app_idle,1,6.79,27681.5,37714.4,708.1,8,6227.7,2
2026-09-15T23:32:37.4657269+09:00,wsl-docker,app_idle,1,8.6,27239.3,38156.6,707.8,8,4180.5,2
2026-09-15T23:32:38.6680231+09:00,wsl-docker,app_idle,1,13.51,26960.9,38435,707.8,8,4180.5,2
2026-09-15T23:32:39.8330019+09:00,wsl-docker,app_idle,1,11.52,26592.4,38803.5,707.8,8,3389.7,2
2026-09-15T23:32:41.0278472+09:00,wsl-docker,app_idle,1,12.04,26236.4,39159.5,707.7,8,3389.7,2
2026-09-15T23:32:42.1847490+09:00,wsl-docker,app_idle,1,12.57,25971.6,39424.3,707.6,8,3137.7,2
2026-09-15T23:32:44.3228118+09:00,wsl-docker,load,1,44.74,26026.3,39369.6,715.5,8,2889.5,2
2026-09-15T23:32:45.9780153+09:00,wsl-docker,load,1,46.4,26017.2,39378.7,716.8,8,2727.7,2
2026-09-15T23:32:47.1888271+09:00,wsl-docker,load,1,39.04,26033.8,39362.1,717.1,8,2727.7,2
2026-09-15T23:32:48.5448991+09:00,wsl-docker,load,1,43.89,26034.8,39361.1,716.6,8,2579.7,2
2026-09-15T23:32:49.7637856+09:00,wsl-docker,load,1,42.59,26027.6,39368.3,716.9,8,2546,2
2026-09-15T23:32:50.9931682+09:00,wsl-docker,load,1,41.33,26032.5,39363.4,717.2,8,2546,2
2026-09-15T23:32:52.2041789+09:00,wsl-docker,load,1,39.27,26029.5,39366.4,717.2,8,2539.5,2
2026-09-15T23:32:53.4238564+09:00,wsl-docker,load,1,40.96,26032.5,39363.4,717.2,8,2539.5,2
2026-09-15T23:32:54.6480814+09:00,wsl-docker,load,1,39.71,26031.4,39364.5,717.3,8,2539.5,2
2026-09-15T23:32:55.8917155+09:00,wsl-docker,load,1,47.89,24439.7,40956.2,717.3,8,2539.5,2
2026-09-15T23:32:57.1099032+09:00,wsl-docker,load,1,44.25,24044.1,41351.8,718.1,8,2539.6,2
2026-09-15T23:32:58.3294792+09:00,wsl-docker,load,1,45.08,24052.7,41343.2,718.1,8,2540,2
2026-09-15T23:32:59.5344484+09:00,wsl-docker,load,1,42.82,24063.8,41332.1,718.2,8,2541.7,2
2026-09-15T23:33:00.7555467+09:00,wsl-docker,load,1,47.7,24054.9,41341,718.6,8,2543.5,2
2026-09-15T23:33:01.9654142+09:00,wsl-docker,load,1,42.6,24060.7,41335.2,718.1,8,2545.5,2
2026-09-15T23:33:03.1922332+09:00,wsl-docker,load,1,44.89,24063.6,41332.3,715.8,8,2546.7,2
2026-09-15T23:33:04.4055784+09:00,wsl-docker,load,1,40.51,24073.1,41322.8,715.8,8,2549.2,2
2026-09-15T23:33:05.6359186+09:00,wsl-docker,load,1,43.71,24072.9,41323,715.8,8,2551.6,2
2026-09-15T23:33:06.8695245+09:00,wsl-docker,load,1,44.9,24080,41315.9,716.6,8,2553.1,2
2026-09-15T23:33:08.0888371+09:00,wsl-docker,load,1,47.6,24082.8,41313.1,716.5,8,2554.1,2
2026-09-15T23:33:09.3051436+09:00,wsl-docker,load,1,43.63,24080.7,41315.2,716.9,8,2555.2,2
2026-09-15T23:33:10.5245873+09:00,wsl-docker,load,1,43.62,24078.3,41317.6,716.9,8,2556,2
2026-09-15T23:33:11.7440121+09:00,wsl-docker,load,1,42.03,24083.2,41312.7,717.4,8,2560.3,2
2026-09-15T23:33:12.9619188+09:00,wsl-docker,load,1,41.16,24091.6,41304.3,716.6,8,2561.3,2
2026-09-15T23:33:14.1691556+09:00,wsl-docker,load,1,46.71,24093.9,41302,716.6,8,2563,2
2026-09-15T23:33:15.3876407+09:00,wsl-docker,load,1,44.77,24096.9,41299,716.6,8,2565.7,2
2026-09-15T23:33:16.5900888+09:00,wsl-docker,load,1,41.63,24093,41302.9,714.6,8,2566.7,2
2026-09-15T23:33:17.8381210+09:00,wsl-docker,load,1,51.54,24104.6,41291.3,714.6,8,2567.7,2
2026-09-15T23:33:19.2338289+09:00,wsl-docker,load,1,46.68,24097.2,41298.7,714.6,8,2567.8,2
2026-09-15T23:33:20.4713501+09:00,wsl-docker,load,1,46.77,24102.1,41293.8,714.7,8,2568,2
2026-09-15T23:33:21.6944897+09:00,wsl-docker,load,1,48.26,24113.6,41282.3,715,8,2571.9,2
2026-09-15T23:33:22.9181163+09:00,wsl-docker,load,1,48.25,24116.8,41279.1,715,8,2575,2
2026-09-15T23:33:24.1583067+09:00,wsl-docker,load,1,45.12,24114,41281.9,714.5,8,2577.5,2
2026-09-15T23:33:25.4013177+09:00,wsl-docker,load,1,47.28,24136,41259.9,714.4,8,2579.2,2
2026-09-15T23:33:26.6069224+09:00,wsl-docker,load,1,42.46,24137,41258.9,715.5,8,2580,2
2026-09-15T23:33:27.8340825+09:00,wsl-docker,load,1,44.05,24137.4,41258.5,715.1,8,2580,2
2026-09-15T23:33:29.0582128+09:00,wsl-docker,load,1,46.24,24143.9,41252,715,8,2581.4,2
2026-09-15T23:33:30.2696603+09:00,wsl-docker,load,1,43.34,24160,41235.9,715.1,8,2581.4,2
2026-09-15T23:33:31.4866859+09:00,wsl-docker,load,1,44.26,24153.9,41242,715.9,8,2581.4,2
2026-09-15T23:33:32.6888033+09:00,wsl-docker,load,1,42.09,24172.3,41223.6,716.3,8,2581.9,2
2026-09-15T23:33:33.9098032+09:00,wsl-docker,load,1,40.19,24178.6,41217.3,715.7,8,2584.6,2
2026-09-15T23:33:35.1247957+09:00,wsl-docker,load,1,43.56,24179.8,41216.1,716.4,8,2585.4,2
2026-09-15T23:33:36.3591943+09:00,wsl-docker,load,1,42.83,24185.7,41210.2,717.1,8,2585.4,2
2026-09-15T23:33:37.6023897+09:00,wsl-docker,load,1,47.2,24170.4,41225.5,717.6,8,2585.4,2
2026-09-15T23:33:38.8251622+09:00,wsl-docker,load,1,41.88,24168.4,41227.5,717.8,8,2585.4,2
2026-09-15T23:33:40.0414602+09:00,wsl-docker,load,1,42.83,24167.2,41228.7,716.9,8,2586.6,2
2026-09-15T23:33:41.2698215+09:00,wsl-docker,load,1,39.29,24166.2,41229.7,716,8,2589.3,2
2026-09-15T23:33:42.4894109+09:00,wsl-docker,load,1,42.63,24167.2,41228.7,716,8,2591.2,2
2026-09-15T23:33:43.8054670+09:00,wsl-docker,load,1,44.18,24170,41225.9,716.1,8,2591.2,2
2026-09-15T23:33:45.0433427+09:00,wsl-docker,load,1,45.21,24174.3,41221.6,716,8,2593,2
2026-09-15T23:33:46.2815743+09:00,wsl-docker,load,1,40.34,24178.8,41217.1,716.1,8,2594,2
2026-09-15T23:33:47.5007247+09:00,wsl-docker,load,1,40.75,24177.3,41218.6,716,8,2594,2
2026-09-15T23:33:48.7522239+09:00,wsl-docker,load,1,43.03,24182.1,41213.8,716,8,2594,2
2026-09-15T23:33:49.9639622+09:00,wsl-docker,load,1,43.78,24185.9,41210,715.7,8,2594.9,2
2026-09-15T23:33:51.1912146+09:00,wsl-docker,load,1,41.18,24175.6,41220.3,715.8,8,2594.9,2
2026-09-15T23:33:52.4180941+09:00,wsl-docker,load,1,41.46,24186.4,41209.5,715.8,8,2595,2
2026-09-15T23:33:53.6430588+09:00,wsl-docker,load,1,43.44,24177.9,41218,715.8,8,2595,2
2026-09-15T23:33:54.8524429+09:00,wsl-docker,load,1,42.92,24176,41219.9,715.3,8,2595,2
2026-09-15T23:33:56.0829351+09:00,wsl-docker,load,1,44.36,24154.4,41241.5,715.8,8,2595,2
2026-09-15T23:33:57.2986493+09:00,wsl-docker,load,1,44.55,24162.7,41233.2,715.8,8,2595,2
2026-09-15T23:33:58.5230130+09:00,wsl-docker,load,1,41.33,24160.2,41235.7,716,8,2595,2
2026-09-15T23:33:59.7426256+09:00,wsl-docker,load,1,40.57,24173.8,41222.1,716.3,8,2595,2
2026-09-15T23:34:00.9451919+09:00,wsl-docker,load,1,42.6,24169.5,41226.4,716.3,8,2595,2
2026-09-15T23:34:02.1896316+09:00,wsl-docker,load,1,42.96,24172,41223.9,716.3,8,2595,2
2026-09-15T23:34:03.4075659+09:00,wsl-docker,load,1,45.39,24169.5,41226.4,717.3,8,2595,2
2026-09-15T23:34:04.6200548+09:00,wsl-docker,load,1,41.62,24168.4,41227.5,717,8,2595,2
2026-09-15T23:34:05.8531702+09:00,wsl-docker,load,1,40.32,24176.5,41219.4,716.8,8,2597.1,2
2026-09-15T23:34:07.0551349+09:00,wsl-docker,load,1,48.58,24181,41214.9,717.7,8,2597.6,2
2026-09-15T23:34:08.2607458+09:00,wsl-docker,load,1,50.42,24178.1,41217.8,717.7,8,2597.7,2
2026-09-15T23:34:09.4819440+09:00,wsl-docker,load,1,40.81,24189.2,41206.7,717.9,8,2597.7,2
2026-09-15T23:34:10.6862358+09:00,wsl-docker,load,1,41.43,24190.8,41205.1,717.9,8,2597.7,2
2026-09-15T23:34:11.9112101+09:00,wsl-docker,load,1,43.36,24189.4,41206.5,717.7,8,2598.8,2
2026-09-15T23:34:13.1104601+09:00,wsl-docker,load,1,43.59,24099.4,41296.5,717.6,8,2598.8,2
2026-09-15T23:34:14.3176601+09:00,wsl-docker,load,1,44.18,24099.5,41296.4,717.6,8,2599.1,2
2026-09-15T23:34:15.5357864+09:00,wsl-docker,load,1,42.69,24109.4,41286.5,717.6,8,2601.3,2
2026-09-15T23:34:16.7392964+09:00,wsl-docker,load,1,39.46,24111.7,41284.2,716.9,8,2602.9,2
2026-09-15T23:34:17.9575977+09:00,wsl-docker,load,1,43.9,24119.1,41276.8,716.8,8,2603.5,2
2026-09-15T23:34:19.1724454+09:00,wsl-docker,load,1,41.67,24118.6,41277.3,716.8,8,2603.5,2
2026-09-15T23:34:20.4106271+09:00,wsl-docker,load,1,45.86,24124.8,41271.1,716.9,8,2603.7,2
2026-09-15T23:34:21.6151021+09:00,wsl-docker,load,1,43.44,24132.4,41263.5,716.6,8,2603.7,2
2026-09-15T23:34:22.8429227+09:00,wsl-docker,load,1,44.96,24130.5,41265.4,717.2,8,2603.7,2
2026-09-15T23:34:24.0554940+09:00,wsl-docker,load,1,42.61,24135.5,41260.4,717.2,8,2603.8,2
2026-09-15T23:34:25.2584112+09:00,wsl-docker,load,1,43.39,24133.5,41262.4,716.8,8,2603.9,2
2026-09-15T23:34:26.4680870+09:00,wsl-docker,load,1,43.72,24161.5,41234.4,717.5,8,2603.9,2
2026-09-15T23:34:27.6974977+09:00,wsl-docker,load,1,46.66,24178.1,41217.8,717.5,8,2603.9,2
2026-09-15T23:34:28.9173093+09:00,wsl-docker,load,1,38.89,24180.6,41215.3,717.5,8,2603.9,2
2026-09-15T23:34:30.1281345+09:00,wsl-docker,load,1,42.8,24180.6,41215.3,717.5,8,2603.9,2
2026-09-15T23:34:31.3533008+09:00,wsl-docker,load,1,42.24,24183.3,41212.6,718.6,8,2603.9,2
2026-09-15T23:34:32.5670184+09:00,wsl-docker,load,1,43.63,24189.3,41206.6,718.7,8,2603.9,2
2026-09-15T23:34:33.7821191+09:00,wsl-docker,load,1,42.19,24194.1,41201.8,718.3,8,2603.9,2
2026-09-15T23:34:35.0057844+09:00,wsl-docker,load,1,41.88,24195.5,41200.4,718.5,8,2603.9,2
2026-09-15T23:34:36.2675256+09:00,wsl-docker,load,1,50.15,24216.7,41179.2,718,8,2603.9,2
2026-09-15T23:34:37.4905458+09:00,wsl-docker,load,1,42.74,24208.7,41187.2,718.5,8,2606.2,2
2026-09-15T23:34:38.7220987+09:00,wsl-docker,load,1,39.06,24225,41170.9,718.3,8,2609.4,2
2026-09-15T23:34:39.9409806+09:00,wsl-docker,load,1,42.61,24229.1,41166.8,718.3,8,2610.5,2
2026-09-15T23:34:41.1730226+09:00,wsl-docker,load,1,43.64,24230.4,41165.5,720.1,8,2614.4,2
2026-09-15T23:34:42.3862383+09:00,wsl-docker,load,1,41.43,24214.1,41181.8,719.9,8,2614.5,2
2026-09-15T23:34:43.6280629+09:00,wsl-docker,load,1,30.16,24248.1,41147.8,719.9,8,2614.5,2
2026-09-15T23:34:44.7685699+09:00,wsl-docker,load,1,4.65,24042.9,41353,720.2,8,2614.5,2
2026-09-15T23:34:45.9690428+09:00,wsl-docker,load,1,5.45,24057.6,41338.3,720.3,8,2614.5,2
2026-09-15T23:35:35.1086935+09:00,windows-wip,baseline,2,6.47,23504.4,41891.5,99.6,6,2674.3,2
2026-09-15T23:35:36.5259804+09:00,windows-wip,baseline,2,5.35,23490,41905.9,99.6,6,2620,2
2026-09-15T23:35:37.7204634+09:00,windows-wip,baseline,2,8.49,23481.5,41914.4,99.6,6,2604.5,2
2026-09-15T23:35:38.8737996+09:00,windows-wip,baseline,2,5.49,23476.5,41919.4,99.6,6,2604.5,2
2026-09-15T23:35:39.9965183+09:00,windows-wip,baseline,2,2.05,23481.3,41914.6,99.6,6,2597.1,2
2026-09-15T23:35:41.2056333+09:00,windows-wip,baseline,2,4.26,23479,41916.9,99.6,6,2597.1,2
2026-09-15T23:35:42.3741231+09:00,windows-wip,baseline,2,5.11,23480.7,41915.2,99.6,6,2597.1,2
2026-09-15T23:35:43.5008370+09:00,windows-wip,baseline,2,3.34,23477.4,41918.5,99.6,6,2586.1,2
2026-09-15T23:35:44.6714454+09:00,windows-wip,baseline,2,4.27,23468.2,41927.7,99.6,6,2586.1,2
2026-09-15T23:35:45.7967090+09:00,windows-wip,baseline,2,4.26,23473.7,41922.2,99.6,6,2586.1,2
2026-09-15T23:35:46.9706889+09:00,windows-wip,baseline,2,4.82,23469.6,41926.3,99.6,6,2586.1,2
2026-09-15T23:35:48.0903289+09:00,windows-wip,baseline,2,4.31,23476.9,41919,99.6,6,2584.9,2
2026-09-15T23:35:49.2208188+09:00,windows-wip,baseline,2,6.88,23481.6,41914.3,99.5,6,2586.8,2
2026-09-15T23:35:50.3530349+09:00,windows-wip,baseline,2,5.05,23477.4,41918.5,99.5,6,2582.6,2
2026-09-15T23:35:51.5558229+09:00,windows-wip,baseline,2,6.87,23475.9,41920,99.5,6,2582.6,2
2026-09-15T23:35:52.7255705+09:00,windows-wip,baseline,2,8.85,23312,42083.9,49.1,2,2582.6,2
2026-09-15T23:35:53.8928401+09:00,windows-wip,baseline,2,4.09,23285.2,42110.7,49.1,2,2465.6,2
2026-09-15T23:35:55.0211907+09:00,windows-wip,baseline,2,3.49,23276.2,42119.7,49.1,2,2463.9,2
2026-09-15T23:35:56.1792279+09:00,windows-wip,baseline,2,6.81,23065.6,42330.3,49.1,2,2422,2
2026-09-15T23:35:57.3433879+09:00,windows-wip,baseline,2,6.67,23053.7,42342.2,49.1,2,2422,2
2026-09-15T23:35:58.5143190+09:00,windows-wip,baseline,2,4.62,23056.3,42339.6,49.1,2,2401.9,2
2026-09-15T23:35:59.6531896+09:00,windows-wip,baseline,2,8.23,23060.6,42335.3,49.1,2,2392.2,2
2026-09-15T23:36:00.7678503+09:00,windows-wip,baseline,2,2.77,23036.9,42359,49.1,2,2392.2,2
2026-09-15T23:36:01.9299073+09:00,windows-wip,baseline,2,8.46,23031,42364.9,49.1,2,2390.1,2
2026-09-15T23:36:03.0179878+09:00,windows-wip,baseline,2,6.11,23032.2,42363.7,49.1,2,2390.1,2
2026-09-15T23:36:04.1267085+09:00,windows-wip,baseline,2,5.83,23031.7,42364.2,49.1,2,2390.1,2
2026-09-15T23:36:05.2444446+09:00,windows-wip,baseline,2,4.45,23022.8,42373.1,49.1,2,2390.1,2
2026-09-15T23:36:06.3558801+09:00,windows-wip,baseline,2,7.4,23026.6,42369.3,49.1,2,2390.1,2
2026-09-15T23:36:07.5097506+09:00,windows-wip,baseline,2,5.72,23027.4,42368.5,49,2,2390.1,2
2026-09-15T23:36:08.6751684+09:00,windows-wip,baseline,2,8.78,23024.7,42371.2,49,2,2390.1,2
2026-09-15T23:36:09.8153897+09:00,windows-wip,baseline,2,3.1,23023.1,42372.8,49,2,2390.1,2
2026-09-15T23:36:10.9528400+09:00,windows-wip,baseline,2,2.43,23028.2,42367.7,49,2,2390.1,2
2026-09-15T23:36:12.1260506+09:00,windows-wip,baseline,2,3.72,23025.6,42370.3,49,2,2390.1,2
2026-09-15T23:36:13.2930908+09:00,windows-wip,baseline,2,2.39,23025.5,42370.4,49,2,2390.1,2
2026-09-15T23:36:14.4282383+09:00,windows-wip,baseline,2,4.51,23022.7,42373.2,49,2,2390.1,2
2026-09-15T23:36:15.5315704+09:00,windows-wip,baseline,2,5.19,23025.5,42370.4,49,2,2390.1,2
2026-09-15T23:36:16.7063306+09:00,windows-wip,baseline,2,3.41,23023.5,42372.4,49,2,2390.1,2
2026-09-15T23:36:17.8238336+09:00,windows-wip,baseline,2,9.88,23027.5,42368.4,49,2,2390.1,2
2026-09-15T23:36:18.9344803+09:00,windows-wip,baseline,2,7.2,23026,42369.9,49,2,2390.1,2
2026-09-15T23:36:20.0802366+09:00,windows-wip,baseline,2,8.18,23027,42368.9,49,2,2390.1,2
2026-09-15T23:36:21.2553485+09:00,windows-wip,baseline,2,4.49,23031,42364.9,49,2,2390.1,2
2026-09-15T23:36:22.3859026+09:00,windows-wip,baseline,2,4.02,23028.4,42367.5,49,2,2390.1,2
2026-09-15T23:36:23.5208045+09:00,windows-wip,baseline,2,5.6,23030.9,42365,49,2,2390.1,2
2026-09-15T23:36:24.6403900+09:00,windows-wip,baseline,2,4.31,23027,42368.9,49,2,2390.1,2
2026-09-15T23:36:25.8977587+09:00,windows-wip,baseline,2,5.8,23016.1,42379.8,49,2,2390.1,2
2026-09-15T23:36:27.0623865+09:00,windows-wip,baseline,2,0.66,23020.2,42375.7,49,2,2390.1,2
2026-09-15T23:36:28.1741463+09:00,windows-wip,baseline,2,1.34,22987.1,42408.8,49,2,2390.1,2
2026-09-15T23:36:29.3856324+09:00,windows-wip,baseline,2,2.79,22995.9,42400,49,2,2390.1,2
2026-09-15T23:36:30.5510266+09:00,windows-wip,baseline,2,2.09,22994.6,42401.3,49,2,2390.1,2
2026-09-15T23:36:31.7327435+09:00,windows-wip,baseline,2,3.94,22993.5,42402.4,49,2,2390.1,2
2026-09-15T23:36:32.8259370+09:00,windows-wip,baseline,2,0.03,22987.2,42408.7,49,2,2390.1,2
2026-09-15T23:36:34.0105170+09:00,windows-wip,baseline,2,4.16,22989.7,42406.2,49,2,2390.1,2
2026-09-15T23:36:37.8967269+09:00,windows-wip,infra_idle,2,9.27,24296.6,41099.3,75.8,4,3497.1,4
2026-09-15T23:36:39.3167851+09:00,windows-wip,infra_idle,2,7.4,24294.8,41101.1,75.8,4,3497.1,4
2026-09-15T23:36:40.5271536+09:00,windows-wip,infra_idle,2,14.67,24396.4,40999.5,75.8,4,3595,4
2026-09-15T23:36:41.7461454+09:00,windows-wip,infra_idle,2,11.46,24397.3,40998.6,75.8,4,3594.5,4
2026-09-15T23:36:42.9390403+09:00,windows-wip,infra_idle,2,13.54,24403.7,40992.2,75.8,4,3594.5,4
2026-09-15T23:36:44.1291758+09:00,windows-wip,infra_idle,2,9.33,24403.2,40992.7,75.8,4,3594.5,4
2026-09-15T23:36:45.3258979+09:00,windows-wip,infra_idle,2,6.72,24397.9,40998,75.8,4,3594.5,4
2026-09-15T23:36:46.5128405+09:00,windows-wip,infra_idle,2,6.24,24422.1,40973.8,75.8,4,3613.1,4
2026-09-15T23:36:47.6946805+09:00,windows-wip,infra_idle,2,7.46,24406.8,40989.1,75.7,4,3401.5,4
2026-09-15T23:36:48.8551308+09:00,windows-wip,infra_idle,2,5.43,24411,40984.9,75.7,4,3401.5,4
2026-09-15T23:36:50.0417419+09:00,windows-wip,infra_idle,2,4.41,24416.8,40979.1,75.7,4,3312.8,4
2026-09-15T23:36:51.2014790+09:00,windows-wip,infra_idle,2,4.58,24409.5,40986.4,75.7,4,3312.8,4
2026-09-15T23:36:52.3205031+09:00,windows-wip,infra_idle,2,4.11,24403.1,40992.8,64.8,3,3270.8,4
2026-09-15T23:36:53.4260240+09:00,windows-wip,infra_idle,2,8.39,21836.3,43559.6,64.8,3,1204.1,2
2026-09-15T23:36:54.5200152+09:00,windows-wip,infra_idle,2,5.44,21832.2,43563.7,64.8,3,1204.1,2
2026-09-15T23:36:55.6125386+09:00,windows-wip,infra_idle,2,3.22,21831.3,43564.6,64.8,3,1204.1,2
2026-09-15T23:36:56.7706716+09:00,windows-wip,infra_idle,2,8,21841,43554.9,64.8,3,1204.1,2
2026-09-15T23:36:57.8742884+09:00,windows-wip,infra_idle,2,4.88,21837.6,43558.3,64.8,3,1204,2
2026-09-15T23:36:58.9908248+09:00,windows-wip,infra_idle,2,1.13,21844.4,43551.5,64.8,3,1204,2
2026-09-15T23:37:00.1678593+09:00,windows-wip,infra_idle,2,3.14,21835.1,43560.8,64.8,3,1204,2
2026-09-15T23:37:01.3358798+09:00,windows-wip,infra_idle,2,3.7,21841.1,43554.8,64.8,3,1204,2
2026-09-15T23:37:02.5512607+09:00,windows-wip,infra_idle,2,3.35,21838.4,43557.5,64.8,3,1204,2
2026-09-15T23:37:03.6638651+09:00,windows-wip,infra_idle,2,7.09,21864,43531.9,64.8,3,1204,2
2026-09-15T23:37:04.7892007+09:00,windows-wip,infra_idle,2,6.33,21870,43525.9,64.8,3,1204,2
2026-09-15T23:37:05.9065729+09:00,windows-wip,infra_idle,2,8.85,21839.4,43556.5,64.8,3,1203.8,2
2026-09-15T23:37:07.0894356+09:00,windows-wip,infra_idle,2,9.05,21742.1,43653.8,65.1,3,1197.3,2
2026-09-15T23:37:08.4901770+09:00,windows-wip,infra_idle,2,13,20445.3,44950.6,54.8,2,,0
2026-09-15T23:37:09.6646093+09:00,windows-wip,infra_idle,2,5.15,20449.2,44946.7,54.8,2,,0
2026-09-15T23:37:10.7625269+09:00,windows-wip,infra_idle,2,5.39,20433.2,44962.7,54.8,2,,0
2026-09-15T23:37:11.8942144+09:00,windows-wip,infra_idle,2,3.85,20431.7,44964.2,54.8,2,,0
2026-09-15T23:37:13.0379066+09:00,windows-wip,infra_idle,2,8.01,20429.9,44966,54.8,2,,0
2026-09-15T23:37:14.1574104+09:00,windows-wip,infra_idle,2,3.7,20419.4,44976.5,54.8,2,,0
2026-09-15T23:37:15.2795593+09:00,windows-wip,infra_idle,2,7.62,20465,44930.9,54.8,2,,0
2026-09-15T23:37:16.4919727+09:00,windows-wip,infra_idle,2,5,20463.4,44932.5,54.8,2,,0
2026-09-15T23:37:17.6902941+09:00,windows-wip,infra_idle,2,24.94,20577.7,44818.2,54.8,2,,0
2026-09-15T23:37:18.9639459+09:00,windows-wip,infra_idle,2,18.59,20578.2,44817.7,54.8,2,,0
2026-09-15T23:37:20.1589311+09:00,windows-wip,infra_idle,2,10.01,20582.4,44813.5,54.8,2,,0
2026-09-15T23:37:21.3267231+09:00,windows-wip,infra_idle,2,11.41,20579.2,44816.7,54.8,2,,0
2026-09-15T23:37:22.5186639+09:00,windows-wip,infra_idle,2,16.74,20609.8,44786.1,54.8,2,,0
2026-09-15T23:37:23.7019354+09:00,windows-wip,infra_idle,2,22.43,20596.4,44799.5,54.8,2,,0
2026-09-15T23:37:24.9022550+09:00,windows-wip,infra_idle,2,24.94,20590.1,44805.8,54.8,2,,0
2026-09-15T23:37:26.0995056+09:00,windows-wip,infra_idle,2,21.39,20589.1,44806.8,54.8,2,,0
2026-09-15T23:37:27.3173688+09:00,windows-wip,infra_idle,2,23.1,20592.5,44803.4,54.8,2,,0
2026-09-15T23:37:28.5161701+09:00,windows-wip,infra_idle,2,10.81,20579.7,44816.2,54.8,2,,0
2026-09-15T23:37:29.7024092+09:00,windows-wip,infra_idle,2,22.98,20587.5,44808.4,54.8,2,,0
2026-09-15T23:37:30.9264058+09:00,windows-wip,infra_idle,2,22.16,20562,44833.9,54.8,2,,0
2026-09-15T23:37:32.1579834+09:00,windows-wip,infra_idle,2,25.78,20560.8,44835.1,54.8,2,,0
2026-09-15T23:37:33.3701472+09:00,windows-wip,infra_idle,2,23.41,20558.7,44837.2,54.8,2,,0
2026-09-15T23:37:34.5651787+09:00,windows-wip,infra_idle,2,21.18,20558.5,44837.4,54.8,2,,0
2026-09-15T23:37:35.7535554+09:00,windows-wip,infra_idle,2,15.81,20562.1,44833.8,54.7,2,,0
2026-09-15T23:37:36.9316496+09:00,windows-wip,infra_idle,2,16.9,20564.3,44831.6,54.7,2,,0
2026-09-15T23:37:41.3393425+09:00,windows-wip,app_idle,2,19.79,22092.4,43303.5,65.6,3,1302.4,2
2026-09-15T23:37:42.8804961+09:00,windows-wip,app_idle,2,19.61,22043.3,43352.6,65.6,3,1302.2,2
2026-09-15T23:37:44.0635448+09:00,windows-wip,app_idle,2,18.41,22052.5,43343.4,65.6,3,1302.9,2
2026-09-15T23:37:45.2342695+09:00,windows-wip,app_idle,2,4.36,22037,43358.9,65.6,3,1302.5,2
2026-09-15T23:37:46.4331662+09:00,windows-wip,app_idle,2,17.7,22028.5,43367.4,65.6,3,1300.7,2
2026-09-15T23:37:47.6397915+09:00,windows-wip,app_idle,2,16.08,22028.4,43367.5,65.6,3,1300.7,2
2026-09-15T23:37:48.8216157+09:00,windows-wip,app_idle,2,20.82,22023.3,43372.6,65.6,3,1299.2,2
2026-09-15T23:37:50.0173581+09:00,windows-wip,app_idle,2,19.24,22021.4,43374.5,65.6,3,1299.2,2
2026-09-15T23:37:51.1952435+09:00,windows-wip,app_idle,2,12.04,22023.5,43372.4,65.6,3,1298.3,2
2026-09-15T23:37:52.3597360+09:00,windows-wip,app_idle,2,8.81,22019.1,43376.8,65.6,3,1297.9,2
2026-09-15T23:37:53.5381381+09:00,windows-wip,app_idle,2,8.3,22023,43372.9,65.6,3,1297.9,2
2026-09-15T23:37:54.6774765+09:00,windows-wip,app_idle,2,4.74,22029.5,43366.4,65.6,3,1297.4,2
2026-09-15T23:37:55.8851280+09:00,windows-wip,app_idle,2,17.24,22037,43358.9,65.6,3,1297.4,2
2026-09-15T23:37:57.0796871+09:00,windows-wip,app_idle,2,20.77,22031.7,43364.2,65.6,3,1297.2,2
2026-09-15T23:37:58.2699666+09:00,windows-wip,app_idle,2,18.16,22029.8,43366.1,65.6,3,1296.2,2
2026-09-15T23:37:59.4474374+09:00,windows-wip,app_idle,2,18.84,22032.3,43363.6,65.6,3,1296.2,2
2026-09-15T23:38:00.6312155+09:00,windows-wip,app_idle,2,6.33,22036.1,43359.8,65.6,3,1295.3,2
2026-09-15T23:38:01.7884859+09:00,windows-wip,app_idle,2,8.68,22033,43362.9,65.6,3,1295.3,2
2026-09-15T23:38:02.9672240+09:00,windows-wip,app_idle,2,19.89,22032.3,43363.6,65.6,3,1295.3,2
2026-09-15T23:38:04.1452714+09:00,windows-wip,app_idle,2,16.68,22031.9,43364,65.6,3,1295.3,2
2026-09-15T23:38:05.3352169+09:00,windows-wip,app_idle,2,21.21,22036.1,43359.8,65.6,3,1295.3,2
2026-09-15T23:38:06.5256972+09:00,windows-wip,app_idle,2,16.68,22039.2,43356.7,65.6,3,1295.3,2
2026-09-15T23:38:07.7006735+09:00,windows-wip,app_idle,2,25.82,22009.7,43386.2,65.6,3,1295.3,2
2026-09-15T23:38:08.8754367+09:00,windows-wip,app_idle,2,13.83,21976.1,43419.8,65.6,3,1295.3,2
2026-09-15T23:38:10.0595166+09:00,windows-wip,app_idle,2,9.56,21972.7,43423.2,65.6,3,1295.4,2
2026-09-15T23:38:11.2194255+09:00,windows-wip,app_idle,2,3.44,21968.4,43427.5,65.6,3,1295.4,2
2026-09-15T23:38:12.3448805+09:00,windows-wip,app_idle,2,4.2,21971.7,43424.2,65.6,3,1295.4,2
2026-09-15T23:38:13.5246817+09:00,windows-wip,app_idle,2,11.52,21981.7,43414.2,65.6,3,1295.4,2
2026-09-15T23:38:14.7226548+09:00,windows-wip,app_idle,2,11.65,21994,43401.9,65.6,3,1295.4,2
2026-09-15T23:38:15.9248716+09:00,windows-wip,app_idle,2,7.52,21978.8,43417.1,65.6,3,1295.4,2
2026-09-15T23:38:17.0802395+09:00,windows-wip,app_idle,2,8.48,21979.8,43416.1,65.6,3,1295.4,2
2026-09-15T23:38:18.2579692+09:00,windows-wip,app_idle,2,8.41,21981.4,43414.5,65.6,3,1295.4,2
2026-09-15T23:38:19.3750543+09:00,windows-wip,app_idle,2,4.35,21986.8,43409.1,65.6,3,1295.4,2
2026-09-15T23:38:20.5129552+09:00,windows-wip,app_idle,2,5.28,21988.6,43407.3,65.6,3,1295.4,2
2026-09-15T23:38:21.6630508+09:00,windows-wip,app_idle,2,5.54,21982.8,43413.1,65.6,3,1295.4,2
2026-09-15T23:38:22.8253680+09:00,windows-wip,app_idle,2,5.46,21976.6,43419.3,65.6,3,1295.4,2
2026-09-15T23:38:24.0569138+09:00,windows-wip,app_idle,2,6.32,21983.5,43412.4,65.6,3,1295.4,2
2026-09-15T23:38:25.2171402+09:00,windows-wip,app_idle,2,4.08,21989.9,43406,65.6,3,1295.4,2
2026-09-15T23:38:26.3852707+09:00,windows-wip,app_idle,2,5.78,21991.2,43404.7,65.6,3,1295.5,2
2026-09-15T23:38:27.5188400+09:00,windows-wip,app_idle,2,4.14,21987.9,43408,65.6,3,1295.5,2
2026-09-15T23:38:28.6431787+09:00,windows-wip,app_idle,2,7.74,21998,43397.9,65.6,3,1295.5,2
2026-09-15T23:38:29.7948167+09:00,windows-wip,app_idle,2,4.26,21993,43402.9,65.6,3,1295.5,2
2026-09-15T23:38:30.9595550+09:00,windows-wip,app_idle,2,2.03,21993.3,43402.6,65.6,3,1295.5,2
2026-09-15T23:38:32.1829883+09:00,windows-wip,app_idle,2,3.61,21997.5,43398.4,65.6,3,1295.5,2
2026-09-15T23:38:33.2782734+09:00,windows-wip,app_idle,2,2.09,21997.9,43398,65.6,3,1295.5,2
2026-09-15T23:38:34.5070696+09:00,windows-wip,app_idle,2,3.22,21985.5,43410.4,65.6,3,1295.5,2
2026-09-15T23:38:35.6313660+09:00,windows-wip,app_idle,2,3.98,21979.2,43416.7,65.6,3,1295.5,2
2026-09-15T23:38:36.7637308+09:00,windows-wip,app_idle,2,4.2,21979.1,43416.8,65.6,3,1295.5,2
2026-09-15T23:38:37.9198859+09:00,windows-wip,app_idle,2,4.4,21980.5,43415.4,65.6,3,1295.5,2
2026-09-15T23:38:39.1065214+09:00,windows-wip,app_idle,2,10.27,21976.2,43419.7,65.6,3,1295.5,2
2026-09-15T23:38:40.2811866+09:00,windows-wip,app_idle,2,11.49,21983.2,43412.7,65.6,3,1295.5,2
2026-09-15T23:38:42.3752008+09:00,windows-wip,load,2,14.56,22046.7,43349.2,65.6,3,1312.2,2
2026-09-15T23:38:43.9164626+09:00,windows-wip,load,2,18.12,22066.2,43329.7,65.6,3,1312.2,2
2026-09-15T23:38:45.1062254+09:00,windows-wip,load,2,22.44,22066.7,43329.2,65.6,3,1312.2,2
2026-09-15T23:38:46.3113197+09:00,windows-wip,load,2,20.74,22071.5,43324.4,65.6,3,1313.5,2
2026-09-15T23:38:47.5038390+09:00,windows-wip,load,2,20.56,22076.6,43319.3,65.6,3,1313.5,2
2026-09-15T23:38:48.6509965+09:00,windows-wip,load,2,18.86,22089.6,43306.3,65.6,3,1313.5,2
2026-09-15T23:38:49.8503666+09:00,windows-wip,load,2,24.65,22082.5,43313.4,65.5,3,1313.7,2
2026-09-15T23:38:50.9792063+09:00,windows-wip,load,2,20.82,22106.6,43289.3,65.5,3,1313.7,2
2026-09-15T23:38:52.1664234+09:00,windows-wip,load,2,20.97,22107.4,43288.5,65.5,3,1313.7,2
2026-09-15T23:38:53.3410067+09:00,windows-wip,load,2,19.73,22112.8,43283.1,65.5,3,1313.7,2
2026-09-15T23:38:54.5218746+09:00,windows-wip,load,2,21.54,22113.7,43282.2,65.5,3,1313.7,2
2026-09-15T23:38:55.6465975+09:00,windows-wip,load,2,20.49,22127.7,43268.2,65.5,3,1313.7,2
2026-09-15T23:38:56.8270265+09:00,windows-wip,load,2,18.13,22124.3,43271.6,65.5,3,1313.7,2
2026-09-15T23:38:58.0053917+09:00,windows-wip,load,2,19.61,22125,43270.9,65.5,3,1313.7,2
2026-09-15T23:38:59.2007492+09:00,windows-wip,load,2,19.17,22140.7,43255.2,65.5,3,1313.7,2
2026-09-15T23:39:00.3974184+09:00,windows-wip,load,2,21.86,22126.2,43269.7,65.5,3,1313.7,2
2026-09-15T23:39:01.5900868+09:00,windows-wip,load,2,19.42,22140.5,43255.4,65.5,3,1319.1,2
2026-09-15T23:39:02.7438665+09:00,windows-wip,load,2,19.82,22145.8,43250.1,65.5,3,1319.2,2
2026-09-15T23:39:03.9371766+09:00,windows-wip,load,2,20.16,22149.1,43246.8,65.5,3,1319.2,2
2026-09-15T23:39:05.1115929+09:00,windows-wip,load,2,23.23,22136.1,43259.8,65.5,3,1319.2,2
2026-09-15T23:39:06.3086086+09:00,windows-wip,load,2,19.77,22136.2,43259.7,65.5,3,1319.2,2
2026-09-15T23:39:07.5098913+09:00,windows-wip,load,2,22.25,22142.6,43253.3,65.5,3,1319.3,2
2026-09-15T23:39:08.7038985+09:00,windows-wip,load,2,18.45,22148.7,43247.2,65.5,3,1319.3,2
2026-09-15T23:39:09.8913440+09:00,windows-wip,load,2,21.48,22154.6,43241.3,65.5,3,1319.4,2
2026-09-15T23:39:11.1020403+09:00,windows-wip,load,2,18.29,22148.8,43247.1,65.5,3,1319.4,2
2026-09-15T23:39:12.2844857+09:00,windows-wip,load,2,20.28,22150.5,43245.4,65.5,3,1319.4,2
2026-09-15T23:39:13.4762238+09:00,windows-wip,load,2,24.22,22157,43238.9,65.5,3,1319.4,2
2026-09-15T23:39:14.6754570+09:00,windows-wip,load,2,23.84,22170.4,43225.5,65.5,3,1319.4,2
2026-09-15T23:39:15.8585306+09:00,windows-wip,load,2,26.4,22170.8,43225.1,65.5,3,1319.4,2
2026-09-15T23:39:16.9865529+09:00,windows-wip,load,2,22.59,22169.6,43226.3,65.5,3,1319.4,2
2026-09-15T23:39:18.1347414+09:00,windows-wip,load,2,22.09,22173,43222.9,65.5,3,1319.4,2
2026-09-15T23:39:19.3161727+09:00,windows-wip,load,2,22.63,22182.2,43213.7,65.5,3,1319.4,2
2026-09-15T23:39:20.4954502+09:00,windows-wip,load,2,24.91,22181.1,43214.8,65.5,3,1319.4,2
2026-09-15T23:39:21.6700599+09:00,windows-wip,load,2,17.56,22183.4,43212.5,65.5,3,1319.4,2
2026-09-15T23:39:22.8809782+09:00,windows-wip,load,2,20.51,22188.2,43207.7,65.5,3,1319.4,2
2026-09-15T23:39:24.0226170+09:00,windows-wip,load,2,20.58,22189.1,43206.8,65.5,3,1319.4,2
2026-09-15T23:39:25.2155389+09:00,windows-wip,load,2,24.32,22184.2,43211.7,65.5,3,1319.4,2
2026-09-15T23:39:26.4029735+09:00,windows-wip,load,2,23.16,22180.6,43215.3,65.5,3,1319.4,2
2026-09-15T23:39:27.5665841+09:00,windows-wip,load,2,23.52,22188.1,43207.8,65.5,3,1319.4,2
2026-09-15T23:39:28.7528148+09:00,windows-wip,load,2,25.93,22193.7,43202.2,65.5,3,1319.4,2
2026-09-15T23:39:29.9297883+09:00,windows-wip,load,2,30.31,22165.3,43230.6,65.5,3,1319.4,2
2026-09-15T23:39:31.0667481+09:00,windows-wip,load,2,23.19,22184.9,43211,65.5,3,1319.4,2
2026-09-15T23:39:32.2337228+09:00,windows-wip,load,2,22.6,22162.4,43233.5,65.5,3,1319.4,2
2026-09-15T23:39:33.4283987+09:00,windows-wip,load,2,18.04,22169.9,43226,65.5,3,1319.4,2
2026-09-15T23:39:34.6028414+09:00,windows-wip,load,2,18.71,22174.2,43221.7,65.5,3,1319.4,2
2026-09-15T23:39:35.8066413+09:00,windows-wip,load,2,20.38,22157.4,43238.5,65.5,3,1319.4,2
2026-09-15T23:39:36.9800954+09:00,windows-wip,load,2,20.06,22156.8,43239.1,65.5,3,1319.4,2
2026-09-15T23:39:38.1272940+09:00,windows-wip,load,2,21.32,22168.5,43227.4,65.5,3,1319.4,2
2026-09-15T23:39:39.3023036+09:00,windows-wip,load,2,18.21,22162.6,43233.3,65.5,3,1319.4,2
2026-09-15T23:39:40.4847724+09:00,windows-wip,load,2,18.94,22156.4,43239.5,65.5,3,1320,2
2026-09-15T23:39:41.6615412+09:00,windows-wip,load,2,21.31,22153.3,43242.6,65.5,3,1320,2
2026-09-15T23:39:42.8063550+09:00,windows-wip,load,2,18.65,22173.2,43222.7,65.5,3,1320,2
2026-09-15T23:39:43.9862236+09:00,windows-wip,load,2,21.77,22171.2,43224.7,65.5,3,1320,2
2026-09-15T23:39:45.1682588+09:00,windows-wip,load,2,22.9,22168.7,43227.2,65.5,3,1320,2
2026-09-15T23:39:46.3343184+09:00,windows-wip,load,2,18.97,22108.6,43287.3,65.5,3,1320,2
2026-09-15T23:39:47.5148707+09:00,windows-wip,load,2,18.2,22108.9,43287,65.5,3,1320,2
2026-09-15T23:39:48.6971672+09:00,windows-wip,load,2,19.06,22118,43277.9,65.5,3,1320,2
2026-09-15T23:39:49.8468917+09:00,windows-wip,load,2,22.41,22130.8,43265.1,65.5,3,1320,2
2026-09-15T23:39:51.0148098+09:00,windows-wip,load,2,19.48,22132.1,43263.8,65.5,3,1320,2
2026-09-15T23:39:52.1535656+09:00,windows-wip,load,2,17.03,22134.5,43261.4,65.5,3,1320,2
2026-09-15T23:39:53.3242194+09:00,windows-wip,load,2,18.36,22134.7,43261.2,65.5,3,1320.1,2
2026-09-15T23:39:54.5138658+09:00,windows-wip,load,2,18.54,22134.7,43261.2,65.5,3,1320.1,2
2026-09-15T23:39:55.7094991+09:00,windows-wip,load,2,26.44,22139,43256.9,65.5,3,1320.1,2
2026-09-15T23:39:56.8926331+09:00,windows-wip,load,2,24.16,22143.6,43252.3,65.5,3,1320.1,2
2026-09-15T23:39:58.0245494+09:00,windows-wip,load,2,23.6,22131.8,43264.1,65.5,3,1320.1,2
2026-09-15T23:39:59.2178954+09:00,windows-wip,load,2,21.44,22142.4,43253.5,65.5,3,1320.1,2
2026-09-15T23:40:00.4171104+09:00,windows-wip,load,2,19.94,22147.3,43248.6,65.5,3,1320.1,2
2026-09-15T23:40:01.6329580+09:00,windows-wip,load,2,19.72,22144.5,43251.4,65.5,3,1320.1,2
2026-09-15T23:40:02.8339254+09:00,windows-wip,load,2,15.75,22137.3,43258.6,65.5,3,1320.1,2
2026-09-15T23:40:04.0309733+09:00,windows-wip,load,2,18.69,22139.6,43256.3,65.5,3,1320.1,2
2026-09-15T23:40:05.2071757+09:00,windows-wip,load,2,19.18,22146.3,43249.6,65.5,3,1320.1,2
2026-09-15T23:40:06.3971062+09:00,windows-wip,load,2,20.16,22119.8,43276.1,65.5,3,1331.8,2
2026-09-15T23:40:07.5439453+09:00,windows-wip,load,2,22.81,22116.8,43279.1,65.5,3,1331.9,2
2026-09-15T23:40:08.7279015+09:00,windows-wip,load,2,17.66,22117,43278.9,65,3,1331.9,2
2026-09-15T23:40:09.9281446+09:00,windows-wip,load,2,21.42,22122.4,43273.5,65,3,1331.9,2
2026-09-15T23:40:11.1384127+09:00,windows-wip,load,2,21.11,22117.2,43278.7,65,3,1331.9,2
2026-09-15T23:40:12.3072292+09:00,windows-wip,load,2,17.78,22118.4,43277.5,65,3,1331.9,2
2026-09-15T23:40:13.4203017+09:00,windows-wip,load,2,19.05,22125.2,43270.7,65,3,1331.9,2
2026-09-15T23:40:14.5966683+09:00,windows-wip,load,2,23.8,22126.6,43269.3,65,3,1331.9,2
2026-09-15T23:40:15.7827410+09:00,windows-wip,load,2,24.1,22130.7,43265.2,65,3,1331.9,2
2026-09-15T23:40:16.9578054+09:00,windows-wip,load,2,26.72,22133.6,43262.3,65,3,1331.9,2
2026-09-15T23:40:18.1444647+09:00,windows-wip,load,2,19.68,22129.5,43266.4,65,3,1331.9,2
2026-09-15T23:40:19.3339790+09:00,windows-wip,load,2,20.98,22139.7,43256.2,65,3,1331.9,2
2026-09-15T23:40:20.5185020+09:00,windows-wip,load,2,18.68,22137.5,43258.4,65,3,1331.9,2
2026-09-15T23:40:21.6682647+09:00,windows-wip,load,2,23.82,22133.5,43262.4,65,3,1331.9,2
2026-09-15T23:40:22.8405444+09:00,windows-wip,load,2,17.23,22138.6,43257.3,65,3,1331.9,2
2026-09-15T23:40:23.9512891+09:00,windows-wip,load,2,22.15,22142.4,43253.5,65,3,1332,2
2026-09-15T23:40:25.1385635+09:00,windows-wip,load,2,19.87,22134,43261.9,65,3,1332,2
2026-09-15T23:40:26.3139587+09:00,windows-wip,load,2,20.18,22136.5,43259.4,65,3,1332,2
2026-09-15T23:40:27.4404585+09:00,windows-wip,load,2,21.32,22146.2,43249.7,65,3,1332,2
2026-09-15T23:40:28.5576876+09:00,windows-wip,load,2,20.98,22145.3,43250.6,65,3,1332,2
2026-09-15T23:40:29.7458730+09:00,windows-wip,load,2,24.49,22159.2,43236.7,65,3,1332,2
2026-09-15T23:40:30.9139476+09:00,windows-wip,load,2,23.06,22145.7,43250.2,65,3,1332,2
2026-09-15T23:40:32.0458914+09:00,windows-wip,load,2,21.4,22159.7,43236.2,65,3,1332,2
2026-09-15T23:40:33.1941251+09:00,windows-wip,load,2,18.74,22162.3,43233.6,65,3,1332,2
2026-09-15T23:40:34.3458315+09:00,windows-wip,load,2,22.09,22169.8,43226.1,65,3,1332,2
2026-09-15T23:40:35.4887623+09:00,windows-wip,load,2,21.37,22162.8,43233.1,65,3,1332,2
2026-09-15T23:40:36.6395082+09:00,windows-wip,load,2,20.6,22177.5,43218.4,65,3,1332,2
2026-09-15T23:40:37.8353676+09:00,windows-wip,load,2,26.84,22169.9,43226,65,3,1332,2
2026-09-15T23:40:39.0202526+09:00,windows-wip,load,2,21.86,22169.6,43226.3,65,3,1332.1,2
2026-09-15T23:40:40.1301447+09:00,windows-wip,load,2,18.57,22171.3,43224.6,65,3,1332.1,2
2026-09-15T23:40:41.3298844+09:00,windows-wip,load,2,18.98,22243.5,43152.4,65,3,1332.1,2
2026-09-15T23:40:42.4744827+09:00,windows-wip,load,2,12.4,22014.9,43381,65,3,1332.1,2
2026-09-15T23:40:43.6622224+09:00,windows-wip,load,2,6.72,22024.7,43371.2,65,3,1332.1,2
2026-09-15T23:40:47.0223074+09:00,wsl-docker,baseline,2,10.44,20454.8,44941.1,,0,,0
2026-09-15T23:40:48.4532294+09:00,wsl-docker,baseline,2,4.49,20453.8,44942.1,,0,,0
2026-09-15T23:40:49.5724874+09:00,wsl-docker,baseline,2,10.38,20454.6,44941.3,,0,,0
2026-09-15T23:40:50.6725418+09:00,wsl-docker,baseline,2,3.74,20468.7,44927.2,,0,,0
2026-09-15T23:40:51.8337610+09:00,wsl-docker,baseline,2,7.65,20455.9,44940,,0,,0
2026-09-15T23:40:52.9924825+09:00,wsl-docker,baseline,2,1.93,20452.8,44943.1,,0,,0
2026-09-15T23:40:54.1024188+09:00,wsl-docker,baseline,2,7.84,20454.5,44941.4,,0,,0
2026-09-15T23:40:55.2478153+09:00,wsl-docker,baseline,2,0.61,20453.7,44942.2,,0,,0
2026-09-15T23:40:56.4494096+09:00,wsl-docker,baseline,2,7.73,20458,44937.9,,0,,0
2026-09-15T23:40:57.5500918+09:00,wsl-docker,baseline,2,6.22,20452.2,44943.7,,0,,0
2026-09-15T23:40:58.6989657+09:00,wsl-docker,baseline,2,9.06,20454.9,44941,,0,,0
2026-09-15T23:40:59.8221467+09:00,wsl-docker,baseline,2,5.26,20469,44926.9,,0,,0
2026-09-15T23:41:00.9824928+09:00,wsl-docker,baseline,2,7.41,20455.1,44940.8,,0,,0
2026-09-15T23:41:02.1159157+09:00,wsl-docker,baseline,2,2.4,20441.7,44954.2,,0,,0
2026-09-15T23:41:03.2782964+09:00,wsl-docker,baseline,2,4.1,20448.4,44947.5,,0,,0
2026-09-15T23:41:04.3691952+09:00,wsl-docker,baseline,2,5.17,20451.9,44944,,0,,0
2026-09-15T23:41:05.4625355+09:00,wsl-docker,baseline,2,5.41,20451,44944.9,,0,,0
2026-09-15T23:41:06.5753883+09:00,wsl-docker,baseline,2,4.3,20448.2,44947.7,,0,,0
2026-09-15T23:41:07.6925125+09:00,wsl-docker,baseline,2,5.54,20451.6,44944.3,,0,,0
2026-09-15T23:41:08.7771409+09:00,wsl-docker,baseline,2,4.13,20449,44946.9,,0,,0
2026-09-15T23:41:09.8769550+09:00,wsl-docker,baseline,2,6.5,20456.9,44939,,0,,0
2026-09-15T23:41:10.9727318+09:00,wsl-docker,baseline,2,5.39,20452.9,44943,,0,,0
2026-09-15T23:41:12.0578735+09:00,wsl-docker,baseline,2,6.86,20452.5,44943.4,,0,,0
2026-09-15T23:41:13.1546668+09:00,wsl-docker,baseline,2,3.88,20447,44948.9,,0,,0
2026-09-15T23:41:14.2425074+09:00,wsl-docker,baseline,2,4.38,20451.1,44944.8,,0,,0
2026-09-15T23:41:15.3512873+09:00,wsl-docker,baseline,2,6.78,20452,44943.9,,0,,0
2026-09-15T23:41:16.5078125+09:00,wsl-docker,baseline,2,10.03,20457.7,44938.2,,0,,0
2026-09-15T23:41:17.6022650+09:00,wsl-docker,baseline,2,6.06,20454,44941.9,,0,,0
2026-09-15T23:41:18.6851118+09:00,wsl-docker,baseline,2,2.72,20460.8,44935.1,,0,,0
2026-09-15T23:41:19.8151963+09:00,wsl-docker,baseline,2,3.3,20461.9,44934,,0,,0
2026-09-15T23:41:20.9402411+09:00,wsl-docker,baseline,2,3.61,20454.4,44941.5,,0,,0
2026-09-15T23:41:22.1359576+09:00,wsl-docker,baseline,2,3.76,20456.1,44939.8,,0,,0
2026-09-15T23:41:23.2316150+09:00,wsl-docker,baseline,2,4.34,20460,44935.9,,0,,0
2026-09-15T23:41:24.3581642+09:00,wsl-docker,baseline,2,3.54,20457.5,44938.4,,0,,0
2026-09-15T23:41:25.4569565+09:00,wsl-docker,baseline,2,6.13,20462.8,44933.1,,0,,0
2026-09-15T23:41:26.5470403+09:00,wsl-docker,baseline,2,4.68,20463.7,44932.2,,0,,0
2026-09-15T23:41:27.6649407+09:00,wsl-docker,baseline,2,4.45,20462.3,44933.6,,0,,0
2026-09-15T23:41:28.7807689+09:00,wsl-docker,baseline,2,2.47,20463,44932.9,,0,,0
2026-09-15T23:41:29.8928035+09:00,wsl-docker,baseline,2,6.65,20470.3,44925.6,,0,,0
2026-09-15T23:41:31.0053841+09:00,wsl-docker,baseline,2,0.79,20465.9,44930,,0,,0
2026-09-15T23:41:32.1840565+09:00,wsl-docker,baseline,2,1.89,20469,44926.9,,0,,0
2026-09-15T23:41:33.3550724+09:00,wsl-docker,baseline,2,2.69,20468.6,44927.3,,0,,0
2026-09-15T23:41:34.5012529+09:00,wsl-docker,baseline,2,3.71,20475.5,44920.4,,0,,0
2026-09-15T23:41:35.6396154+09:00,wsl-docker,baseline,2,6.67,20474.9,44921,,0,,0
2026-09-15T23:41:36.8265283+09:00,wsl-docker,baseline,2,8.51,20475.8,44920.1,,0,,0
2026-09-15T23:41:38.0212493+09:00,wsl-docker,baseline,2,4.56,20476.4,44919.5,,0,,0
2026-09-15T23:41:39.1804816+09:00,wsl-docker,baseline,2,4.52,20484.2,44911.7,,0,,0
2026-09-15T23:41:40.3380984+09:00,wsl-docker,baseline,2,4.27,20453,44942.9,,0,,0
2026-09-15T23:41:41.5110573+09:00,wsl-docker,baseline,2,5.61,20455.2,44940.7,,0,,0
2026-09-15T23:41:42.6270293+09:00,wsl-docker,baseline,2,2.86,20449.9,44946,,0,,0
2026-09-15T23:41:43.7436560+09:00,wsl-docker,baseline,2,7.06,20453.1,44942.8,,0,,0
2026-09-15T23:41:44.8303185+09:00,wsl-docker,baseline,2,3.57,20454.1,44941.8,,0,,0
2026-09-15T23:41:45.9502314+09:00,wsl-docker,baseline,2,10.43,20455.4,44940.5,,0,,0
2026-09-15T23:41:58.2889035+09:00,wsl-docker,infra_idle,2,5.92,28147.2,37248.7,741.7,8,6577,2
2026-09-15T23:41:59.7695397+09:00,wsl-docker,infra_idle,2,3.68,28163.8,37232.1,741.6,8,6577.1,2
2026-09-15T23:42:00.9548786+09:00,wsl-docker,infra_idle,2,6.5,28151.6,37244.3,731.7,8,6576.6,2
2026-09-15T23:42:02.1018691+09:00,wsl-docker,infra_idle,2,5.42,28151,37244.9,731.9,8,6576.6,2
2026-09-15T23:42:03.2952562+09:00,wsl-docker,infra_idle,2,5.35,28134.3,37261.6,733.8,8,6556.4,2
2026-09-15T23:42:04.4715898+09:00,wsl-docker,infra_idle,2,16.21,28135.7,37260.2,734,8,6556.5,2
2026-09-15T23:42:05.5867230+09:00,wsl-docker,infra_idle,2,4.94,28121.8,37274.1,734.5,8,6536,2
2026-09-15T23:42:06.7204425+09:00,wsl-docker,infra_idle,2,5.13,28117.6,37278.3,734.8,8,6533,2
2026-09-15T23:42:07.8870101+09:00,wsl-docker,infra_idle,2,7.69,28093.9,37302,735,8,6533,2
2026-09-15T23:42:09.0747391+09:00,wsl-docker,infra_idle,2,5.21,28092.7,37303.2,734.9,8,6534,2
2026-09-15T23:42:10.2526897+09:00,wsl-docker,infra_idle,2,5.5,28099.4,37296.5,734.9,8,6534,2
2026-09-15T23:42:11.4364450+09:00,wsl-docker,infra_idle,2,5.24,28081.7,37314.2,722.8,8,6505.5,2
2026-09-15T23:42:12.6324386+09:00,wsl-docker,infra_idle,2,3.17,28081.8,37314.1,722.8,8,6501.9,2
2026-09-15T23:42:13.8600760+09:00,wsl-docker,infra_idle,2,7.75,28059.1,37336.8,723.4,8,6501.9,2
2026-09-15T23:42:15.0551080+09:00,wsl-docker,infra_idle,2,5.72,28064.5,37331.4,723.5,8,6501.9,2
2026-09-15T23:42:16.2655597+09:00,wsl-docker,infra_idle,2,8.59,28062,37333.9,723.5,8,6501.9,2
2026-09-15T23:42:17.4728661+09:00,wsl-docker,infra_idle,2,6.16,28054,37341.9,721.2,8,6501.9,2
2026-09-15T23:42:18.6927140+09:00,wsl-docker,infra_idle,2,6.84,27986,37409.9,709,8,6501.9,2
2026-09-15T23:42:19.7952824+09:00,wsl-docker,infra_idle,2,3.97,27982.3,37413.6,705.8,8,6501.9,2
2026-09-15T23:42:21.0225560+09:00,wsl-docker,infra_idle,2,5.72,27974.6,37421.3,706.2,8,6501.9,2
2026-09-15T23:42:22.2085771+09:00,wsl-docker,infra_idle,2,1.6,27976.6,37419.3,707.2,8,6501.9,2
2026-09-15T23:42:23.4270424+09:00,wsl-docker,infra_idle,2,3.91,27972.1,37423.8,707.9,8,6501.9,2
2026-09-15T23:42:24.5906832+09:00,wsl-docker,infra_idle,2,4.57,27977.6,37418.3,707.9,8,6501.9,2
2026-09-15T23:42:25.7816090+09:00,wsl-docker,infra_idle,2,5.12,27974.6,37421.3,707.9,8,6501.9,2
2026-09-15T23:42:26.9609851+09:00,wsl-docker,infra_idle,2,7.56,27978.5,37417.4,707.9,8,6501.9,2
2026-09-15T23:42:28.1358314+09:00,wsl-docker,infra_idle,2,6.83,27978.9,37417,708.4,8,6501.9,2
2026-09-15T23:42:29.2799307+09:00,wsl-docker,infra_idle,2,7.52,28070.5,37325.4,708.4,8,6501.9,2
2026-09-15T23:42:30.3880593+09:00,wsl-docker,infra_idle,2,9.15,28086.1,37309.8,708.3,8,6501.9,2
2026-09-15T23:42:31.5499615+09:00,wsl-docker,infra_idle,2,4.95,27997.3,37398.6,708.3,8,6501.9,2
2026-09-15T23:42:32.7149666+09:00,wsl-docker,infra_idle,2,2.37,27999.6,37396.3,708.3,8,6501.9,2
2026-09-15T23:42:33.8977160+09:00,wsl-docker,infra_idle,2,4.82,28002.9,37393,708.6,8,6501.9,2
2026-09-15T23:42:35.0428724+09:00,wsl-docker,infra_idle,2,4.5,28002.1,37393.8,708.6,8,6501.9,2
2026-09-15T23:42:36.2119012+09:00,wsl-docker,infra_idle,2,5.87,28001.9,37394,708.6,8,6501.9,2
2026-09-15T23:42:37.3488953+09:00,wsl-docker,infra_idle,2,5.37,27996.8,37399.1,708.6,8,6501.9,2
2026-09-15T23:42:38.4848580+09:00,wsl-docker,infra_idle,2,4.71,27997.6,37398.3,708.9,8,6501.9,2
2026-09-15T23:42:39.6353822+09:00,wsl-docker,infra_idle,2,2.38,28003.7,37392.2,708.8,8,6502,2
2026-09-15T23:42:40.7881271+09:00,wsl-docker,infra_idle,2,3.46,28004.6,37391.3,708.9,8,6502,2
2026-09-15T23:42:41.9797023+09:00,wsl-docker,infra_idle,2,3.39,28003.3,37392.6,708.9,8,6502,2
2026-09-15T23:42:43.1517895+09:00,wsl-docker,infra_idle,2,4.38,28003.1,37392.8,709.5,8,6502,2
2026-09-15T23:42:44.2571259+09:00,wsl-docker,infra_idle,2,3.06,28001.8,37394.1,709.4,8,6502,2
2026-09-15T23:42:45.3636945+09:00,wsl-docker,infra_idle,2,7.73,28002.7,37393.2,701.4,8,6502,2
2026-09-15T23:42:46.5557012+09:00,wsl-docker,infra_idle,2,9.71,28000.8,37395.1,701.4,8,6502,2
2026-09-15T23:42:47.7347119+09:00,wsl-docker,infra_idle,2,8.76,28014.8,37381.1,708.2,8,6502,2
2026-09-15T23:42:48.9257564+09:00,wsl-docker,infra_idle,2,6.23,27990.1,37405.8,714.7,8,6501.9,2
2026-09-15T23:42:50.0823948+09:00,wsl-docker,infra_idle,2,4.59,27985.9,37410,714.7,8,6502,2
2026-09-15T23:42:51.2162300+09:00,wsl-docker,infra_idle,2,4.38,27987.3,37408.6,714.7,8,6502,2
2026-09-15T23:42:52.4245836+09:00,wsl-docker,infra_idle,2,2.27,27979.8,37416.1,711.8,8,6502,2
2026-09-15T23:42:53.6370033+09:00,wsl-docker,infra_idle,2,2.73,27987.7,37408.2,711.8,8,6502,2
2026-09-15T23:42:54.8583994+09:00,wsl-docker,infra_idle,2,2.12,27980.5,37415.4,703.8,8,6502,2
2026-09-15T23:42:56.0873138+09:00,wsl-docker,infra_idle,2,2.17,27982.3,37413.6,702.9,8,6502,2
2026-09-15T23:42:57.2946266+09:00,wsl-docker,infra_idle,2,2.14,27974.3,37421.6,702.9,8,6501.9,2
2026-09-15T23:43:00.3912499+09:00,wsl-docker,app_idle,2,6.36,28030.2,37365.7,709.8,8,6559.5,2
2026-09-15T23:43:01.8905352+09:00,wsl-docker,app_idle,2,5.39,28022.7,37373.2,709.8,8,6559.9,2
2026-09-15T23:43:03.0175530+09:00,wsl-docker,app_idle,2,5.9,28026.6,37369.3,709.1,8,6559.9,2
2026-09-15T23:43:04.1237422+09:00,wsl-docker,app_idle,2,6.17,28027.3,37368.6,708.9,8,6559.9,2
2026-09-15T23:43:05.2389469+09:00,wsl-docker,app_idle,2,4.13,28024,37371.9,708.9,8,6559.9,2
2026-09-15T23:43:06.3485264+09:00,wsl-docker,app_idle,2,2.14,28029.4,37366.5,708.9,8,6559.9,2
2026-09-15T23:43:07.4497136+09:00,wsl-docker,app_idle,2,2.28,28026.8,37369.1,708.8,8,6559.9,2
2026-09-15T23:43:08.7003080+09:00,wsl-docker,app_idle,2,1.33,28029,37366.9,709.8,8,6557.9,2
2026-09-15T23:43:09.8976817+09:00,wsl-docker,app_idle,2,5.4,28026.8,37369.1,701.8,8,6557.9,2
2026-09-15T23:43:11.0731997+09:00,wsl-docker,app_idle,2,11.71,28021.5,37374.4,701.9,8,6557.9,2
2026-09-15T23:43:12.2408607+09:00,wsl-docker,app_idle,2,16.9,28018.3,37377.6,701.8,8,6557.9,2
2026-09-15T23:43:13.4034124+09:00,wsl-docker,app_idle,2,6.47,28023.1,37372.8,710,8,6557.9,2
2026-09-15T23:43:14.5339739+09:00,wsl-docker,app_idle,2,7.77,28022.5,37373.4,709.9,8,6557.9,2
2026-09-15T23:43:15.6894320+09:00,wsl-docker,app_idle,2,10.09,28020.5,37375.4,709.6,8,6557.9,2
2026-09-15T23:43:16.9155511+09:00,wsl-docker,app_idle,2,18.8,28024.7,37371.2,709.6,8,6557.9,2
2026-09-15T23:43:18.1403856+09:00,wsl-docker,app_idle,2,12.33,28032.9,37363,710,8,6557.9,2
2026-09-15T23:43:19.3340686+09:00,wsl-docker,app_idle,2,12.57,28039,37356.9,710,8,6557.9,2
2026-09-15T23:43:20.5205509+09:00,wsl-docker,app_idle,2,6.41,28024.2,37371.7,702,8,6557.9,2
2026-09-15T23:43:21.6709358+09:00,wsl-docker,app_idle,2,8.76,28032.4,37363.5,702,8,6557.9,2
2026-09-15T23:43:22.8491685+09:00,wsl-docker,app_idle,2,4.41,28030,37365.9,702.1,8,6557.9,2
2026-09-15T23:43:24.0557652+09:00,wsl-docker,app_idle,2,4.22,28030.6,37365.3,702.1,8,6557.9,2
2026-09-15T23:43:25.2370423+09:00,wsl-docker,app_idle,2,3.6,28030.3,37365.6,702.1,8,6557.9,2
2026-09-15T23:43:26.4350523+09:00,wsl-docker,app_idle,2,5.88,28030.9,37365,702.1,8,6557.9,2
2026-09-15T23:43:27.5970684+09:00,wsl-docker,app_idle,2,3.61,28040.2,37355.7,702.1,8,6557.9,2
2026-09-15T23:43:28.7621157+09:00,wsl-docker,app_idle,2,7.06,28049.5,37346.4,710,8,6557.9,2
2026-09-15T23:43:29.8961381+09:00,wsl-docker,app_idle,2,4.68,28056,37339.9,710,8,6557.8,2
2026-09-15T23:43:31.0935263+09:00,wsl-docker,app_idle,2,2.8,28051.1,37344.8,710,8,6557.8,2
2026-09-15T23:43:32.3070458+09:00,wsl-docker,app_idle,2,2.46,28068,37327.9,710,8,6557.8,2
2026-09-15T23:43:33.4980743+09:00,wsl-docker,app_idle,2,7.38,28062.1,37333.8,709.8,8,6557.8,2
2026-09-15T23:43:34.6577072+09:00,wsl-docker,app_idle,2,1.58,28067.5,37328.4,709.8,8,6557.8,2
2026-09-15T23:43:35.8798914+09:00,wsl-docker,app_idle,2,3.77,28066.3,37329.6,709.6,8,6557.8,2
2026-09-15T23:43:37.0232282+09:00,wsl-docker,app_idle,2,5.91,28071.2,37324.7,709.7,8,6557.8,2
2026-09-15T23:43:38.1344443+09:00,wsl-docker,app_idle,2,5.42,28063.4,37332.5,710.1,8,6557.8,2
2026-09-15T23:43:39.2999140+09:00,wsl-docker,app_idle,2,6.03,28061.8,37334.1,710.1,8,6557.8,2
2026-09-15T23:43:40.5130167+09:00,wsl-docker,app_idle,2,6.86,28058.6,37337.3,702,8,6557.8,2
2026-09-15T23:43:41.6737891+09:00,wsl-docker,app_idle,2,8.78,28054.3,37341.6,702,8,6557.8,2
2026-09-15T23:43:42.8775306+09:00,wsl-docker,app_idle,2,6.89,28055.5,37340.4,702,8,6557.8,2
2026-09-15T23:43:44.0578364+09:00,wsl-docker,app_idle,2,5.67,28053.8,37342.1,701.9,8,6557.8,2
2026-09-15T23:43:45.2893781+09:00,wsl-docker,app_idle,2,4.98,28058,37337.9,701.9,8,6557.8,2
2026-09-15T23:43:46.4589356+09:00,wsl-docker,app_idle,2,11.94,28059.7,37336.2,701.4,8,6557.8,2
2026-09-15T23:43:47.6574826+09:00,wsl-docker,app_idle,2,5.34,28055.9,37340,810.6,9,6557.8,2
2026-09-15T23:43:48.8569923+09:00,wsl-docker,app_idle,2,4.98,28035.8,37360.1,702.2,8,6557.8,2
2026-09-15T23:43:50.0684793+09:00,wsl-docker,app_idle,2,6.73,28042.6,37353.3,702.5,8,6557.8,2
2026-09-15T23:43:51.2283697+09:00,wsl-docker,app_idle,2,0.92,28031,37364.9,702.5,8,6557.8,2
2026-09-15T23:43:52.4493671+09:00,wsl-docker,app_idle,2,5.04,28027.6,37368.3,702.7,8,6557.8,2
2026-09-15T23:43:53.5863142+09:00,wsl-docker,app_idle,2,3.57,28051.8,37344.1,710.9,8,6557.8,2
2026-09-15T23:43:54.7599285+09:00,wsl-docker,app_idle,2,6.64,28045.6,37350.3,710.8,8,6557.8,2
2026-09-15T23:43:55.8791010+09:00,wsl-docker,app_idle,2,3.91,28045.7,37350.2,710,8,6557.8,2
2026-09-15T23:43:57.0169785+09:00,wsl-docker,app_idle,2,7.34,28046.1,37349.8,710,8,6557.8,2
2026-09-15T23:43:58.1391137+09:00,wsl-docker,app_idle,2,4.69,28049.2,37346.7,710.6,8,6557.8,2
2026-09-15T23:43:59.3329970+09:00,wsl-docker,app_idle,2,4.56,28053,37342.9,710.5,8,6562.8,2
2026-09-15T23:44:01.4457843+09:00,wsl-docker,load,2,53.16,27405.9,37990,716.5,8,4507.4,2
2026-09-15T23:44:03.0810911+09:00,wsl-docker,load,2,54.18,26970.8,38425.1,718.3,8,3171.8,2
2026-09-15T23:44:04.2923050+09:00,wsl-docker,load,2,48.14,26777.3,38618.6,718.3,8,3172.1,2
2026-09-15T23:44:05.6010238+09:00,wsl-docker,load,2,47.66,26492.3,38903.6,718.6,8,2920.1,2
2026-09-15T23:44:06.8119430+09:00,wsl-docker,load,2,48.89,26170.1,39225.8,718.7,8,2920.2,2
2026-09-15T23:44:08.0486032+09:00,wsl-docker,load,2,49.56,25966.4,39429.5,719,8,2737.3,2
2026-09-15T23:44:09.2715681+09:00,wsl-docker,load,2,40.45,25887.6,39508.3,717.4,8,2625.8,2
2026-09-15T23:44:10.4921489+09:00,wsl-docker,load,2,45.55,25899.3,39496.6,717.7,8,2627,2
2026-09-15T23:44:11.7082108+09:00,wsl-docker,load,2,38.52,25892.1,39503.8,717.7,8,2550.7,2
2026-09-15T23:44:12.9525120+09:00,wsl-docker,load,2,46.14,25923.7,39472.2,718.7,8,2553.7,2
2026-09-15T23:44:14.1701627+09:00,wsl-docker,load,2,45.4,25931.9,39464,718.7,8,2554.5,2
2026-09-15T23:44:15.3818387+09:00,wsl-docker,load,2,44.58,25951.5,39444.4,718.7,8,2557.3,2
2026-09-15T23:44:16.6070544+09:00,wsl-docker,load,2,46.55,25934.2,39461.7,719.1,8,2559.2,2
2026-09-15T23:44:17.8339425+09:00,wsl-docker,load,2,46.84,25929.1,39466.8,719.1,8,2562.3,2
2026-09-15T23:44:19.0429617+09:00,wsl-docker,load,2,47.77,25028.5,40367.4,719.2,8,2564.3,2
2026-09-15T23:44:20.2700410+09:00,wsl-docker,load,2,49.84,24110.4,41285.5,719,8,2564.6,2
2026-09-15T23:44:21.4726596+09:00,wsl-docker,load,2,43.74,24029.8,41366.1,719.1,8,2565.6,2
2026-09-15T23:44:22.6848924+09:00,wsl-docker,load,2,47.95,24030.6,41365.3,719.1,8,2566,2
2026-09-15T23:44:23.9045529+09:00,wsl-docker,load,2,46.56,24049.8,41346.1,719.1,8,2567.2,2
2026-09-15T23:44:25.1357426+09:00,wsl-docker,load,2,45.56,24042.8,41353.1,719.7,8,2568.2,2
2026-09-15T23:44:26.3842180+09:00,wsl-docker,load,2,42.9,24046.9,41349,719.3,8,2569.1,2
2026-09-15T23:44:27.5985373+09:00,wsl-docker,load,2,46.36,24045.2,41350.7,719.3,8,2572.3,2
2026-09-15T23:44:28.8124449+09:00,wsl-docker,load,2,43.12,24062.6,41333.3,721.1,8,2574,2
2026-09-15T23:44:30.0208461+09:00,wsl-docker,load,2,45.42,24061,41334.9,719.8,8,2574,2
2026-09-15T23:44:31.2409953+09:00,wsl-docker,load,2,39.06,24067.9,41328,720.3,8,2574.3,2
2026-09-15T23:44:32.4570185+09:00,wsl-docker,load,2,43.39,24061.4,41334.5,720.3,8,2576.6,2
2026-09-15T23:44:33.6733319+09:00,wsl-docker,load,2,41.66,24067.5,41328.4,718.1,8,2577.2,2
2026-09-15T23:44:34.8854586+09:00,wsl-docker,load,2,47.47,24067.7,41328.2,718.1,8,2578.2,2
2026-09-15T23:44:36.0990678+09:00,wsl-docker,load,2,41.05,24075.2,41320.7,718,8,2578.2,2
2026-09-15T23:44:37.3061374+09:00,wsl-docker,load,2,42.23,24062.2,41333.7,718.1,8,2578.6,2
2026-09-15T23:44:38.5191663+09:00,wsl-docker,load,2,42.51,24060.4,41335.5,718.4,8,2579.5,2
2026-09-15T23:44:39.7207008+09:00,wsl-docker,load,2,43.79,24070.3,41325.6,718.4,8,2580,2
2026-09-15T23:44:40.9672897+09:00,wsl-docker,load,2,42.87,24068.8,41327.1,718.8,8,2580,2
2026-09-15T23:44:42.1758166+09:00,wsl-docker,load,2,43.75,24073.5,41322.4,718.6,8,2580.6,2
2026-09-15T23:44:43.3889241+09:00,wsl-docker,load,2,44.26,24076.6,41319.3,719.2,8,2581.8,2
2026-09-15T23:44:44.6007212+09:00,wsl-docker,load,2,42.88,24085.5,41310.4,719.2,8,2581.8,2
2026-09-15T23:44:45.8037894+09:00,wsl-docker,load,2,45.99,24089.2,41306.7,718.4,8,2582.1,2
2026-09-15T23:44:47.0206411+09:00,wsl-docker,load,2,47.56,24093.3,41302.6,718.4,8,2585.3,2
2026-09-15T23:44:48.2715837+09:00,wsl-docker,load,2,43.35,24092.2,41303.7,718.4,8,2589.4,2
2026-09-15T23:44:49.4730859+09:00,wsl-docker,load,2,44.64,24095.7,41300.2,718.3,8,2589.4,2
2026-09-15T23:44:50.7076003+09:00,wsl-docker,load,2,42.17,24107.8,41288.1,718.5,8,2589.4,2
2026-09-15T23:44:51.9185451+09:00,wsl-docker,load,2,46.54,24112.3,41283.6,719.4,8,2593.4,2
2026-09-15T23:44:53.1631611+09:00,wsl-docker,load,2,38.52,24118.7,41277.2,719.7,8,2597.1,2
2026-09-15T23:44:54.3914971+09:00,wsl-docker,load,2,43.65,24103.6,41292.3,719.4,8,2600.2,2
2026-09-15T23:44:55.6124451+09:00,wsl-docker,load,2,44.92,24099.4,41296.5,719.4,8,2603.5,2
2026-09-15T23:44:56.8221940+09:00,wsl-docker,load,2,46.16,24118.3,41277.6,719.4,8,2606.4,2
2026-09-15T23:44:58.1411151+09:00,wsl-docker,load,2,49.91,24114.3,41281.6,719.6,8,2606.4,2
2026-09-15T23:44:59.3775905+09:00,wsl-docker,load,2,45.73,24132.8,41263.1,720.1,8,2607,2
2026-09-15T23:45:00.7192269+09:00,wsl-docker,load,2,45.27,24146.6,41249.3,719.5,8,2609.3,2
2026-09-15T23:45:01.9365240+09:00,wsl-docker,load,2,43.04,24141.3,41254.6,719.4,8,2609.3,2
2026-09-15T23:45:03.1818967+09:00,wsl-docker,load,2,42.23,24138,41257.9,719.1,8,2609.3,2
2026-09-15T23:45:04.4040460+09:00,wsl-docker,load,2,41.03,24139.6,41256.3,719.1,8,2608.3,2
2026-09-15T23:45:05.6318449+09:00,wsl-docker,load,2,42.66,24143.6,41252.3,719.1,8,2608.5,2
2026-09-15T23:45:06.8489457+09:00,wsl-docker,load,2,42.27,24141.1,41254.8,719.1,8,2608.5,2
2026-09-15T23:45:08.0878176+09:00,wsl-docker,load,2,44.09,24145.8,41250.1,718.8,8,2608.5,2
2026-09-15T23:45:09.3053623+09:00,wsl-docker,load,2,42.21,24143.4,41252.5,718.8,8,2608.6,2
2026-09-15T23:45:10.5300811+09:00,wsl-docker,load,2,46.81,24153.6,41242.3,718.8,8,2612.1,2
2026-09-15T23:45:11.7544432+09:00,wsl-docker,load,2,45.18,24156.2,41239.7,718.8,8,2614.9,2
2026-09-15T23:45:12.9722114+09:00,wsl-docker,load,2,45.55,24121.9,41274,718.9,8,2614.9,2
2026-09-15T23:45:14.1859163+09:00,wsl-docker,load,2,42.34,24114.7,41281.2,718.9,8,2614.9,2
2026-09-15T23:45:15.4116864+09:00,wsl-docker,load,2,47.05,24121.9,41274,718.9,8,2614.9,2
2026-09-15T23:45:16.6287583+09:00,wsl-docker,load,2,46.77,24120.2,41275.7,718.9,8,2615.2,2
2026-09-15T23:45:17.8573628+09:00,wsl-docker,load,2,48.02,24117.9,41278,719.6,8,2618,2
2026-09-15T23:45:19.0807230+09:00,wsl-docker,load,2,42.76,24134,41261.9,719.6,8,2622,2
2026-09-15T23:45:20.3088621+09:00,wsl-docker,load,2,41.57,24137.3,41258.6,719.6,8,2625.6,2
2026-09-15T23:45:21.5230170+09:00,wsl-docker,load,2,41.45,24134.9,41261,719.6,8,2629.3,2
2026-09-15T23:45:22.7445637+09:00,wsl-docker,load,2,40.67,24139.7,41256.2,721.2,8,2630.1,2
2026-09-15T23:45:23.9575827+09:00,wsl-docker,load,2,42.79,24132.3,41263.6,721.5,8,2630.1,2
2026-09-15T23:45:25.1691000+09:00,wsl-docker,load,2,44.5,24144.1,41251.8,721,8,2630.1,2
2026-09-15T23:45:26.3826791+09:00,wsl-docker,load,2,42.34,24144.9,41251,721.1,8,2630.1,2
2026-09-15T23:45:27.6036506+09:00,wsl-docker,load,2,44.89,24151.9,41244,721.1,8,2630.1,2
2026-09-15T23:45:28.8335397+09:00,wsl-docker,load,2,42.89,24155.9,41240,720.7,8,2631.5,2
2026-09-15T23:45:30.0574411+09:00,wsl-docker,load,2,45.22,24150.8,41245.1,721,8,2631.5,2
2026-09-15T23:45:31.2586936+09:00,wsl-docker,load,2,46.18,24154.3,41241.6,720.9,8,2631.5,2
2026-09-15T23:45:32.4732573+09:00,wsl-docker,load,2,42.58,24158.2,41237.7,720.8,8,2631.5,2
2026-09-15T23:45:33.6811068+09:00,wsl-docker,load,2,41.62,24167,41228.9,720.9,8,2631.9,2
2026-09-15T23:45:34.8925202+09:00,wsl-docker,load,2,44.03,24169.3,41226.6,720.7,8,2631.9,2
2026-09-15T23:45:36.1452802+09:00,wsl-docker,load,2,43.49,24146.8,41249.1,712.7,8,2631.9,2
2026-09-15T23:45:37.3497874+09:00,wsl-docker,load,2,38.84,24152.7,41243.2,712.7,8,2631.9,2
2026-09-15T23:45:38.5730193+09:00,wsl-docker,load,2,39.46,24170.6,41225.3,720.4,8,2631.9,2
2026-09-15T23:45:39.7983343+09:00,wsl-docker,load,2,43.53,24171.1,41224.8,720.4,8,2631.9,2
2026-09-15T23:45:41.0316853+09:00,wsl-docker,load,2,37.18,24171.9,41224,720.3,8,2631.9,2
2026-09-15T23:45:42.2542521+09:00,wsl-docker,load,2,43.06,24170.5,41225.4,720.3,8,2631.9,2
2026-09-15T23:45:43.4717674+09:00,wsl-docker,load,2,42.4,24195.7,41200.2,721.3,8,2631.9,2
2026-09-15T23:45:44.6892239+09:00,wsl-docker,load,2,42.65,24203.2,41192.7,721.2,8,2631.9,2
2026-09-15T23:45:45.9285502+09:00,wsl-docker,load,2,49.18,24198.7,41197.2,721.2,8,2631.9,2
2026-09-15T23:45:47.1522834+09:00,wsl-docker,load,2,41.9,24202.8,41193.1,721.3,8,2631.9,2
2026-09-15T23:45:48.3743177+09:00,wsl-docker,load,2,44.02,24199.9,41196,719.3,8,2631.9,2
2026-09-15T23:45:49.5978845+09:00,wsl-docker,load,2,42.24,24195.8,41200.1,719.3,8,2631.9,2
2026-09-15T23:45:50.8115769+09:00,wsl-docker,load,2,44.11,24203.3,41192.6,720,8,2631.9,2
2026-09-15T23:45:52.0121270+09:00,wsl-docker,load,2,43.18,24236,41159.9,720.8,8,2631.9,2
2026-09-15T23:45:53.2394850+09:00,wsl-docker,load,2,45.28,24216.1,41179.8,721.4,8,2632,2
2026-09-15T23:45:54.4636882+09:00,wsl-docker,load,2,41.91,24225.5,41170.4,721.8,8,2634.1,2
2026-09-15T23:45:55.6687662+09:00,wsl-docker,load,2,43.92,24229.5,41166.4,721.7,8,2638,2
2026-09-15T23:45:56.9133455+09:00,wsl-docker,load,2,42.41,24238.7,41157.2,721.6,8,2639.1,2
2026-09-15T23:45:58.1273158+09:00,wsl-docker,load,2,43.6,24235.9,41160,722.1,8,2639.1,2
2026-09-15T23:45:59.3465953+09:00,wsl-docker,load,2,44,24235,41160.9,722.1,8,2639.1,2
2026-09-15T23:46:00.5497677+09:00,wsl-docker,load,2,38.96,24256,41139.9,722.1,8,2639.1,2
2026-09-15T23:46:01.7185535+09:00,wsl-docker,load,2,7.36,24053.8,41342.1,721.6,8,2639.1,2
2026-09-15T23:46:02.8769700+09:00,wsl-docker,load,2,4.34,24059.3,41336.6,724.6,8,2639.1,2
2026-09-15T23:46:52.0449106+09:00,wsl-wip,baseline,2,4.69,23508.1,41887.8,99.5,6,2692.1,2
2026-09-15T23:46:53.5919947+09:00,wsl-wip,baseline,2,1.44,23488.2,41907.7,99.5,6,2692.3,2
2026-09-15T23:46:54.8044199+09:00,wsl-wip,baseline,2,4.7,23500.4,41895.5,99.5,6,2674.6,2
2026-09-15T23:46:55.9692915+09:00,wsl-wip,baseline,2,7.45,23498,41897.9,99.5,6,2674.6,2
2026-09-15T23:46:57.0954794+09:00,wsl-wip,baseline,2,8.39,23492.7,41903.2,99.5,6,2666.7,2
2026-09-15T23:46:58.2674042+09:00,wsl-wip,baseline,2,4.61,23497.7,41898.2,99.5,6,2666.7,2
2026-09-15T23:46:59.4022520+09:00,wsl-wip,baseline,2,4.69,23504.7,41891.2,99.5,6,2664.4,2
2026-09-15T23:47:00.5219110+09:00,wsl-wip,baseline,2,3.92,23495.1,41900.8,99.5,6,2654.9,2
2026-09-15T23:47:01.6255996+09:00,wsl-wip,baseline,2,5.43,23500.6,41895.3,99.5,6,2654.9,2
2026-09-15T23:47:02.7450745+09:00,wsl-wip,baseline,2,5.11,23499.2,41896.7,99.5,6,2654.9,2
2026-09-15T23:47:03.8653086+09:00,wsl-wip,baseline,2,5.37,23505.3,41890.6,99.5,6,2653.6,2
2026-09-15T23:47:04.9770063+09:00,wsl-wip,baseline,2,3.2,23500.7,41895.2,99.5,6,2653.6,2
2026-09-15T23:47:06.1439709+09:00,wsl-wip,baseline,2,8.29,23503.3,41892.6,99.5,6,2654,2
2026-09-15T23:47:07.2714479+09:00,wsl-wip,baseline,2,5.1,23503.3,41892.6,99.5,6,2654,2
2026-09-15T23:47:08.4181446+09:00,wsl-wip,baseline,2,5.98,23501.6,41894.3,99.5,6,2642,2
2026-09-15T23:47:09.5698781+09:00,wsl-wip,baseline,2,6.99,23328,42067.9,49.1,2,2546.4,2
2026-09-15T23:47:10.6931903+09:00,wsl-wip,baseline,2,9.09,23318.6,42077.3,49.1,2,2546.4,2
2026-09-15T23:47:11.8617196+09:00,wsl-wip,baseline,2,17.17,23305.3,42090.6,49.1,2,2497.6,2
2026-09-15T23:47:12.9897130+09:00,wsl-wip,baseline,2,7.96,23307.6,42088.3,49.1,2,2497.6,2
2026-09-15T23:47:14.1222567+09:00,wsl-wip,baseline,2,2.93,23295.1,42100.8,49.1,2,2478.3,2
2026-09-15T23:47:15.2595100+09:00,wsl-wip,baseline,2,3.84,23299.4,42096.5,49.1,2,2466.4,2
2026-09-15T23:47:16.4533265+09:00,wsl-wip,baseline,2,8.7,23300.9,42095,49.1,2,2466.4,2
2026-09-15T23:47:17.6091054+09:00,wsl-wip,baseline,2,9.61,23309.6,42086.3,49.1,2,2457,2
2026-09-15T23:47:18.7696390+09:00,wsl-wip,baseline,2,7.14,23311.2,42084.7,49.1,2,2457,2
2026-09-15T23:47:19.9255579+09:00,wsl-wip,baseline,2,4.23,23070.8,42325.1,49.1,2,2457,2
2026-09-15T23:47:21.0457010+09:00,wsl-wip,baseline,2,5.49,23074.4,42321.5,49.1,2,2457,2
2026-09-15T23:47:22.1542969+09:00,wsl-wip,baseline,2,5.95,23074.6,42321.3,49.1,2,2457,2
2026-09-15T23:47:23.3159299+09:00,wsl-wip,baseline,2,6.11,23072.7,42323.2,49.1,2,2457,2
2026-09-15T23:47:24.4698856+09:00,wsl-wip,baseline,2,6.14,23075.3,42320.6,49.1,2,2457,2
2026-09-15T23:47:25.6191598+09:00,wsl-wip,baseline,2,3.54,23076.5,42319.4,49.1,2,2457,2
2026-09-15T23:47:26.7988992+09:00,wsl-wip,baseline,2,7.33,23075.3,42320.6,49.1,2,2457,2
2026-09-15T23:47:27.9362795+09:00,wsl-wip,baseline,2,7.17,23079.3,42316.6,49.1,2,2457,2
2026-09-15T23:47:29.1185259+09:00,wsl-wip,baseline,2,6.01,23077.7,42318.2,49.1,2,2457,2
2026-09-15T23:47:30.2311098+09:00,wsl-wip,baseline,2,5.08,23081.7,42314.2,49.1,2,2457,2
2026-09-15T23:47:31.4255027+09:00,wsl-wip,baseline,2,6.08,23090.7,42305.2,49.1,2,2457,2
2026-09-15T23:47:32.5325353+09:00,wsl-wip,baseline,2,3.81,23086.5,42309.4,49.1,2,2457,2
2026-09-15T23:47:33.6499355+09:00,wsl-wip,baseline,2,7.41,23093.6,42302.3,49.1,2,2457,2
2026-09-15T23:47:34.7817355+09:00,wsl-wip,baseline,2,6.91,23085.1,42310.8,49.1,2,2457,2
2026-09-15T23:47:35.9403974+09:00,wsl-wip,baseline,2,5.41,23090.3,42305.6,49.1,2,2457,2
2026-09-15T23:47:37.0941033+09:00,wsl-wip,baseline,2,3.56,23088.2,42307.7,49.1,2,2457,2
2026-09-15T23:47:38.2488125+09:00,wsl-wip,baseline,2,6.19,23081.6,42314.3,49.1,2,2457,2
2026-09-15T23:47:39.3715846+09:00,wsl-wip,baseline,2,8.38,23086.3,42309.6,49.1,2,2456.5,2
2026-09-15T23:47:40.5774324+09:00,wsl-wip,baseline,2,7.2,23068.8,42327.1,49.1,2,2456.5,2
2026-09-15T23:47:41.6967044+09:00,wsl-wip,baseline,2,0.07,23076.7,42319.2,49.1,2,2456.5,2
2026-09-15T23:47:42.8894634+09:00,wsl-wip,baseline,2,3.99,23079.1,42316.8,49.1,2,2456.5,2
2026-09-15T23:47:44.0505375+09:00,wsl-wip,baseline,2,3.05,23053.9,42342,49.1,2,2456.5,2
2026-09-15T23:47:45.2416432+09:00,wsl-wip,baseline,2,7.51,23051.3,42344.6,49.1,2,2456.5,2
2026-09-15T23:47:46.3829884+09:00,wsl-wip,baseline,2,3.65,23051.1,42344.8,49.1,2,2456.5,2
2026-09-15T23:47:47.6502479+09:00,wsl-wip,baseline,2,7.66,23051.9,42344,49.1,2,2446.8,2
2026-09-15T23:47:48.8109169+09:00,wsl-wip,baseline,2,9.28,23062.8,42333.1,49.1,2,2446.8,2
2026-09-15T23:47:49.9758576+09:00,wsl-wip,baseline,2,3.46,23041.4,42354.5,49.1,2,2446.8,2
2026-09-15T23:47:51.1273809+09:00,wsl-wip,baseline,2,4,23042.3,42353.6,49.1,2,2446.8,2
2026-09-15T23:47:54.8022643+09:00,wsl-wip,infra_idle,2,2.93,24437.1,40958.8,75.9,4,3650.7,4
2026-09-15T23:47:56.2281709+09:00,wsl-wip,infra_idle,2,2.31,24441.8,40954.1,75.9,4,3650.5,4
2026-09-15T23:47:57.4050760+09:00,wsl-wip,infra_idle,2,5.56,24444.7,40951.2,75.9,4,3651.2,4
2026-09-15T23:47:58.5075918+09:00,wsl-wip,infra_idle,2,5.82,24445.1,40950.8,75.9,4,3651,4
2026-09-15T23:47:59.6703107+09:00,wsl-wip,infra_idle,2,5.76,24468.3,40927.6,75.9,4,3669.6,4
2026-09-15T23:48:00.8081741+09:00,wsl-wip,infra_idle,2,4.38,24466.4,40929.5,75.9,4,3669.5,4
2026-09-15T23:48:01.9821407+09:00,wsl-wip,infra_idle,2,8.18,24443.2,40952.7,75.9,4,3441.6,4
2026-09-15T23:48:03.1863475+09:00,wsl-wip,infra_idle,2,4.43,24443.1,40952.8,75.9,4,3441.6,4
2026-09-15T23:48:04.3071669+09:00,wsl-wip,infra_idle,2,3.98,24437.9,40958,75.9,4,3344.9,4
2026-09-15T23:48:05.4995854+09:00,wsl-wip,infra_idle,2,3.54,24428.8,40967.1,75.9,4,3295.3,4
2026-09-15T23:48:06.6217993+09:00,wsl-wip,infra_idle,2,6.57,24437.6,40958.3,75.9,4,3295.2,4
2026-09-15T23:48:07.8009756+09:00,wsl-wip,infra_idle,2,5.46,24429.2,40966.7,75.9,4,3257.1,4
2026-09-15T23:48:08.9794453+09:00,wsl-wip,infra_idle,2,4.51,24427.8,40968.1,65.1,3,3256.7,4
2026-09-15T23:48:10.1507320+09:00,wsl-wip,infra_idle,2,9.85,21817.9,43578,65,3,1203.6,2
2026-09-15T23:48:11.3433448+09:00,wsl-wip,infra_idle,2,1.54,21819.5,43576.4,65,3,1203.2,2
2026-09-15T23:48:12.5130831+09:00,wsl-wip,infra_idle,2,4.35,21824.4,43571.5,65,3,1203.1,2
2026-09-15T23:48:13.7614814+09:00,wsl-wip,infra_idle,2,11.24,21823.3,43572.6,65,3,1203.1,2
2026-09-15T23:48:15.0071521+09:00,wsl-wip,infra_idle,2,10.27,21813.5,43582.4,65,3,1203.1,2
2026-09-15T23:48:16.2082907+09:00,wsl-wip,infra_idle,2,8.48,21819.7,43576.2,65,3,1203.1,2
2026-09-15T23:48:17.3842970+09:00,wsl-wip,infra_idle,2,11.86,21825.2,43570.7,65,3,1202.9,2
2026-09-15T23:48:18.5696071+09:00,wsl-wip,infra_idle,2,11.72,21824.8,43571.1,65,3,1202.9,2
2026-09-15T23:48:19.7623627+09:00,wsl-wip,infra_idle,2,13.52,21828.2,43567.7,65,3,1202.9,2
2026-09-15T23:48:20.9390485+09:00,wsl-wip,infra_idle,2,8,21829.6,43566.3,65,3,1202.9,2
2026-09-15T23:48:22.1311706+09:00,wsl-wip,infra_idle,2,8.24,21792.5,43603.4,65,3,1202.9,2
2026-09-15T23:48:23.3015172+09:00,wsl-wip,infra_idle,2,3.21,21798.8,43597.1,65,3,1202.9,2
2026-09-15T23:48:24.4778474+09:00,wsl-wip,infra_idle,2,8.4,20423.2,44972.7,54.9,2,,0
2026-09-15T23:48:25.6340977+09:00,wsl-wip,infra_idle,2,0.89,20415.4,44980.5,54.9,2,,0
2026-09-15T23:48:26.8813681+09:00,wsl-wip,infra_idle,2,4.19,20424.7,44971.2,54.9,2,,0
2026-09-15T23:48:28.0615770+09:00,wsl-wip,infra_idle,2,4.47,20424.4,44971.5,54.9,2,,0
2026-09-15T23:48:29.2259272+09:00,wsl-wip,infra_idle,2,5.36,20422.9,44973,54.9,2,,0
2026-09-15T23:48:30.3631748+09:00,wsl-wip,infra_idle,2,2.18,20422.8,44973.1,54.9,2,,0
2026-09-15T23:48:31.5594296+09:00,wsl-wip,infra_idle,2,3.41,20431.9,44964,54.9,2,,0
2026-09-15T23:48:32.7137973+09:00,wsl-wip,infra_idle,2,3.54,20431.4,44964.5,54.9,2,,0
2026-09-15T23:48:33.9088918+09:00,wsl-wip,infra_idle,2,6.27,20437.7,44958.2,54.9,2,,0
2026-09-15T23:48:35.0395158+09:00,wsl-wip,infra_idle,2,4.5,20435.2,44960.7,54.9,2,,0
2026-09-15T23:48:36.1945248+09:00,wsl-wip,infra_idle,2,5.4,20432.8,44963.1,54.9,2,,0
2026-09-15T23:48:37.3619671+09:00,wsl-wip,infra_idle,2,1.76,20434.3,44961.6,54.9,2,,0
2026-09-15T23:48:38.5604595+09:00,wsl-wip,infra_idle,2,4.67,20433.7,44962.2,54.9,2,,0
2026-09-15T23:48:39.6528379+09:00,wsl-wip,infra_idle,2,4.18,20436.8,44959.1,54.9,2,,0
2026-09-15T23:48:40.8325615+09:00,wsl-wip,infra_idle,2,2.7,20435.4,44960.5,54.9,2,,0
2026-09-15T23:48:41.9868614+09:00,wsl-wip,infra_idle,2,3.57,20439.4,44956.5,54.9,2,,0
2026-09-15T23:48:43.1767791+09:00,wsl-wip,infra_idle,2,2.89,20433.4,44962.5,54.9,2,,0
2026-09-15T23:48:44.3026575+09:00,wsl-wip,infra_idle,2,1.02,20439.5,44956.4,54.9,2,,0
2026-09-15T23:48:45.4877953+09:00,wsl-wip,infra_idle,2,4.02,20335.2,45060.7,54.9,2,,0
2026-09-15T23:48:46.6140268+09:00,wsl-wip,infra_idle,2,4.95,20349.7,45046.2,54.9,2,,0
2026-09-15T23:48:47.8042901+09:00,wsl-wip,infra_idle,2,6.85,20324.9,45071,54.9,2,,0
2026-09-15T23:48:48.9684466+09:00,wsl-wip,infra_idle,2,7.6,20332.8,45063.1,54.9,2,,0
2026-09-15T23:48:50.1533607+09:00,wsl-wip,infra_idle,2,5.72,20322.5,45073.4,54.9,2,,0
2026-09-15T23:48:51.2487977+09:00,wsl-wip,infra_idle,2,4.47,20325.1,45070.8,54.9,2,,0
2026-09-15T23:48:52.4512503+09:00,wsl-wip,infra_idle,2,0.61,20324.4,45071.5,54.9,2,,0
2026-09-15T23:48:53.6757725+09:00,wsl-wip,infra_idle,2,8.97,20319.9,45076,54.9,2,,0
2026-09-15T23:49:02.5487010+09:00,wsl-wip,app_idle,2,,25298.6,40097.3,101.6,6,4407.4,4
2026-09-15T23:49:03.9669098+09:00,wsl-wip,app_idle,2,3.6,25295.8,40100.1,101.6,6,4406.9,4
2026-09-15T23:49:05.1205642+09:00,wsl-wip,app_idle,2,12.84,25295.1,40100.8,101.6,6,4407.4,4
2026-09-15T23:49:06.2751345+09:00,wsl-wip,app_idle,2,2.94,25298.5,40097.4,101.6,6,4404.6,4
2026-09-15T23:49:07.4313180+09:00,wsl-wip,app_idle,2,5.74,25294.5,40101.4,101.6,6,4404.6,4
2026-09-15T23:49:08.5675938+09:00,wsl-wip,app_idle,2,2.76,25305.8,40090.1,101.6,6,4398.8,4
2026-09-15T23:49:09.7424684+09:00,wsl-wip,app_idle,2,5.34,25300.6,40095.3,101.6,6,4395.5,4
2026-09-15T23:49:10.8873809+09:00,wsl-wip,app_idle,2,4.17,25304.7,40091.2,101.6,6,4395.5,4
2026-09-15T23:49:12.0207998+09:00,wsl-wip,app_idle,2,4.41,25301.4,40094.5,101.6,6,4386.9,4
2026-09-15T23:49:13.1602047+09:00,wsl-wip,app_idle,2,1.18,25299.6,40096.3,101.6,6,4385.9,4
2026-09-15T23:49:14.3384845+09:00,wsl-wip,app_idle,2,5.32,25300,40095.9,101.6,6,4385.9,4
2026-09-15T23:49:15.5008882+09:00,wsl-wip,app_idle,2,4.03,25299.2,40096.7,101.6,6,4384.9,4
2026-09-15T23:49:16.6585370+09:00,wsl-wip,app_idle,2,13.86,25306.3,40089.6,101.6,6,4388.2,4
2026-09-15T23:49:17.8794455+09:00,wsl-wip,app_idle,2,7.54,25308.1,40087.8,101.6,6,4375.3,4
2026-09-15T23:49:19.0650177+09:00,wsl-wip,app_idle,2,8.14,25316.3,40079.6,101.6,6,4375.3,4
2026-09-15T23:49:20.2281206+09:00,wsl-wip,app_idle,2,6.75,25314.8,40081.1,101.6,6,4375.1,4
2026-09-15T23:49:21.3545025+09:00,wsl-wip,app_idle,2,3.96,25312.9,40083,101.6,6,4373.9,4
2026-09-15T23:49:22.5037515+09:00,wsl-wip,app_idle,2,2.62,25316.4,40079.5,101.6,6,4373.9,4
2026-09-15T23:49:23.6633804+09:00,wsl-wip,app_idle,2,3.93,25316.2,40079.7,101.6,6,4371.7,4
2026-09-15T23:49:24.8149021+09:00,wsl-wip,app_idle,2,5.96,25241.3,40154.6,101.6,6,4371.7,4
2026-09-15T23:49:25.9452445+09:00,wsl-wip,app_idle,2,4.91,25239.8,40156.1,101.5,6,4371.1,4
2026-09-15T23:49:27.0870778+09:00,wsl-wip,app_idle,2,4.5,25167.3,40228.6,76.6,4,4371.1,4
2026-09-15T23:49:28.2636431+09:00,wsl-wip,app_idle,2,6.09,24693.4,40702.5,76.6,4,2886.1,4
2026-09-15T23:49:29.3991802+09:00,wsl-wip,app_idle,2,13.58,24643.5,40752.4,76.6,4,2885.5,4
2026-09-15T23:49:30.5933357+09:00,wsl-wip,app_idle,2,3.93,24626.9,40769,76.6,4,2728.1,4
2026-09-15T23:49:31.7478959+09:00,wsl-wip,app_idle,2,3.06,24631.6,40764.3,76.6,4,2728.2,4
2026-09-15T23:49:32.8742251+09:00,wsl-wip,app_idle,2,5.37,24625.2,40770.7,76.6,4,2676.3,4
2026-09-15T23:49:33.9991640+09:00,wsl-wip,app_idle,2,2.76,24623.8,40772.1,76.6,4,2651.8,4
2026-09-15T23:49:35.1799270+09:00,wsl-wip,app_idle,2,6.58,24585.7,40810.2,76.6,4,2651.6,4
2026-09-15T23:49:36.3648009+09:00,wsl-wip,app_idle,2,12.74,24540.6,40855.3,76.6,4,2643,4
2026-09-15T23:49:37.5844628+09:00,wsl-wip,app_idle,2,14.28,24514.7,40881.2,76.6,4,2643,4
2026-09-15T23:49:38.8251005+09:00,wsl-wip,app_idle,2,11.26,24478.8,40917.1,76.6,4,2637.4,4
2026-09-15T23:49:40.0066221+09:00,wsl-wip,app_idle,2,9.91,24377.8,41018.1,76.6,4,2637.5,4
2026-09-15T23:49:41.1866110+09:00,wsl-wip,app_idle,2,7.7,24274.5,41121.4,76.6,4,2637,4
2026-09-15T23:49:42.4459560+09:00,wsl-wip,app_idle,2,5.11,24280.2,41115.7,76.6,4,2637,4
2026-09-15T23:49:43.6278834+09:00,wsl-wip,app_idle,2,3.08,24284.1,41111.8,76.6,4,2637,4
2026-09-15T23:49:44.8307393+09:00,wsl-wip,app_idle,2,6.03,24280,41115.9,76.6,4,2630.6,4
2026-09-15T23:49:46.0064816+09:00,wsl-wip,app_idle,2,3.55,24279.3,41116.6,76.6,4,2630.6,4
2026-09-15T23:49:47.2113933+09:00,wsl-wip,app_idle,2,5.54,24282.1,41113.8,76.6,4,2629.5,4
2026-09-15T23:49:48.3727498+09:00,wsl-wip,app_idle,2,9.31,24289.2,41106.7,76.6,4,2629.5,4
2026-09-15T23:49:49.5554982+09:00,wsl-wip,app_idle,2,5.63,24293.7,41102.2,76.6,4,2629.5,4
2026-09-15T23:49:50.7728673+09:00,wsl-wip,app_idle,2,5.64,24286.2,41109.7,76.6,4,2629.5,4
2026-09-15T23:49:51.9837967+09:00,wsl-wip,app_idle,2,5.17,24294.5,41101.4,76.6,4,2629,4
2026-09-15T23:49:53.1536310+09:00,wsl-wip,app_idle,2,3.89,24298.9,41097,76.6,4,2629,4
2026-09-15T23:49:54.3621740+09:00,wsl-wip,app_idle,2,4.28,24269.9,41126,76.6,4,2629,4
2026-09-15T23:49:55.4867875+09:00,wsl-wip,app_idle,2,4.72,23308.9,42087,76.6,4,2629,4
2026-09-15T23:49:56.6972868+09:00,wsl-wip,app_idle,2,3.37,23322.2,42073.7,76.6,4,2629,4
2026-09-15T23:49:57.8728058+09:00,wsl-wip,app_idle,2,5.76,23321.4,42074.5,76.6,4,2629,4
2026-09-15T23:49:59.0295041+09:00,wsl-wip,app_idle,2,3.97,23327.8,42068.1,76.6,4,2628.9,4
2026-09-15T23:50:00.1804134+09:00,wsl-wip,app_idle,2,3.3,23323.3,42072.6,76.6,4,2628.9,4
2026-09-15T23:50:01.3722497+09:00,wsl-wip,app_idle,2,2.62,23327.7,42068.2,76.6,4,2628.9,4
2026-09-15T23:50:03.5896931+09:00,wsl-wip,load,2,19.93,23397.3,41998.6,76.6,4,2638.7,4
2026-09-15T23:50:05.1431249+09:00,wsl-wip,load,2,19.07,23413.8,41982.1,76.6,4,2638.7,4
2026-09-15T23:50:06.3384287+09:00,wsl-wip,load,2,19.14,23416.2,41979.7,76.5,4,2640.1,4
2026-09-15T23:50:07.5180272+09:00,wsl-wip,load,2,18.35,23426.2,41969.7,76.5,4,2640.3,4
2026-09-15T23:50:08.7158322+09:00,wsl-wip,load,2,21.07,23427.3,41968.6,76.5,4,2640.3,4
2026-09-15T23:50:09.8315747+09:00,wsl-wip,load,2,19.24,23433.6,41962.3,76.5,4,2640.4,4
2026-09-15T23:50:11.0119062+09:00,wsl-wip,load,2,19.51,23435.5,41960.4,76.5,4,2640.4,4
2026-09-15T23:50:12.1933170+09:00,wsl-wip,load,2,19.82,23460.1,41935.8,76.5,4,2640.5,4
2026-09-15T23:50:13.3953447+09:00,wsl-wip,load,2,20.23,23455.5,41940.4,76.5,4,2640.5,4
2026-09-15T23:50:14.5689153+09:00,wsl-wip,load,2,19.83,23462.3,41933.6,76.5,4,2640.5,4
2026-09-15T23:50:15.7676071+09:00,wsl-wip,load,2,22.5,23459.1,41936.8,76.5,4,2640.5,4
2026-09-15T23:50:16.9326392+09:00,wsl-wip,load,2,19.59,23464.4,41931.5,76.5,4,2640.5,4
2026-09-15T23:50:18.1369145+09:00,wsl-wip,load,2,22.04,23463.3,41932.6,76.5,4,2640.3,4
2026-09-15T23:50:19.3218988+09:00,wsl-wip,load,2,22.42,23461.7,41934.2,76.5,4,2640.3,4
2026-09-15T23:50:20.5081167+09:00,wsl-wip,load,2,20.7,23465.1,41930.8,76.5,4,2640.3,4
2026-09-15T23:50:21.6804402+09:00,wsl-wip,load,2,17.36,23469.5,41926.4,76.5,4,2640.3,4
2026-09-15T23:50:22.8536218+09:00,wsl-wip,load,2,27.02,23470.4,41925.5,76.5,4,2645.8,4
2026-09-15T23:50:24.0414881+09:00,wsl-wip,load,2,20.81,23477.3,41918.6,76.5,4,2646,4
2026-09-15T23:50:25.2156824+09:00,wsl-wip,load,2,19.48,23471.8,41924.1,76.5,4,2646,4
2026-09-15T23:50:26.3987521+09:00,wsl-wip,load,2,23.66,23456.5,41939.4,65.7,3,2637.5,4
2026-09-15T23:50:27.6374619+09:00,wsl-wip,load,2,22.72,21956.2,43439.7,65.7,3,1315.6,2
2026-09-15T23:50:28.7718639+09:00,wsl-wip,load,2,21.07,21954.7,43441.2,65.7,3,1315.6,2
2026-09-15T23:50:29.9368527+09:00,wsl-wip,load,2,23.38,21957.9,43438,65.7,3,1315.6,2
2026-09-15T23:50:31.0792219+09:00,wsl-wip,load,2,20.15,21966.5,43429.4,65.7,3,1315.7,2
2026-09-15T23:50:32.1969216+09:00,wsl-wip,load,2,21.67,21963.9,43432,65.7,3,1315.8,2
2026-09-15T23:50:33.3839358+09:00,wsl-wip,load,2,19.21,21968.3,43427.6,65.7,3,1315.8,2
2026-09-15T23:50:34.5522464+09:00,wsl-wip,load,2,22.35,21971.5,43424.4,65.7,3,1315.8,2
2026-09-15T23:50:35.6917788+09:00,wsl-wip,load,2,20.69,21971,43424.9,65.7,3,1315.8,2
2026-09-15T23:50:36.8453463+09:00,wsl-wip,load,2,27.54,21982.8,43413.1,65.7,3,1315.8,2
2026-09-15T23:50:38.0016273+09:00,wsl-wip,load,2,23.75,21978.5,43417.4,65.7,3,1315.8,2
2026-09-15T23:50:39.1582615+09:00,wsl-wip,load,2,21.32,21974.8,43421.1,65.7,3,1315.8,2
2026-09-15T23:50:40.3405159+09:00,wsl-wip,load,2,21.38,21972.1,43423.8,65.7,3,1315.9,2
2026-09-15T23:50:41.5338602+09:00,wsl-wip,load,2,20.45,21965.5,43430.4,65.7,3,1315.9,2
2026-09-15T23:50:42.7202767+09:00,wsl-wip,load,2,18.82,21975.9,43420,65.7,3,1315.9,2
2026-09-15T23:50:43.8286724+09:00,wsl-wip,load,2,21.71,21979.3,43416.6,65.7,3,1315.9,2
2026-09-15T23:50:44.9532497+09:00,wsl-wip,load,2,16.29,21984.9,43411,65.7,3,1315.7,2
2026-09-15T23:50:46.0674955+09:00,wsl-wip,load,2,19.8,21985.9,43410,65.7,3,1315.7,2
2026-09-15T23:50:47.1791896+09:00,wsl-wip,load,2,20.24,21999.2,43396.7,65.7,3,1315.7,2
2026-09-15T23:50:48.3327566+09:00,wsl-wip,load,2,23.08,21997.4,43398.5,65.7,3,1315.7,2
2026-09-15T23:50:49.5148229+09:00,wsl-wip,load,2,23.86,22003.7,43392.2,65.7,3,1315.8,2
2026-09-15T23:50:50.7016489+09:00,wsl-wip,load,2,22.81,22000.8,43395.1,65.7,3,1315.8,2
2026-09-15T23:50:51.8591145+09:00,wsl-wip,load,2,20.84,22006.2,43389.7,65.7,3,1315.8,2
2026-09-15T23:50:52.9902810+09:00,wsl-wip,load,2,19.24,22004.7,43391.2,65.7,3,1315.8,2
2026-09-15T23:50:54.1809120+09:00,wsl-wip,load,2,20.01,22012.4,43383.5,65.7,3,1315.8,2
2026-09-15T23:50:55.3217889+09:00,wsl-wip,load,2,19.64,22023.2,43372.7,65.7,3,1315.8,2
2026-09-15T23:50:56.4935004+09:00,wsl-wip,load,2,17.38,21994.1,43401.8,65.7,3,1315.8,2
2026-09-15T23:50:57.6829221+09:00,wsl-wip,load,2,20.71,21994,43401.9,65.7,3,1315.8,2
2026-09-15T23:50:58.8241594+09:00,wsl-wip,load,2,21.81,22000.3,43395.6,65.7,3,1315.8,2
2026-09-15T23:50:59.9869592+09:00,wsl-wip,load,2,22.25,21987.3,43408.6,65.7,3,1315.8,2
2026-09-15T23:51:01.1522091+09:00,wsl-wip,load,2,21.01,21990.6,43405.3,65.7,3,1315.8,2
2026-09-15T23:51:02.3323576+09:00,wsl-wip,load,2,22.47,21992.6,43403.3,65.7,3,1315.8,2
2026-09-15T23:51:03.4807016+09:00,wsl-wip,load,2,19.4,21956.7,43439.2,65.7,3,1315.8,2
2026-09-15T23:51:04.6485521+09:00,wsl-wip,load,2,23.29,21954.8,43441.1,65.7,3,1315.8,2
2026-09-15T23:51:05.8197436+09:00,wsl-wip,load,2,19.11,21954,43441.9,65.7,3,1315.8,2
2026-09-15T23:51:06.9865404+09:00,wsl-wip,load,2,19.33,21961.8,43434.1,65.7,3,1315.8,2
2026-09-15T23:51:08.1574978+09:00,wsl-wip,load,2,18.1,21965.4,43430.5,65.7,3,1315.8,2
2026-09-15T23:51:09.3447036+09:00,wsl-wip,load,2,21.97,21976.6,43419.3,65.7,3,1315.8,2
2026-09-15T23:51:10.4964942+09:00,wsl-wip,load,2,24.22,21974.6,43421.3,65.7,3,1315.8,2
2026-09-15T23:51:11.7314498+09:00,wsl-wip,load,2,22.45,21971,43424.9,65.7,3,1315.8,2
2026-09-15T23:51:12.9744179+09:00,wsl-wip,load,2,22.49,21965.3,43430.6,65.7,3,1315.8,2
2026-09-15T23:51:14.1603541+09:00,wsl-wip,load,2,21.21,21969.1,43426.8,65.7,3,1315.8,2
2026-09-15T23:51:15.3553077+09:00,wsl-wip,load,2,18.05,21970.6,43425.3,65.7,3,1315.8,2
2026-09-15T23:51:16.5171831+09:00,wsl-wip,load,2,18.2,21962.4,43433.5,65.7,3,1315.8,2
2026-09-15T23:51:17.7047364+09:00,wsl-wip,load,2,21.47,21980.9,43415,65.7,3,1315.8,2
2026-09-15T23:51:18.8783127+09:00,wsl-wip,load,2,21.75,21988.7,43407.2,65.7,3,1315.8,2
2026-09-15T23:51:20.0642828+09:00,wsl-wip,load,2,23.63,21989.3,43406.6,65.7,3,1315.8,2
2026-09-15T23:51:21.1764797+09:00,wsl-wip,load,2,19.67,21985.9,43410,65.7,3,1315.8,2
2026-09-15T23:51:22.3504888+09:00,wsl-wip,load,2,20.48,21979.7,43416.2,65.7,3,1315.8,2
2026-09-15T23:51:23.4673147+09:00,wsl-wip,load,2,21.59,21991.3,43404.6,65.7,3,1315.8,2
2026-09-15T23:51:24.6367378+09:00,wsl-wip,load,2,18.62,22001.4,43394.5,65.7,3,1315.8,2
2026-09-15T23:51:25.8289127+09:00,wsl-wip,load,2,22.17,22016.9,43379,65.7,3,1328.5,2
2026-09-15T23:51:27.0077470+09:00,wsl-wip,load,2,22.54,22012.9,43383,65.7,3,1328.6,2
2026-09-15T23:51:28.1624655+09:00,wsl-wip,load,2,20.88,22010.5,43385.4,65.7,3,1328.6,2
2026-09-15T23:51:29.3332779+09:00,wsl-wip,load,2,18.29,22014.7,43381.2,65.7,3,1328.6,2
2026-09-15T23:51:30.4752917+09:00,wsl-wip,load,2,19.01,22014.8,43381.1,65.7,3,1328.7,2
2026-09-15T23:51:31.6520709+09:00,wsl-wip,load,2,23.48,22023.7,43372.2,65.7,3,1328.9,2
2026-09-15T23:51:32.8234786+09:00,wsl-wip,load,2,22.41,22025.3,43370.6,65.7,3,1328.9,2
2026-09-15T23:51:34.0236440+09:00,wsl-wip,load,2,17.99,22035,43360.9,65.7,3,1328.9,2
2026-09-15T23:51:35.1862351+09:00,wsl-wip,load,2,22.03,22035.4,43360.5,65.7,3,1328.9,2
2026-09-15T23:51:36.3669268+09:00,wsl-wip,load,2,17.58,22034.9,43361,65.7,3,1328.9,2
2026-09-15T23:51:37.5395828+09:00,wsl-wip,load,2,20.39,22034.3,43361.6,65.7,3,1328.9,2
2026-09-15T23:51:38.7247122+09:00,wsl-wip,load,2,22.46,22043.2,43352.7,65.7,3,1328.9,2
2026-09-15T23:51:39.8970068+09:00,wsl-wip,load,2,18.66,22046.2,43349.7,65.7,3,1328.9,2
2026-09-15T23:51:41.0815606+09:00,wsl-wip,load,2,21.17,22043.2,43352.7,65.7,3,1329,2
2026-09-15T23:51:42.1895998+09:00,wsl-wip,load,2,22.08,22048.1,43347.8,65.7,3,1329,2
2026-09-15T23:51:43.3809499+09:00,wsl-wip,load,2,20.88,22050.2,43345.7,65.7,3,1329,2
2026-09-15T23:51:44.5592662+09:00,wsl-wip,load,2,20.48,22052,43343.9,65.7,3,1329,2
2026-09-15T23:51:45.6972873+09:00,wsl-wip,load,2,17.03,22062.6,43333.3,65.7,3,1329,2
2026-09-15T23:51:46.8748014+09:00,wsl-wip,load,2,22.97,22100.5,43295.4,65.7,3,1329,2
2026-09-15T23:51:48.0459620+09:00,wsl-wip,load,2,23.19,22097.7,43298.2,65.7,3,1329,2
2026-09-15T23:51:49.2467761+09:00,wsl-wip,load,2,21.29,22097.5,43298.4,65.7,3,1329,2
2026-09-15T23:51:50.4162313+09:00,wsl-wip,load,2,21.31,22101.7,43294.2,65.7,3,1329,2
2026-09-15T23:51:51.5833570+09:00,wsl-wip,load,2,18.43,22112.1,43283.8,65.7,3,1329,2
2026-09-15T23:51:52.7816664+09:00,wsl-wip,load,2,21.28,22108.5,43287.4,65.7,3,1329,2
2026-09-15T23:51:53.9604975+09:00,wsl-wip,load,2,22.14,22110.3,43285.6,65.7,3,1329,2
2026-09-15T23:51:55.0702302+09:00,wsl-wip,load,2,20.83,22088.5,43307.4,65.7,3,1329,2
2026-09-15T23:51:56.1994785+09:00,wsl-wip,load,2,17.58,22092.9,43303,65.7,3,1329,2
2026-09-15T23:51:57.3804235+09:00,wsl-wip,load,2,19.87,22087.8,43308.1,65.7,3,1329,2
2026-09-15T23:51:58.5513976+09:00,wsl-wip,load,2,20.33,22090.5,43305.4,65.7,3,1329,2
2026-09-15T23:51:59.7155963+09:00,wsl-wip,load,2,22.74,22096.9,43299,65.7,3,1329,2
2026-09-15T23:52:00.8794326+09:00,wsl-wip,load,2,22.31,22090,43305.9,65.7,3,1329,2
2026-09-15T23:52:02.0475265+09:00,wsl-wip,load,2,22.76,22092.5,43303.4,65.7,3,1329,2
2026-09-15T23:52:03.2398854+09:00,wsl-wip,load,2,18.08,21901,43494.9,65.7,3,1329,2
2026-09-15T23:52:04.3619761+09:00,wsl-wip,load,2,8.5,21889.3,43506.6,65.7,3,1329,2
2026-09-15T23:52:05.5176756+09:00,wsl-wip,load,2,6.45,21896.4,43499.5,65.7,3,1329,2
2026-09-15T23:52:13.1193766+09:00,windows-docker,baseline,2,6.62,23605.4,41790.5,,0,2896.4,2
2026-09-15T23:52:14.5341922+09:00,windows-docker,baseline,2,5.33,23600,41795.9,,0,2895.4,2
2026-09-15T23:52:15.6582659+09:00,windows-docker,baseline,2,4.12,23608.6,41787.3,,0,2895.4,2
2026-09-15T23:52:16.7739926+09:00,windows-docker,baseline,2,1.96,23602.8,41793.1,,0,2877.6,2
2026-09-15T23:52:17.8772845+09:00,windows-docker,baseline,2,15.06,23689.1,41706.8,,0,2877.6,2
2026-09-15T23:52:19.0775196+09:00,windows-docker,baseline,2,11.53,23696.5,41699.4,,0,2871.3,2
2026-09-15T23:52:20.2416963+09:00,windows-docker,baseline,2,10.44,23661.3,41734.6,,0,2869.1,2
2026-09-15T23:52:21.3658862+09:00,windows-docker,baseline,2,3.53,23653.8,41742.1,,0,2869.1,2
2026-09-15T23:52:22.5248724+09:00,windows-docker,baseline,2,10,23662,41733.9,,0,2868.5,2
2026-09-15T23:52:23.6932638+09:00,windows-docker,baseline,2,10.18,23656.4,41739.5,,0,2868.5,2
2026-09-15T23:52:24.8616799+09:00,windows-docker,baseline,2,2.74,23650.4,41745.5,,0,2867.2,2
2026-09-15T23:52:26.0652979+09:00,windows-docker,baseline,2,15.06,23649.1,41746.8,,0,2876,2
2026-09-15T23:52:27.2291530+09:00,windows-docker,baseline,2,4.21,23657.1,41738.8,,0,2862.1,2
2026-09-15T23:52:28.4131436+09:00,windows-docker,baseline,2,5.22,23657.7,41738.2,,0,2861.4,2
2026-09-15T23:52:29.5613267+09:00,windows-docker,baseline,2,8.17,23656.9,41739,,0,2861.4,2
2026-09-15T23:52:30.7111769+09:00,windows-docker,baseline,2,1.91,23659.4,41736.5,,0,2861.2,2
2026-09-15T23:52:31.8494732+09:00,windows-docker,baseline,2,4.92,23677.3,41718.6,,0,2861.3,2
2026-09-15T23:52:33.0213107+09:00,windows-docker,baseline,2,2.47,23682.4,41713.5,,0,2860.4,2
2026-09-15T23:52:34.1631386+09:00,windows-docker,baseline,2,7.49,23676.1,41719.8,,0,2860.4,2
2026-09-15T23:52:35.3313999+09:00,windows-docker,baseline,2,4.56,23672,41723.9,,0,2859,2
2026-09-15T23:52:36.4998112+09:00,windows-docker,baseline,2,7.13,23100.3,42295.6,,0,1752.7,2
2026-09-15T23:52:37.6384120+09:00,windows-docker,baseline,2,1.29,23097,42298.9,,0,1752.7,2
2026-09-15T23:52:38.8190606+09:00,windows-docker,baseline,2,3.69,23040.4,42355.5,,0,1556.1,2
2026-09-15T23:52:39.9800142+09:00,windows-docker,baseline,2,4.04,23029.7,42366.2,,0,1556.1,2
2026-09-15T23:52:41.1134323+09:00,windows-docker,baseline,2,3.99,23025,42370.9,,0,1480.2,2
2026-09-15T23:52:42.2283577+09:00,windows-docker,baseline,2,3.25,23007.5,42388.4,,0,1480.2,2
2026-09-15T23:52:43.4091676+09:00,windows-docker,baseline,2,5.72,23007.6,42388.3,,0,1430.5,2
2026-09-15T23:52:44.5500150+09:00,windows-docker,baseline,2,11.78,23024.9,42371,,0,1408,2
2026-09-15T23:52:45.7539359+09:00,windows-docker,baseline,2,12.48,23030.6,42365.3,,0,1408,2
2026-09-15T23:52:46.9422440+09:00,windows-docker,baseline,2,4.96,23029.3,42366.6,,0,1389.9,2
2026-09-15T23:52:48.1166160+09:00,windows-docker,baseline,2,12.02,23030.8,42365.1,,0,1389.9,2
2026-09-15T23:52:49.2946087+09:00,windows-docker,baseline,2,12.89,23029.3,42366.6,,0,1384.6,2
2026-09-15T23:52:50.4748496+09:00,windows-docker,baseline,2,7.19,23023.7,42372.2,,0,1384.6,2
2026-09-15T23:52:51.5812490+09:00,windows-docker,baseline,2,4.77,23030.4,42365.5,,0,1379,2
2026-09-15T23:52:52.7818593+09:00,windows-docker,baseline,2,3.55,23024.3,42371.6,,0,1379,2
2026-09-15T23:52:53.9334141+09:00,windows-docker,baseline,2,5.85,23023.7,42372.2,,0,1379,2
2026-09-15T23:52:55.1079872+09:00,windows-docker,baseline,2,2.04,23022.4,42373.5,,0,1379,2
2026-09-15T23:52:56.2652110+09:00,windows-docker,baseline,2,2.7,23028.8,42367.1,,0,1373.9,2
2026-09-15T23:52:57.4447136+09:00,windows-docker,baseline,2,7.06,23025.6,42370.3,,0,1373.9,2
2026-09-15T23:52:58.5940232+09:00,windows-docker,baseline,2,8.95,23031.1,42364.8,,0,1373.9,2
2026-09-15T23:52:59.7575596+09:00,windows-docker,baseline,2,9.56,23030.3,42365.6,,0,1373.9,2
2026-09-15T23:53:00.9023597+09:00,windows-docker,baseline,2,3.04,23025.6,42370.3,,0,1370.6,2
2026-09-15T23:53:02.0817322+09:00,windows-docker,baseline,2,6.71,23027.7,42368.2,,0,1370.6,2
2026-09-15T23:53:03.2629984+09:00,windows-docker,baseline,2,2.72,23042.7,42353.2,,0,1367.6,2
2026-09-15T23:53:04.4794655+09:00,windows-docker,baseline,2,5.88,23019.7,42376.2,,0,1367.6,2
2026-09-15T23:53:05.6197943+09:00,windows-docker,baseline,2,3.48,23014.4,42381.5,,0,1367.5,2
2026-09-15T23:53:06.7775061+09:00,windows-docker,baseline,2,5.48,22018.4,43377.5,,0,1367.5,2
2026-09-15T23:53:07.9001318+09:00,windows-docker,baseline,2,3.81,22013.2,43382.7,,0,1367.4,2
2026-09-15T23:53:09.1028539+09:00,windows-docker,baseline,2,4.85,22021.2,43374.7,,0,1367.4,2
2026-09-15T23:53:10.3012768+09:00,windows-docker,baseline,2,5.07,22017.4,43378.5,,0,1367.4,2
2026-09-15T23:53:11.4848233+09:00,windows-docker,baseline,2,6.97,22021.2,43374.7,,0,1367.4,2
2026-09-15T23:53:12.6353540+09:00,windows-docker,baseline,2,7.03,22022.5,43373.4,,0,1367.1,2
2026-09-15T23:53:17.8846383+09:00,windows-docker,infra_idle,2,37.4,25561.3,39834.6,752.2,8,4065.7,2
2026-09-15T23:53:19.5284273+09:00,windows-docker,infra_idle,2,30.98,26363.4,39032.5,752.6,8,4841.2,2
2026-09-15T23:53:20.7541665+09:00,windows-docker,infra_idle,2,12.5,26368,39027.9,744.7,8,4857.4,2
2026-09-15T23:53:21.9695540+09:00,windows-docker,infra_idle,2,5.05,26365.1,39030.8,745.3,8,4857.7,2
2026-09-15T23:53:23.1486665+09:00,windows-docker,infra_idle,2,6.69,26370.4,39025.5,750,8,4857.7,2
2026-09-15T23:53:24.3331783+09:00,windows-docker,infra_idle,2,4.77,26368.6,39027.3,749.8,8,4857.7,2
2026-09-15T23:53:25.5535010+09:00,windows-docker,infra_idle,2,8.1,26364.8,39031.1,749.8,8,4855.2,2
2026-09-15T23:53:26.6932894+09:00,windows-docker,infra_idle,2,5.39,26368.8,39027.1,749.8,8,4855.4,2
2026-09-15T23:53:27.9055785+09:00,windows-docker,infra_idle,2,16.97,26339.4,39056.5,751.1,8,4826.1,2
2026-09-15T23:53:29.0820461+09:00,windows-docker,infra_idle,2,4.12,26338.2,39057.7,751.1,8,4826.1,2
2026-09-15T23:53:30.3064512+09:00,windows-docker,infra_idle,2,5.88,26331.2,39064.7,750.9,8,4815.1,2
2026-09-15T23:53:31.4205110+09:00,windows-docker,infra_idle,2,12.31,26310.3,39085.6,750.5,8,4815.1,2
2026-09-15T23:53:32.6198870+09:00,windows-docker,infra_idle,2,5.93,26324.8,39071.1,750.2,8,4815.6,2
2026-09-15T23:53:33.7925201+09:00,windows-docker,infra_idle,2,2.65,26319.3,39076.6,741.2,8,4815.6,2
2026-09-15T23:53:35.0054924+09:00,windows-docker,infra_idle,2,4.9,26308.9,39087,741.2,8,4794.1,2
2026-09-15T23:53:36.1236067+09:00,windows-docker,infra_idle,2,8.07,26285.1,39110.8,741.2,8,4788.4,2
2026-09-15T23:53:37.3111860+09:00,windows-docker,infra_idle,2,3.59,26289.7,39106.2,741.5,8,4788.4,2
2026-09-15T23:53:38.4747186+09:00,windows-docker,infra_idle,2,2.71,26289.7,39106.2,741.4,8,4788.4,2
2026-09-15T23:53:39.6725603+09:00,windows-docker,infra_idle,2,9.84,26288.5,39107.4,741.4,8,4788.4,2
2026-09-15T23:53:40.8640318+09:00,windows-docker,infra_idle,2,11.42,26290.3,39105.6,741.3,8,4788.4,2
2026-09-15T23:53:42.0444848+09:00,windows-docker,infra_idle,2,8.59,26290.8,39105.1,741.3,8,4788.4,2
2026-09-15T23:53:43.2292910+09:00,windows-docker,infra_idle,2,10.16,26290.2,39105.7,741.3,8,4788.4,2
2026-09-15T23:53:44.4101222+09:00,windows-docker,infra_idle,2,11.16,26259.5,39136.4,704.8,8,4788.4,2
2026-09-15T23:53:45.6184004+09:00,windows-docker,infra_idle,2,14.32,26252.4,39143.5,701.5,8,4788.5,2
2026-09-15T23:53:46.8064696+09:00,windows-docker,infra_idle,2,0.09,26251.9,39144,710.6,8,4788.5,2
2026-09-15T23:53:47.9946003+09:00,windows-docker,infra_idle,2,6.36,26241.4,39154.5,711.5,8,4788.5,2
2026-09-15T23:53:49.1561159+09:00,windows-docker,infra_idle,2,6.46,26241.9,39154,711.5,8,4788.5,2
2026-09-15T23:53:50.3686780+09:00,windows-docker,infra_idle,2,8.82,26243.8,39152.1,711.9,8,4788.2,2
2026-09-15T23:53:51.5552945+09:00,windows-docker,infra_idle,2,3.5,26242.3,39153.6,712.4,8,4788.2,2
2026-09-15T23:53:52.7251244+09:00,windows-docker,infra_idle,2,9.25,26247.7,39148.2,713.1,8,4788.2,2
2026-09-15T23:53:53.9058379+09:00,windows-docker,infra_idle,2,6.25,26243.3,39152.6,705.1,8,4788.2,2
2026-09-15T23:53:55.1056470+09:00,windows-docker,infra_idle,2,12.14,26250.8,39145.1,705.1,8,4788.2,2
2026-09-15T23:53:56.2838346+09:00,windows-docker,infra_idle,2,3.79,26242.7,39153.2,705.1,8,4788.2,2
2026-09-15T23:53:57.5682016+09:00,windows-docker,infra_idle,2,6.13,26246.8,39149.1,705.3,8,4788.2,2
2026-09-15T23:53:58.7216746+09:00,windows-docker,infra_idle,2,8.7,26248.4,39147.5,705.2,8,4788.2,2
2026-09-15T23:53:59.8713057+09:00,windows-docker,infra_idle,2,13.17,26249.2,39146.7,705.2,8,4788.2,2
2026-09-15T23:54:01.0505100+09:00,windows-docker,infra_idle,2,7.84,26256.7,39139.2,705.2,8,4788.2,2
2026-09-15T23:54:02.2002724+09:00,windows-docker,infra_idle,2,6.29,26243.9,39152,705.3,8,4788.2,2
2026-09-15T23:54:03.3450982+09:00,windows-docker,infra_idle,2,3.68,26254,39141.9,705.4,8,4788.2,2
2026-09-15T23:54:04.5380952+09:00,windows-docker,infra_idle,2,5.24,26251.9,39144,704.7,8,4788.2,2
2026-09-15T23:54:05.7342035+09:00,windows-docker,infra_idle,2,4.67,26260.3,39135.6,704.7,8,4788.2,2
2026-09-15T23:54:06.8930138+09:00,windows-docker,infra_idle,2,1.31,26235.5,39160.4,704.8,8,4788.2,2
2026-09-15T23:54:08.0822464+09:00,windows-docker,infra_idle,2,0.6,26231.9,39164,705.4,8,4788.2,2
2026-09-15T23:54:09.3066947+09:00,windows-docker,infra_idle,2,5.46,26233.2,39162.7,705.4,8,4788.2,2
2026-09-15T23:54:10.5422508+09:00,windows-docker,infra_idle,2,6.43,26236.2,39159.7,705.4,8,4788.2,2
2026-09-15T23:54:11.7059218+09:00,windows-docker,infra_idle,2,8.31,26235.7,39160.2,705.4,8,4788.2,2
2026-09-15T23:54:12.8400034+09:00,windows-docker,infra_idle,2,9.75,26245.3,39150.6,713.8,8,4788.2,2
2026-09-15T23:54:13.9868946+09:00,windows-docker,infra_idle,2,5.9,26241.8,39154.1,722.2,8,4788.2,2
2026-09-15T23:54:15.1100404+09:00,windows-docker,infra_idle,2,6.46,26243.2,39152.7,721.3,8,4788.2,2
2026-09-15T23:54:16.2896309+09:00,windows-docker,infra_idle,2,3.73,26241.5,39154.4,719.6,8,4788.2,2
2026-09-15T23:54:17.4435989+09:00,windows-docker,infra_idle,2,3.79,26236,39159.9,715.6,8,4788.2,2
2026-09-15T23:54:19.5423517+09:00,windows-docker,app_idle,2,8.56,26320.9,39075,713.4,8,4880,2
2026-09-15T23:54:21.0604784+09:00,windows-docker,app_idle,2,5.44,26316.7,39079.2,713.4,8,4881.6,2
2026-09-15T23:54:22.2202728+09:00,windows-docker,app_idle,2,11.78,26307.7,39088.2,709.5,8,4881.6,2
2026-09-15T23:54:23.3799235+09:00,windows-docker,app_idle,2,4.51,26313.9,39082,709.4,8,4877.4,2
2026-09-15T23:54:24.5180224+09:00,windows-docker,app_idle,2,6.86,26304.1,39091.8,709.4,8,4877.4,2
2026-09-15T23:54:25.6978659+09:00,windows-docker,app_idle,2,4.08,26312.5,39083.4,709.3,8,4877.4,2
2026-09-15T23:54:26.8152073+09:00,windows-docker,app_idle,2,1.35,26307.1,39088.8,709.3,8,4877.4,2
2026-09-15T23:54:28.0082757+09:00,windows-docker,app_idle,2,7.69,26311.6,39084.3,709.1,8,4876.4,2
2026-09-15T23:54:29.1223833+09:00,windows-docker,app_idle,2,9.25,26306.2,39089.7,709.1,8,4876.4,2
2026-09-15T23:54:30.2791133+09:00,windows-docker,app_idle,2,6.99,26310.5,39085.4,709,8,4876.5,2
2026-09-15T23:54:31.4031938+09:00,windows-docker,app_idle,2,4.69,26309.9,39086,709,8,4876.5,2
2026-09-15T23:54:32.5548581+09:00,windows-docker,app_idle,2,0.3,26337.2,39058.7,709.6,8,4876.5,2
2026-09-15T23:54:33.8268421+09:00,windows-docker,app_idle,2,10.44,26330.1,39065.8,709.5,8,4876.5,2
2026-09-15T23:54:35.0426797+09:00,windows-docker,app_idle,2,7.55,26329.7,39066.2,709.5,8,4876.5,2
2026-09-15T23:54:36.3515551+09:00,windows-docker,app_idle,2,11.33,26325.9,39070,709.5,8,4876.5,2
2026-09-15T23:54:37.5497956+09:00,windows-docker,app_idle,2,12.68,26328.9,39067,709.6,8,4876.5,2
2026-09-15T23:54:38.8273623+09:00,windows-docker,app_idle,2,9.93,26323.6,39072.3,709.5,8,4876.5,2
2026-09-15T23:54:40.0926519+09:00,windows-docker,app_idle,2,6.83,26332.1,39063.8,709.5,8,4876.5,2
2026-09-15T23:54:41.3807783+09:00,windows-docker,app_idle,2,4.77,26337.1,39058.8,709.5,8,4876.5,2
2026-09-15T23:54:42.5691760+09:00,windows-docker,app_idle,2,4.76,26335.2,39060.7,710,8,4876.5,2
2026-09-15T23:54:43.8002831+09:00,windows-docker,app_idle,2,5.41,26334.7,39061.2,710,8,4876.5,2
2026-09-15T23:54:44.9855673+09:00,windows-docker,app_idle,2,7.23,26365.1,39030.8,710,8,4904.8,2
2026-09-15T23:54:46.2945821+09:00,windows-docker,app_idle,2,5.64,26358.1,39037.8,710.1,8,4904.8,2
2026-09-15T23:54:47.4401052+09:00,windows-docker,app_idle,2,4.78,26363.4,39032.5,709.3,8,4904.8,2
2026-09-15T23:54:48.6470233+09:00,windows-docker,app_idle,2,7.26,26375.5,39020.4,709.3,8,4905.4,2
2026-09-15T23:54:49.8555140+09:00,windows-docker,app_idle,2,9.08,26370.9,39025,709.2,8,4905.4,2
2026-09-15T23:54:51.1085556+09:00,windows-docker,app_idle,2,4.74,26368.9,39027,709.2,8,4905.4,2
2026-09-15T23:54:52.2779643+09:00,windows-docker,app_idle,2,4.4,26372.6,39023.3,710.4,8,4903.1,2
2026-09-15T23:54:53.4850643+09:00,windows-docker,app_idle,2,6.6,26367.3,39028.6,710.4,8,4903.1,2
2026-09-15T23:54:54.6214383+09:00,windows-docker,app_idle,2,2.93,26360.1,39035.8,702.3,8,4903.1,2
2026-09-15T23:54:55.8318937+09:00,windows-docker,app_idle,2,5.15,26357.2,39038.7,702.3,8,4903.1,2
2026-09-15T23:54:56.9571586+09:00,windows-docker,app_idle,2,2.88,26359.8,39036.1,702.3,8,4903.1,2
2026-09-15T23:54:58.1709991+09:00,windows-docker,app_idle,2,2.18,26359.6,39036.3,702.4,8,4903.1,2
2026-09-15T23:54:59.3565783+09:00,windows-docker,app_idle,2,2.25,26367.3,39028.6,702.4,8,4903.1,2
2026-09-15T23:55:00.5768611+09:00,windows-docker,app_idle,2,3.23,26364.8,39031.1,702.4,8,4903.1,2
2026-09-15T23:55:01.7938774+09:00,windows-docker,app_idle,2,8.9,26365,39030.9,702.4,8,4903.1,2
2026-09-15T23:55:02.9667145+09:00,windows-docker,app_idle,2,3.32,26372.6,39023.3,702.9,8,4903.1,2
2026-09-15T23:55:04.1048971+09:00,windows-docker,app_idle,2,7.09,26364.5,39031.4,702.9,8,4903.1,2
2026-09-15T23:55:05.2572090+09:00,windows-docker,app_idle,2,2.2,26367.7,39028.2,702.9,8,4903.1,2
2026-09-15T23:55:06.3796543+09:00,windows-docker,app_idle,2,8.28,26372.6,39023.3,702.8,8,4903.1,2
2026-09-15T23:55:07.5377800+09:00,windows-docker,app_idle,2,2.51,26375.7,39020.2,702.3,8,4903.1,2
2026-09-15T23:55:08.6909643+09:00,windows-docker,app_idle,2,4.07,26352.7,39043.2,702.3,8,4903.1,2
2026-09-15T23:55:09.8636919+09:00,windows-docker,app_idle,2,2.9,26354.1,39041.8,702.3,8,4903.1,2
2026-09-15T23:55:11.0402369+09:00,windows-docker,app_idle,2,3.61,26355.8,39040.1,702.3,8,4903.1,2
2026-09-15T23:55:12.2268559+09:00,windows-docker,app_idle,2,6.05,26363.5,39032.4,709.5,8,4903.1,2
2026-09-15T23:55:13.3775317+09:00,windows-docker,app_idle,2,1.87,26361.7,39034.2,709.5,8,4903.1,2
2026-09-15T23:55:14.5654226+09:00,windows-docker,app_idle,2,8.07,26366.7,39029.2,714.8,8,4903.1,2
2026-09-15T23:55:15.7472757+09:00,windows-docker,app_idle,2,6.14,26366.7,39029.2,714.8,8,4904.4,2
2026-09-15T23:55:16.9768290+09:00,windows-docker,app_idle,2,3.1,26367.9,39028,715.1,8,4905.5,2
2026-09-15T23:55:18.1755624+09:00,windows-docker,app_idle,2,8.18,25824.4,39571.5,715.3,8,2922.3,2
2026-09-15T23:55:19.3648761+09:00,windows-docker,app_idle,2,8.12,25712.3,39683.6,715.3,8,2922.3,2
2026-09-15T23:55:20.8553249+09:00,windows-docker,load,2,50.83,25287.8,40108.1,720.3,8,2673.4,2
2026-09-15T23:55:22.5509333+09:00,windows-docker,load,2,48.12,25183.4,40212.5,722.2,8,2542,2
2026-09-15T23:55:23.7765401+09:00,windows-docker,load,2,42.56,25197.1,40198.8,722.9,8,2542.2,2
2026-09-15T23:55:24.9942985+09:00,windows-docker,load,2,42.22,25200.5,40195.4,723.3,8,2470.8,2
2026-09-15T23:55:26.2136967+09:00,windows-docker,load,2,43.79,25197.4,40198.5,723.1,8,2460.7,2
2026-09-15T23:55:27.4454794+09:00,windows-docker,load,2,45.81,25194.7,40201.2,723.4,8,2460.6,2
2026-09-15T23:55:28.6577381+09:00,windows-docker,load,2,42.06,25203.7,40192.2,723.4,8,2460.6,2
2026-09-15T23:55:29.8800756+09:00,windows-docker,load,2,43.6,25206.8,40189.1,723.4,8,2461.1,2
2026-09-15T23:55:31.1095157+09:00,windows-docker,load,2,45.3,25205.4,40190.5,723.4,8,2462.9,2
2026-09-15T23:55:32.3207158+09:00,windows-docker,load,2,41.72,25213.1,40182.8,722.6,8,2464.6,2
2026-09-15T23:55:33.5401516+09:00,windows-docker,load,2,42.81,25249.4,40146.5,722.4,8,2466.2,2
2026-09-15T23:55:34.7588092+09:00,windows-docker,load,2,40.57,25261.7,40134.2,722.4,8,2468.6,2
2026-09-15T23:55:36.0010749+09:00,windows-docker,load,2,44.6,25273.1,40122.8,722.6,8,2471.3,2
2026-09-15T23:55:37.2329944+09:00,windows-docker,load,2,44.54,25104.1,40291.8,723,8,2474.5,2
2026-09-15T23:55:38.4699019+09:00,windows-docker,load,2,46.98,24023.5,41372.4,723.1,8,2475.6,2
2026-09-15T23:55:39.6869781+09:00,windows-docker,load,2,44.25,24033.6,41362.3,723.6,8,2476.7,2
2026-09-15T23:55:40.9306528+09:00,windows-docker,load,2,44.93,24004.1,41391.8,723.2,8,2478.2,2
2026-09-15T23:55:42.2198977+09:00,windows-docker,load,2,51.9,23951.3,41444.6,723.3,8,2480.2,2
2026-09-15T23:55:43.4515041+09:00,windows-docker,load,2,42.78,23956.8,41439.1,723.2,8,2483.4,2
2026-09-15T23:55:44.6647708+09:00,windows-docker,load,2,42.41,23935.7,41460.2,721.8,8,2484.1,2
2026-09-15T23:55:45.9026183+09:00,windows-docker,load,2,46.49,23935.5,41460.4,721.8,8,2487.1,2
2026-09-15T23:55:47.1336267+09:00,windows-docker,load,2,44.6,23925,41470.9,721.8,8,2487.9,2
2026-09-15T23:55:48.3739604+09:00,windows-docker,load,2,46.12,23934.8,41461.1,721.8,8,2490.4,2
2026-09-15T23:55:49.5959762+09:00,windows-docker,load,2,45.5,23947.3,41448.6,721.5,8,2494.2,2
2026-09-15T23:55:50.8169814+09:00,windows-docker,load,2,42.35,23943.5,41452.4,721.5,8,2497.8,2
2026-09-15T23:55:52.0842915+09:00,windows-docker,load,2,40.12,23951.3,41444.6,721.5,8,2500.3,2
2026-09-15T23:55:53.3135779+09:00,windows-docker,load,2,43.71,23951.8,41444.1,722.9,8,2501.4,2
2026-09-15T23:55:54.5301489+09:00,windows-docker,load,2,42.23,23946.9,41449,722.8,8,2501.4,2
2026-09-15T23:55:55.7498117+09:00,windows-docker,load,2,43.4,23935.3,41460.6,722.8,8,2499.7,2
2026-09-15T23:55:56.9695174+09:00,windows-docker,load,2,45.96,23946.3,41449.6,722.8,8,2499.7,2
2026-09-15T23:55:58.2123174+09:00,windows-docker,load,2,47.21,23928,41467.9,721.2,8,2499.7,2
2026-09-15T23:55:59.4370004+09:00,windows-docker,load,2,48.04,23950.5,41445.4,721.2,8,2500.8,2
2026-09-15T23:56:00.7130332+09:00,windows-docker,load,2,50.89,23944.1,41451.8,720.4,8,2502.3,2
2026-09-15T23:56:01.9500932+09:00,windows-docker,load,2,48.77,23944,41451.9,719.9,8,2502.4,2
2026-09-15T23:56:03.2132371+09:00,windows-docker,load,2,48.81,23949.1,41446.8,720.2,8,2502.8,2
2026-09-15T23:56:04.4599789+09:00,windows-docker,load,2,45.88,23956.9,41439,720.3,8,2502.8,2
2026-09-15T23:56:05.6926812+09:00,windows-docker,load,2,45.81,23969.7,41426.2,720.2,8,2503.7,2
2026-09-15T23:56:06.9194752+09:00,windows-docker,load,2,43.89,23968.8,41427.1,720.2,8,2505.3,2
2026-09-15T23:56:08.1573258+09:00,windows-docker,load,2,46.78,23982.6,41413.3,720.3,8,2507.7,2
2026-09-15T23:56:09.3739529+09:00,windows-docker,load,2,43.14,23991.1,41404.8,720.3,8,2510.7,2
2026-09-15T23:56:10.6206227+09:00,windows-docker,load,2,45.16,23993.6,41402.3,720.6,8,2512.3,2
2026-09-15T23:56:11.8549667+09:00,windows-docker,load,2,42.65,23969.7,41426.2,720.6,8,2512.3,2
2026-09-15T23:56:13.0898990+09:00,windows-docker,load,2,46,23975.2,41420.7,721.6,8,2514.4,2
2026-09-15T23:56:14.3145387+09:00,windows-docker,load,2,42.82,23983.7,41412.2,721.4,8,2515.7,2
2026-09-15T23:56:15.5309377+09:00,windows-docker,load,2,45.69,23991.8,41404.1,721.9,8,2517.6,2
2026-09-15T23:56:16.7495320+09:00,windows-docker,load,2,43.24,23990.5,41405.4,722,8,2518.9,2
2026-09-15T23:56:17.9961588+09:00,windows-docker,load,2,47.05,23987.9,41408,722.2,8,2518.9,2
2026-09-15T23:56:19.1991188+09:00,windows-docker,load,2,45.71,23997.6,41398.3,722.2,8,2518.9,2
2026-09-15T23:56:20.4411609+09:00,windows-docker,load,2,42.26,23998.5,41397.4,722.2,8,2518.9,2
2026-09-15T23:56:21.6619726+09:00,windows-docker,load,2,40.43,24001.2,41394.7,722.2,8,2518.9,2
2026-09-15T23:56:22.8951434+09:00,windows-docker,load,2,46.91,24003.9,41392,722.6,8,2518.9,2
2026-09-15T23:56:24.1124371+09:00,windows-docker,load,2,42.46,24000.5,41395.4,722.6,8,2518.9,2
2026-09-15T23:56:25.3309451+09:00,windows-docker,load,2,47.18,24006.9,41389,722.6,8,2520.4,2
2026-09-15T23:56:26.5609379+09:00,windows-docker,load,2,42.87,24003.7,41392.2,722.5,8,2521.4,2
2026-09-15T23:56:27.7810029+09:00,windows-docker,load,2,44.75,24015.7,41380.2,722.5,8,2522.2,2
2026-09-15T23:56:29.0044404+09:00,windows-docker,load,2,42.77,24006.9,41389,722.3,8,2522.5,2
2026-09-15T23:56:30.2079787+09:00,windows-docker,load,2,42.59,24006.7,41389.2,722.3,8,2522.5,2
2026-09-15T23:56:31.4326963+09:00,windows-docker,load,2,38.02,24003.3,41392.6,722.4,8,2522.5,2
2026-09-15T23:56:32.6530114+09:00,windows-docker,load,2,44.52,23983.3,41412.6,722.4,8,2522.5,2
2026-09-15T23:56:33.8939177+09:00,windows-docker,load,2,47.7,23982.8,41413.1,722.4,8,2522.5,2
2026-09-15T23:56:35.1065702+09:00,windows-docker,load,2,40.5,23986.2,41409.7,722.3,8,2522.5,2
2026-09-15T23:56:36.3257264+09:00,windows-docker,load,2,44.49,23988.8,41407.1,722.3,8,2523.7,2
2026-09-15T23:56:37.5486833+09:00,windows-docker,load,2,43.4,23992.8,41403.1,722.6,8,2525.2,2
2026-09-15T23:56:38.7838625+09:00,windows-docker,load,2,43.41,23984.6,41411.3,722.6,8,2528.8,2
2026-09-15T23:56:40.0071628+09:00,windows-docker,load,2,42.84,24000.5,41395.4,721.8,8,2531.4,2
2026-09-15T23:56:41.2281690+09:00,windows-docker,load,2,48.24,24009.8,41386.1,721.6,8,2533,2
2026-09-15T23:56:42.4492212+09:00,windows-docker,load,2,44.89,24009.7,41386.2,722.1,8,2533,2
2026-09-15T23:56:43.6874598+09:00,windows-docker,load,2,43.07,23999.8,41396.1,722.1,8,2533,2
2026-09-15T23:56:44.9050138+09:00,windows-docker,load,2,44.93,24005.7,41390.2,722.1,8,2533,2
2026-09-15T23:56:46.1363462+09:00,windows-docker,load,2,43.21,24002.3,41393.6,722.1,8,2534.5,2
2026-09-15T23:56:47.3423622+09:00,windows-docker,load,2,43.87,24002.8,41393.1,723.4,8,2536.9,2
2026-09-15T23:56:48.5907179+09:00,windows-docker,load,2,48.59,24022.7,41373.2,723.4,8,2537,2
2026-09-15T23:56:49.8135139+09:00,windows-docker,load,2,47.51,23997,41398.9,723.4,8,2537,2
2026-09-15T23:56:51.0404081+09:00,windows-docker,load,2,45.5,24001.2,41394.7,723.3,8,2537.8,2
2026-09-15T23:56:52.2769535+09:00,windows-docker,load,2,44.19,24001.2,41394.7,722.9,8,2537.8,2
2026-09-15T23:56:53.4897406+09:00,windows-docker,load,2,44.12,23998.5,41397.4,723.4,8,2537.8,2
2026-09-15T23:56:54.7015276+09:00,windows-docker,load,2,42.31,24000.3,41395.6,722.9,8,2537.8,2
2026-09-15T23:56:55.9358866+09:00,windows-docker,load,2,45.8,24005.5,41390.4,722.9,8,2537.9,2
2026-09-15T23:56:57.1451182+09:00,windows-docker,load,2,42.86,24012.1,41383.8,722.8,8,2536.8,2
2026-09-15T23:56:58.3672334+09:00,windows-docker,load,2,47.32,24002.3,41393.6,722.9,8,2536.8,2
2026-09-15T23:56:59.5872098+09:00,windows-docker,load,2,42.34,24014.6,41381.3,722.7,8,2536.8,2
2026-09-15T23:57:00.8140953+09:00,windows-docker,load,2,47.36,24021.3,41374.6,722.8,8,2536.8,2
2026-09-15T23:57:02.0326404+09:00,windows-docker,load,2,40.27,24043.3,41352.6,722.7,8,2537,2
2026-09-15T23:57:03.2553104+09:00,windows-docker,load,2,40.58,24037.6,41358.3,722.8,8,2537,2
2026-09-15T23:57:04.4755468+09:00,windows-docker,load,2,42.08,24047.2,41348.7,722.8,8,2537,2
2026-09-15T23:57:05.6883432+09:00,windows-docker,load,2,44.33,24045.6,41350.3,722.5,8,2537.1,2
2026-09-15T23:57:06.9086517+09:00,windows-docker,load,2,42.26,24051.5,41344.4,722.5,8,2537.1,2
2026-09-15T23:57:08.1468020+09:00,windows-docker,load,2,44.84,24052.7,41343.2,723.8,8,2537.1,2
2026-09-15T23:57:09.3653768+09:00,windows-docker,load,2,43.46,24052.5,41343.4,723.8,8,2537.1,2
2026-09-15T23:57:10.5837324+09:00,windows-docker,load,2,42.22,24047.2,41348.7,723.8,8,2538.6,2
2026-09-15T23:57:11.8082046+09:00,windows-docker,load,2,42.4,24056,41339.9,723.9,8,2538.7,2
2026-09-15T23:57:13.0318656+09:00,windows-docker,load,2,44.89,24067.5,41328.4,724.4,8,2539.4,2
2026-09-15T23:57:14.2520825+09:00,windows-docker,load,2,44.48,24052.9,41343,723.4,8,2541.4,2
2026-09-15T23:57:15.4718932+09:00,windows-docker,load,2,42.9,24056.6,41339.3,723.5,8,2541.4,2
2026-09-15T23:57:16.7016990+09:00,windows-docker,load,2,44.06,24067.1,41328.8,725.3,8,2541.4,2
2026-09-15T23:57:17.9258948+09:00,windows-docker,load,2,42.6,24054.2,41341.7,724.1,8,2541.4,2
2026-09-15T23:57:19.2611162+09:00,windows-docker,load,2,45.31,24053.9,41342,724.1,8,2541.4,2
2026-09-15T23:57:20.4880988+09:00,windows-docker,load,2,18.01,23884.5,41511.4,724.1,8,2541.4,2
2026-09-15T23:57:21.6876882+09:00,windows-docker,load,2,5.84,23877.4,41518.5,724.2,8,2541.4,2
2026-09-15T23:58:10.5582265+09:00,windows-docker,baseline,3,7.33,23336.2,42059.7,,0,2560.1,2
2026-09-15T23:58:12.0462859+09:00,windows-docker,baseline,3,1.31,23320.1,42075.8,,0,2560.1,2
2026-09-15T23:58:13.1735735+09:00,windows-docker,baseline,3,7.07,23316.1,42079.8,,0,2542.4,2
2026-09-15T23:58:14.3060339+09:00,windows-docker,baseline,3,6.14,23311,42084.9,,0,2542.4,2
2026-09-15T23:58:15.4362201+09:00,windows-docker,baseline,3,3.6,23312.1,42083.8,,0,2534.4,2
2026-09-15T23:58:16.5382444+09:00,windows-docker,baseline,3,2.58,23313.7,42082.2,,0,2534.4,2
2026-09-15T23:58:17.6967718+09:00,windows-docker,baseline,3,4.78,23313.2,42082.7,,0,2529.4,2
2026-09-15T23:58:18.8740825+09:00,windows-docker,baseline,3,7.06,23336.6,42059.3,,0,2529.4,2
2026-09-15T23:58:19.9956752+09:00,windows-docker,baseline,3,12.76,23317.6,42078.3,,0,2518.9,2
2026-09-15T23:58:21.0941870+09:00,windows-docker,baseline,3,7.35,23313.1,42082.8,,0,2518.9,2
2026-09-15T23:58:22.2132114+09:00,windows-docker,baseline,3,5.98,23311.4,42084.5,,0,2518.9,2
2026-09-15T23:58:23.3397197+09:00,windows-docker,baseline,3,5.39,23312.6,42083.3,,0,2518.9,2
2026-09-15T23:58:24.5010999+09:00,windows-docker,baseline,3,11.92,23315.6,42080.3,,0,2520.2,2
2026-09-15T23:58:25.6679341+09:00,windows-docker,baseline,3,1.32,23315.3,42080.6,,0,2520.2,2
2026-09-15T23:58:26.8404566+09:00,windows-docker,baseline,3,4.37,23316.3,42079.6,,0,2520.2,2
2026-09-15T23:58:28.0047663+09:00,windows-docker,baseline,3,6.49,23149.5,42246.4,,0,2520.3,2
2026-09-15T23:58:29.0937604+09:00,windows-docker,baseline,3,6.48,23127.4,42268.5,,0,2389.9,2
2026-09-15T23:58:30.2462826+09:00,windows-docker,baseline,3,8.3,23115.6,42280.3,,0,2389.9,2
2026-09-15T23:58:31.3657845+09:00,windows-docker,baseline,3,2.68,23103.5,42292.4,,0,2325.8,2
2026-09-15T23:58:32.5166023+09:00,windows-docker,baseline,3,3.28,23102.5,42293.4,,0,2325.8,2
2026-09-15T23:58:33.6132175+09:00,windows-docker,baseline,3,4.4,23101.8,42294.1,,0,2298.4,2
2026-09-15T23:58:34.7779589+09:00,windows-docker,baseline,3,7.19,23098.3,42297.6,,0,2298.4,2
2026-09-15T23:58:35.9401678+09:00,windows-docker,baseline,3,2.25,23096.1,42299.8,,0,2288.5,2
2026-09-15T23:58:37.0965213+09:00,windows-docker,baseline,3,1.92,23096.7,42299.2,,0,2278.1,2
2026-09-15T23:58:38.2254297+09:00,windows-docker,baseline,3,3.87,23091.2,42304.7,,0,2278.1,2
2026-09-15T23:58:39.3380587+09:00,windows-docker,baseline,3,4.35,22823.7,42572.2,,0,2270.5,2
2026-09-15T23:58:40.4761931+09:00,windows-docker,baseline,3,7.24,22822.5,42573.4,,0,2270.5,2
2026-09-15T23:58:41.5805578+09:00,windows-docker,baseline,3,10.05,22836,42559.9,,0,2270.5,2
2026-09-15T23:58:42.7032925+09:00,windows-docker,baseline,3,4.32,22851.9,42544,,0,2270.5,2
2026-09-15T23:58:43.8375775+09:00,windows-docker,baseline,3,8.07,22836.2,42559.7,,0,2270.5,2
2026-09-15T23:58:44.9937018+09:00,windows-docker,baseline,3,2.37,22838.8,42557.1,,0,2270.5,2
2026-09-15T23:58:46.1206305+09:00,windows-docker,baseline,3,2,22832.3,42563.6,,0,2270.5,2
2026-09-15T23:58:47.2933938+09:00,windows-docker,baseline,3,5.02,22832.8,42563.1,,0,2270.5,2
2026-09-15T23:58:48.4559209+09:00,windows-docker,baseline,3,7.62,22837.1,42558.8,,0,2270.5,2
2026-09-15T23:58:49.6276569+09:00,windows-docker,baseline,3,11.45,22848.7,42547.2,,0,2270.5,2
2026-09-15T23:58:50.8377992+09:00,windows-docker,baseline,3,9.57,22838.2,42557.7,,0,2270.5,2
2026-09-15T23:58:51.9576994+09:00,windows-docker,baseline,3,4.15,22842.5,42553.4,,0,2270.5,2
2026-09-15T23:58:53.1366775+09:00,windows-docker,baseline,3,1.31,22856.8,42539.1,,0,2270.5,2
2026-09-15T23:58:54.3669104+09:00,windows-docker,baseline,3,12.04,22854.7,42541.2,,0,2270.5,2
2026-09-15T23:58:55.5773618+09:00,windows-docker,baseline,3,11.22,22861.8,42534.1,,0,2270.5,2
2026-09-15T23:58:56.9170083+09:00,windows-docker,baseline,3,10.94,22861.2,42534.7,,0,2270.5,2
2026-09-15T23:58:58.0853343+09:00,windows-docker,baseline,3,6.23,22859.2,42536.7,,0,2270.5,2
2026-09-15T23:58:59.3239771+09:00,windows-docker,baseline,3,9.92,22867.7,42528.2,,0,2270.5,2
2026-09-15T23:59:00.5626007+09:00,windows-docker,baseline,3,8.75,22875.9,42520,,0,2270.5,2
2026-09-15T23:59:01.7470763+09:00,windows-docker,baseline,3,8.34,22848.8,42547.1,,0,2270.5,2
2026-09-15T23:59:02.9799119+09:00,windows-docker,baseline,3,1.77,22836.8,42559.1,,0,2268.9,2
2026-09-15T23:59:04.1954393+09:00,windows-docker,baseline,3,8.1,22847.8,42548.1,,0,2268.9,2
2026-09-15T23:59:05.3670476+09:00,windows-docker,baseline,3,2.48,22839.1,42556.8,,0,2268.9,2
2026-09-15T23:59:06.5649101+09:00,windows-docker,baseline,3,6.35,22843.9,42552,,0,2268.9,2
2026-09-15T23:59:07.7013298+09:00,windows-docker,baseline,3,2.09,22843.6,42552.3,,0,2268.9,2
2026-09-15T23:59:08.8774373+09:00,windows-docker,baseline,3,3.51,22832.4,42563.5,,0,2268.9,2
2026-09-15T23:59:09.9912777+09:00,windows-docker,baseline,3,5.17,22834.6,42561.3,,0,2268.9,2
2026-09-15T23:59:15.4337327+09:00,windows-docker,infra_idle,3,34.97,25456.3,39939.6,747.1,8,4039.4,2
2026-09-15T23:59:17.1372376+09:00,windows-docker,infra_idle,3,15.6,26284.1,39111.8,747.3,8,4844.4,2
2026-09-15T23:59:18.3516582+09:00,windows-docker,infra_idle,3,22.36,26337.5,39058.4,739.4,8,4890.6,2
2026-09-15T23:59:19.5615362+09:00,windows-docker,infra_idle,3,8.65,26366.7,39029.2,739.6,8,4904.4,2
2026-09-15T23:59:20.7409551+09:00,windows-docker,infra_idle,3,8.19,26361.1,39034.8,748.1,8,4902.9,2
2026-09-15T23:59:21.9242520+09:00,windows-docker,infra_idle,3,4.83,26357.9,39038,748.5,8,4902.9,2
2026-09-15T23:59:23.0971327+09:00,windows-docker,infra_idle,3,4.6,26361.9,39034,748.8,8,4900.4,2
2026-09-15T23:59:24.2505672+09:00,windows-docker,infra_idle,3,3.11,26364.4,39031.5,747.3,8,4900.4,2
2026-09-15T23:59:25.4753781+09:00,windows-docker,infra_idle,3,5.13,26348,39047.9,749.2,8,4879.1,2
2026-09-15T23:59:26.6063427+09:00,windows-docker,infra_idle,3,7.04,26343.8,39052.1,749.2,8,4879.1,2
2026-09-15T23:59:27.7898325+09:00,windows-docker,infra_idle,3,1.34,26328.4,39067.5,749.2,8,4860.1,2
2026-09-15T23:59:29.0053744+09:00,windows-docker,infra_idle,3,3.41,26323.6,39072.3,749.2,8,4860.1,2
2026-09-15T23:59:30.2086812+09:00,windows-docker,infra_idle,3,5.19,26324.1,39071.8,749.4,8,4860.1,2
2026-09-15T23:59:31.3622200+09:00,windows-docker,infra_idle,3,4.28,26334.3,39061.6,749.4,8,4862.2,2
2026-09-15T23:59:32.5811995+09:00,windows-docker,infra_idle,3,3.55,26334.3,39061.6,749.3,8,4849.4,2
2026-09-15T23:59:33.7343227+09:00,windows-docker,infra_idle,3,1.74,26339.6,39056.3,749.3,8,4849.4,2
2026-09-15T23:59:34.9562170+09:00,windows-docker,infra_idle,3,5.4,26335.5,39060.4,749.6,8,4849.4,2
2026-09-15T23:59:36.0771570+09:00,windows-docker,infra_idle,3,7.84,26337.1,39058.8,749.5,8,4849.4,2
2026-09-15T23:59:37.2777735+09:00,windows-docker,infra_idle,3,3.55,26328.8,39067.1,737.8,8,4849.4,2
2026-09-15T23:59:38.4028304+09:00,windows-docker,infra_idle,3,8.42,26323,39072.9,737.8,8,4849.4,2
2026-09-15T23:59:39.5647763+09:00,windows-docker,infra_idle,3,1.67,26295.5,39100.4,737.9,8,4849.4,2
2026-09-15T23:59:40.7486366+09:00,windows-docker,infra_idle,3,7.29,26291.8,39104.1,737.9,8,4849.2,2
2026-09-15T23:59:41.8990884+09:00,windows-docker,infra_idle,3,14.7,26300.1,39095.8,708.5,8,4849.2,2
2026-09-15T23:59:43.1118582+09:00,windows-docker,infra_idle,3,3.41,26294.8,39101.1,705.4,8,4849.2,2
2026-09-15T23:59:44.2950127+09:00,windows-docker,infra_idle,3,4.16,26279.6,39116.3,714.7,8,4849.4,2
2026-09-15T23:59:45.4412936+09:00,windows-docker,infra_idle,3,3.53,26283.5,39112.4,715.9,8,4840.8,2
2026-09-15T23:59:46.6211332+09:00,windows-docker,infra_idle,3,9.41,26279.8,39116.1,715.9,8,4840.8,2
2026-09-15T23:59:47.7868002+09:00,windows-docker,infra_idle,3,5.97,26299,39096.9,715.9,8,4840.8,2
2026-09-15T23:59:48.9742372+09:00,windows-docker,infra_idle,3,6.03,26299.1,39096.8,715.9,8,4840.8,2
2026-09-15T23:59:50.1707740+09:00,windows-docker,infra_idle,3,10.61,26294.3,39101.6,716.2,8,4840.8,2
2026-09-15T23:59:51.3382592+09:00,windows-docker,infra_idle,3,4.68,26278.6,39117.3,708.2,8,4840.8,2
2026-09-15T23:59:52.5485838+09:00,windows-docker,infra_idle,3,3.24,26286.6,39109.3,708.2,8,4840.8,2
2026-09-15T23:59:53.7366022+09:00,windows-docker,infra_idle,3,2.83,26284,39111.9,708.2,8,4840.8,2
2026-09-15T23:59:54.8883986+09:00,windows-docker,infra_idle,3,7.41,26292.8,39103.1,708.4,8,4840.8,2
2026-09-15T23:59:56.0367425+09:00,windows-docker,infra_idle,3,4.39,26286.4,39109.5,708.3,8,4840.8,2
2026-09-15T23:59:57.1957425+09:00,windows-docker,infra_idle,3,6.04,26291.3,39104.6,708.3,8,4840.8,2
2026-09-15T23:59:58.3798295+09:00,windows-docker,infra_idle,3,2.23,26294.7,39101.2,708.3,8,4840.8,2
2026-09-15T23:59:59.5750658+09:00,windows-docker,infra_idle,3,12.54,26324.7,39071.2,708.4,8,4840.8,2
2026-09-16T00:00:00.7841088+09:00,windows-docker,infra_idle,3,6.74,26315.1,39080.8,708.4,8,4840.8,2
2026-09-16T00:00:02.0433403+09:00,windows-docker,infra_idle,3,9.57,26311.5,39084.4,708.4,8,4840.8,2
2026-09-16T00:00:03.2050824+09:00,windows-docker,infra_idle,3,9.8,26318.5,39077.4,708.4,8,4840.8,2
2026-09-16T00:00:04.4499496+09:00,windows-docker,infra_idle,3,8.61,26308.3,39087.6,708.4,8,4840.8,2
2026-09-16T00:00:05.6571960+09:00,windows-docker,infra_idle,3,13.37,26362.7,39033.2,709.1,8,4840.8,2
2026-09-16T00:00:06.9092669+09:00,windows-docker,infra_idle,3,14.17,26367.7,39028.2,709.1,8,4840.8,2
2026-09-16T00:00:08.0224914+09:00,windows-docker,infra_idle,3,8.33,26367.7,39028.2,709.1,8,4840.8,2
2026-09-16T00:00:09.2327373+09:00,windows-docker,infra_idle,3,10.79,26381.4,39014.5,708.6,8,4840.8,2
2026-09-16T00:00:10.4261328+09:00,windows-docker,infra_idle,3,8.49,26388,39007.9,717,8,4840.8,2
2026-09-16T00:00:11.6433220+09:00,windows-docker,infra_idle,3,9.92,26378.3,39017.6,714.6,8,4840.6,2
2026-09-16T00:00:12.8550091+09:00,windows-docker,infra_idle,3,5.09,26377.7,39018.2,714.9,8,4842.3,2
2026-09-16T00:00:14.0128239+09:00,windows-docker,infra_idle,3,4.59,26375.9,39020,712.6,8,4842.3,2
2026-09-16T00:00:15.2074629+09:00,windows-docker,infra_idle,3,14.05,26375.8,39020.1,705.6,8,4842.3,2
2026-09-16T00:00:17.4351546+09:00,windows-docker,app_idle,3,13.86,26375.4,39020.5,710.9,8,4848.8,2
2026-09-16T00:00:19.0407300+09:00,windows-docker,app_idle,3,9.58,26382.4,39013.5,710.3,8,4848.8,2
2026-09-16T00:00:20.2507691+09:00,windows-docker,app_idle,3,10.12,26374.6,39021.3,711.2,8,4848.8,2
2026-09-16T00:00:21.4565990+09:00,windows-docker,app_idle,3,6.44,26377.7,39018.2,711.2,8,4848.8,2
2026-09-16T00:00:22.6661193+09:00,windows-docker,app_idle,3,8.13,26378,39017.9,711.2,8,4848.8,2
2026-09-16T00:00:23.8828026+09:00,windows-docker,app_idle,3,4.89,26380.7,39015.2,711.2,8,4848.8,2
2026-09-16T00:00:25.0540854+09:00,windows-docker,app_idle,3,2.94,26378.7,39017.2,711.5,8,4848.8,2
2026-09-16T00:00:26.2369189+09:00,windows-docker,app_idle,3,1.05,26378.8,39017.1,711.4,8,4847.8,2
2026-09-16T00:00:27.4429922+09:00,windows-docker,app_idle,3,1.99,26372.5,39023.4,703.3,8,4847.8,2
2026-09-16T00:00:28.6032798+09:00,windows-docker,app_idle,3,4.83,26378.9,39017,703.4,8,4847.8,2
2026-09-16T00:00:29.7484859+09:00,windows-docker,app_idle,3,3.98,26380.3,39015.6,704,8,4847.8,2
2026-09-16T00:00:30.9383323+09:00,windows-docker,app_idle,3,7.44,26410,38985.9,706.4,8,4847.8,2
2026-09-16T00:00:32.1305177+09:00,windows-docker,app_idle,3,8.09,26406.7,38989.2,706.1,8,4847.8,2
2026-09-16T00:00:33.3337899+09:00,windows-docker,app_idle,3,2.9,26406.8,38989.1,706.1,8,4847.8,2
2026-09-16T00:00:34.4950121+09:00,windows-docker,app_idle,3,4.86,26417.4,38978.5,706.1,8,4847.8,2
2026-09-16T00:00:35.6005402+09:00,windows-docker,app_idle,3,4.97,26414.3,38981.6,706.3,8,4847.8,2
2026-09-16T00:00:36.7323759+09:00,windows-docker,app_idle,3,9.91,26389.4,39006.5,706.3,8,4847.8,2
2026-09-16T00:00:37.8546156+09:00,windows-docker,app_idle,3,8.91,26326.3,39069.6,706.4,8,4847.8,2
2026-09-16T00:00:39.0349093+09:00,windows-docker,app_idle,3,2.22,26325.1,39070.8,706.3,8,4847.8,2
2026-09-16T00:00:40.1850552+09:00,windows-docker,app_idle,3,3.29,26311.7,39084.2,714.7,8,4847.8,2
2026-09-16T00:00:41.4490912+09:00,windows-docker,app_idle,3,6.54,26325.6,39070.3,714.7,8,4847.8,2
2026-09-16T00:00:42.7575801+09:00,windows-docker,app_idle,3,8.94,26325.9,39070,714.7,8,4847.8,2
2026-09-16T00:00:43.9058160+09:00,windows-docker,app_idle,3,5.78,26307.2,39088.7,714.7,8,4847.8,2
2026-09-16T00:00:45.0628100+09:00,windows-docker,app_idle,3,4.44,26314.5,39081.4,713.9,8,4847.8,2
2026-09-16T00:00:46.3441182+09:00,windows-docker,app_idle,3,9.83,26325.9,39070,713.9,8,4847.8,2
2026-09-16T00:00:47.5065045+09:00,windows-docker,app_idle,3,3.5,26327.4,39068.5,713.7,8,4847.8,2
2026-09-16T00:00:48.7249930+09:00,windows-docker,app_idle,3,12.42,26322.8,39073.1,713.9,8,4847.8,2
2026-09-16T00:00:49.9027918+09:00,windows-docker,app_idle,3,9.41,26315.9,39080,714.3,8,4847.8,2
2026-09-16T00:00:51.1022011+09:00,windows-docker,app_idle,3,13.44,26430,38965.9,714.1,8,4847.8,2
2026-09-16T00:00:52.2092359+09:00,windows-docker,app_idle,3,14.26,26588.3,38807.6,705.6,8,4847.8,2
2026-09-16T00:00:53.4532465+09:00,windows-docker,app_idle,3,26.28,26806.1,38589.8,705.7,8,4847.8,2
2026-09-16T00:00:54.6534525+09:00,windows-docker,app_idle,3,12.61,26854.9,38541,706.2,8,4847.8,2
2026-09-16T00:00:56.0074324+09:00,windows-docker,app_idle,3,7.44,26843.7,38552.2,706.1,8,4847.8,2
2026-09-16T00:00:57.1787414+09:00,windows-docker,app_idle,3,9.91,26834.8,38561.1,706.1,8,4847.8,2
2026-09-16T00:00:58.3986483+09:00,windows-docker,app_idle,3,6.26,26840.1,38555.8,706.1,8,4847.8,2
2026-09-16T00:00:59.5839543+09:00,windows-docker,app_idle,3,1.79,26846.6,38549.3,706.1,8,4847.8,2
2026-09-16T00:01:00.8063893+09:00,windows-docker,app_idle,3,3.24,26834.4,38561.5,706.6,8,4847.8,2
2026-09-16T00:01:01.9850975+09:00,windows-docker,app_idle,3,6.14,26736.1,38659.8,705.7,8,4847.7,2
2026-09-16T00:01:03.2507336+09:00,windows-docker,app_idle,3,5.23,26705,38690.9,705.6,8,4847.7,2
2026-09-16T00:01:04.4545508+09:00,windows-docker,app_idle,3,2.04,26752,38643.9,705.7,8,4847.7,2
2026-09-16T00:01:05.7553652+09:00,windows-docker,app_idle,3,23.74,26785.2,38610.7,705.6,8,4847.7,2
2026-09-16T00:01:06.9552725+09:00,windows-docker,app_idle,3,27.62,26910.3,38485.6,705.6,8,4847.7,2
2026-09-16T00:01:08.1872750+09:00,windows-docker,app_idle,3,1.39,26855.7,38540.2,705.3,8,4847.7,2
2026-09-16T00:01:09.4150363+09:00,windows-docker,app_idle,3,3.89,26851.2,38544.7,705.3,8,4847.7,2
2026-09-16T00:01:10.5889864+09:00,windows-docker,app_idle,3,2.68,26840.9,38555,705.5,8,4847.7,2
2026-09-16T00:01:11.7123546+09:00,windows-docker,app_idle,3,10.11,26827,38568.9,699.2,8,4847.7,2
2026-09-16T00:01:12.8218445+09:00,windows-docker,app_idle,3,6.97,26833.9,38562,699,8,4847.7,2
2026-09-16T00:01:14.0304088+09:00,windows-docker,app_idle,3,8.56,26850.2,38545.7,699.7,8,4847.7,2
2026-09-16T00:01:15.1968359+09:00,windows-docker,app_idle,3,4.86,26850.3,38545.6,699.8,8,4847.7,2
2026-09-16T00:01:16.3906967+09:00,windows-docker,app_idle,3,10.48,26861.8,38534.1,699.7,8,4880.6,2
2026-09-16T00:01:18.4732458+09:00,windows-docker,load,3,51.27,26532.2,38863.7,709.8,8,3830.9,2
2026-09-16T00:01:20.1454716+09:00,windows-docker,load,3,48.39,26463.4,38932.5,711.7,8,3555.4,2
2026-09-16T00:01:21.3723124+09:00,windows-docker,load,3,45.88,26460.2,38935.7,711.8,8,3555.4,2
2026-09-16T00:01:22.5976485+09:00,windows-docker,load,3,42.85,26368.7,39027.2,712.2,8,3291.4,2
2026-09-16T00:01:23.8269484+09:00,windows-docker,load,3,44.26,26348.2,39047.7,713.1,8,3291.4,2
2026-09-16T00:01:25.0649868+09:00,windows-docker,load,3,42.22,26215.2,39180.7,713.7,8,3137.7,2
2026-09-16T00:01:26.2837286+09:00,windows-docker,load,3,50.86,25943.7,39452.2,713.8,8,3067.4,2
2026-09-16T00:01:27.5138036+09:00,windows-docker,load,3,42.18,25938.3,39457.6,713.7,8,3067.4,2
2026-09-16T00:01:28.7769197+09:00,windows-docker,load,3,42.14,25924.1,39471.8,713.7,8,2995.6,2
2026-09-16T00:01:30.0106868+09:00,windows-docker,load,3,43.49,25919.9,39476,713.6,8,2995.6,2
2026-09-16T00:01:31.2458387+09:00,windows-docker,load,3,46.52,25937.1,39458.8,713.7,8,2923.6,2
2026-09-16T00:01:32.4669206+09:00,windows-docker,load,3,42.75,25930.1,39465.8,713.7,8,2875.6,2
2026-09-16T00:01:33.6993263+09:00,windows-docker,load,3,40.85,25934.3,39461.6,712.9,8,2875.6,2
2026-09-16T00:01:34.9302268+09:00,windows-docker,load,3,41.17,25928.6,39467.3,712.1,8,2861.7,2
2026-09-16T00:01:36.1620152+09:00,windows-docker,load,3,49.04,25927.3,39468.6,712.1,8,2861.7,2
2026-09-16T00:01:37.3829688+09:00,windows-docker,load,3,41.74,25898,39497.9,712.2,8,2861.9,2
2026-09-16T00:01:38.6091183+09:00,windows-docker,load,3,43,24931.3,40464.6,712.2,8,2861.9,2
2026-09-16T00:01:39.8527134+09:00,windows-docker,load,3,40.6,24838.7,40557.2,712.4,8,2861.2,2
2026-09-16T00:01:41.0886303+09:00,windows-docker,load,3,42.09,24836.9,40559,712.8,8,2861.2,2
2026-09-16T00:01:42.3149071+09:00,windows-docker,load,3,42.26,24840.4,40555.5,712.8,8,2861.2,2
2026-09-16T00:01:43.5432187+09:00,windows-docker,load,3,45.02,24837.4,40558.5,712.8,8,2861.2,2
2026-09-16T00:01:44.7728442+09:00,windows-docker,load,3,41.66,24835.5,40560.4,713.5,8,2860.7,2
2026-09-16T00:01:45.9987826+09:00,windows-docker,load,3,43.99,24837.6,40558.3,713.5,8,2860.7,2
2026-09-16T00:01:47.2413622+09:00,windows-docker,load,3,42.67,24831.6,40564.3,712.7,8,2860.1,2
2026-09-16T00:01:48.4708944+09:00,windows-docker,load,3,51.63,24827.3,40568.6,712.5,8,2860.1,2
2026-09-16T00:01:50.0035230+09:00,windows-docker,load,3,50.39,24825.5,40570.4,713,8,2860.1,2
2026-09-16T00:01:51.2697615+09:00,windows-docker,load,3,54,24783.4,40612.5,713,8,2860.1,2
2026-09-16T00:01:52.5548128+09:00,windows-docker,load,3,47.41,24759.3,40636.6,705.5,8,2860.1,2
2026-09-16T00:01:53.8015501+09:00,windows-docker,load,3,45.75,24746.8,40649.1,705.5,8,2860.1,2
2026-09-16T00:01:55.0311554+09:00,windows-docker,load,3,43.77,24750,40645.9,706.2,8,2860.1,2
2026-09-16T00:01:56.2756697+09:00,windows-docker,load,3,44.62,24749.2,40646.7,706.3,8,2860.1,2
2026-09-16T00:01:57.5328311+09:00,windows-docker,load,3,45.44,24749.8,40646.1,706.3,8,2860.1,2
2026-09-16T00:01:58.7744775+09:00,windows-docker,load,3,45.71,24758.3,40637.6,706.3,8,2860.1,2
2026-09-16T00:02:00.0254852+09:00,windows-docker,load,3,46.28,24762.9,40633,707.4,8,2860.2,2
2026-09-16T00:02:01.2659650+09:00,windows-docker,load,3,42.3,24767.3,40628.6,707.8,8,2860.1,2
2026-09-16T00:02:02.5259293+09:00,windows-docker,load,3,43.87,24766.8,40629.1,707.9,8,2860.1,2
2026-09-16T00:02:03.7591761+09:00,windows-docker,load,3,42.27,24794.3,40601.6,707.6,8,2860.1,2
2026-09-16T00:02:05.0485799+09:00,windows-docker,load,3,44.45,24788,40607.9,707.8,8,2860.1,2
2026-09-16T00:02:06.2826640+09:00,windows-docker,load,3,43.03,24780.4,40615.5,708.2,8,2860.1,2
2026-09-16T00:02:07.5234869+09:00,windows-docker,load,3,47.92,24778.4,40617.5,708.2,8,2860.1,2
2026-09-16T00:02:08.7396399+09:00,windows-docker,load,3,43.87,24791,40604.9,707,8,2860.1,2
2026-09-16T00:02:09.9862859+09:00,windows-docker,load,3,40.99,24768.6,40627.3,706.9,8,2860.1,2
2026-09-16T00:02:11.2089570+09:00,windows-docker,load,3,44.21,24762.8,40633.1,706.9,8,2859.6,2
2026-09-16T00:02:12.4514654+09:00,windows-docker,load,3,47.34,24773,40622.9,706.9,8,2859.6,2
2026-09-16T00:02:13.6807002+09:00,windows-docker,load,3,39.56,24778.1,40617.8,707,8,2859.6,2
2026-09-16T00:02:14.9365104+09:00,windows-docker,load,3,49.21,24777.2,40618.7,707.7,8,2859.6,2
2026-09-16T00:02:16.1688220+09:00,windows-docker,load,3,39.41,24800.8,40595.1,707.8,8,2859.6,2
2026-09-16T00:02:17.4294847+09:00,windows-docker,load,3,41.16,24779.9,40616,707.8,8,2859.6,2
2026-09-16T00:02:18.6647907+09:00,windows-docker,load,3,48.22,24800.2,40595.7,707.8,8,2863.4,2
2026-09-16T00:02:19.8869860+09:00,windows-docker,load,3,49.67,24796.3,40599.6,708,8,2863.4,2
2026-09-16T00:02:21.1086057+09:00,windows-docker,load,3,44.63,24789.6,40606.3,708,8,2863.4,2
2026-09-16T00:02:22.3476650+09:00,windows-docker,load,3,43.55,24789.8,40606.1,708,8,2863.4,2
2026-09-16T00:02:23.5803977+09:00,windows-docker,load,3,40.12,24805.1,40590.8,708,8,2863.4,2
2026-09-16T00:02:24.7939607+09:00,windows-docker,load,3,50.22,24790.5,40605.4,708.1,8,2863.4,2
2026-09-16T00:02:26.0154274+09:00,windows-docker,load,3,42.97,24837.4,40558.5,708.6,8,2863.4,2
2026-09-16T00:02:27.4339707+09:00,windows-docker,load,3,59.63,24907.5,40488.4,708.7,8,2863.4,2
2026-09-16T00:02:28.6652226+09:00,windows-docker,load,3,49.83,24912.4,40483.5,708.8,8,2863.4,2
2026-09-16T00:02:29.9397034+09:00,windows-docker,load,3,60.83,24894.9,40501,708.4,8,2863.5,2
2026-09-16T00:02:32.3360197+09:00,windows-docker,load,3,62.72,24923.8,40472.1,708.6,8,2863.5,2
2026-09-16T00:02:33.5691024+09:00,windows-docker,load,3,52.3,24821.2,40574.7,708.7,8,2863.6,2
2026-09-16T00:02:34.8199221+09:00,windows-docker,load,3,56.63,24824,40571.9,708.8,8,2863.6,2
2026-09-16T00:02:36.0375731+09:00,windows-docker,load,3,51.94,24818.5,40577.4,709.1,8,2863.6,2
2026-09-16T00:02:37.2807852+09:00,windows-docker,load,3,51.33,24808.1,40587.8,708.8,8,2863.6,2
2026-09-16T00:02:38.5373631+09:00,windows-docker,load,3,50.99,24809.1,40586.8,709,8,2863.6,2
2026-09-16T00:02:39.7734309+09:00,windows-docker,load,3,49.95,24806.2,40589.7,709.6,8,2863.6,2
2026-09-16T00:02:41.0136754+09:00,windows-docker,load,3,56.25,24805.4,40590.5,710,8,2863.6,2
2026-09-16T00:02:42.2406137+09:00,windows-docker,load,3,51.3,24804.4,40591.5,709.2,8,2863.6,2
2026-09-16T00:02:43.4672942+09:00,windows-docker,load,3,53.06,24813.4,40582.5,709.6,8,2863.6,2
2026-09-16T00:02:44.7082617+09:00,windows-docker,load,3,53.63,24807.3,40588.6,709.9,8,2863.8,2
2026-09-16T00:02:45.9441257+09:00,windows-docker,load,3,52.38,24801.5,40594.4,710.3,8,2863.9,2
2026-09-16T00:02:47.1728949+09:00,windows-docker,load,3,53.97,24804.8,40591.1,710.3,8,2863.9,2
2026-09-16T00:02:48.3981754+09:00,windows-docker,load,3,52.96,24831.7,40564.2,709.4,8,2863.9,2
2026-09-16T00:02:49.6403679+09:00,windows-docker,load,3,51.97,24848.1,40547.8,709.2,8,2866.8,2
2026-09-16T00:02:50.8952188+09:00,windows-docker,load,3,50.86,24861.6,40534.3,709.7,8,2868,2
2026-09-16T00:02:52.1437868+09:00,windows-docker,load,3,54.54,24885.6,40510.3,708.9,8,2868.8,2
2026-09-16T00:02:53.3656985+09:00,windows-docker,load,3,54.6,24902.4,40493.5,709,8,2870.9,2
2026-09-16T00:02:54.6000100+09:00,windows-docker,load,3,51.35,24910.9,40485,709,8,2870.9,2
2026-09-16T00:02:55.8537701+09:00,windows-docker,load,3,57.67,24918.4,40477.5,709.8,8,2870.9,2
2026-09-16T00:02:57.1060935+09:00,windows-docker,load,3,48.4,24865,40530.9,709.4,8,2870.9,2
2026-09-16T00:02:58.3455741+09:00,windows-docker,load,3,45.63,24865.1,40530.8,709.2,8,2870.9,2
2026-09-16T00:02:59.5699369+09:00,windows-docker,load,3,46.97,24883.2,40512.7,709.2,8,2870.9,2
2026-09-16T00:03:00.8129207+09:00,windows-docker,load,3,46.16,24878,40517.9,709.9,8,2870.9,2
2026-09-16T00:03:02.0361620+09:00,windows-docker,load,3,49.74,24875.2,40520.7,709.8,8,2870.9,2
2026-09-16T00:03:03.2878530+09:00,windows-docker,load,3,45.37,24875.8,40520.1,709.7,8,2870.9,2
2026-09-16T00:03:04.5031736+09:00,windows-docker,load,3,45.66,24880.8,40515.1,709.7,8,2870.9,2
2026-09-16T00:03:05.7467564+09:00,windows-docker,load,3,49.16,24883.3,40512.6,710.4,8,2870.9,2
2026-09-16T00:03:06.9708182+09:00,windows-docker,load,3,45.91,24882.8,40513.1,710.4,8,2870.9,2
2026-09-16T00:03:08.2406430+09:00,windows-docker,load,3,46.19,24870.8,40525.1,710.5,8,2870.9,2
2026-09-16T00:03:09.5067508+09:00,windows-docker,load,3,43.11,24885.6,40510.3,710.5,8,2871,2
2026-09-16T00:03:10.7895005+09:00,windows-docker,load,3,44.71,24888.9,40507,711.4,8,2871,2
2026-09-16T00:03:12.0120198+09:00,windows-docker,load,3,48.55,24877.9,40518,711.1,8,2873.6,2
2026-09-16T00:03:13.2458514+09:00,windows-docker,load,3,47.46,24870,40525.9,709.9,8,2873.6,2
2026-09-16T00:03:14.4739359+09:00,windows-docker,load,3,43.24,24877.3,40518.6,710.4,8,2873.7,2
2026-09-16T00:03:15.8755161+09:00,windows-docker,load,3,51.54,24874.7,40521.2,710.3,8,2874.8,2
2026-09-16T00:03:17.1335139+09:00,windows-docker,load,3,52.5,24916.6,40479.3,710.4,8,2874.8,2
2026-09-16T00:03:18.4638652+09:00,windows-docker,load,3,18.76,24698.3,40697.6,710.4,8,2874.8,2
2026-09-16T00:03:19.6667807+09:00,windows-docker,load,3,9.15,24705.5,40690.4,710.5,8,2874.8,2
2026-09-16T00:04:08.6776759+09:00,windows-wip,baseline,3,5.51,24023,41372.9,99.4,6,2827.4,2
2026-09-16T00:04:10.2537946+09:00,windows-wip,baseline,3,4.93,24009.9,41386,99.4,6,2827.4,2
2026-09-16T00:04:11.4029724+09:00,windows-wip,baseline,3,4.58,24014.9,41381,99.4,6,2820.9,2
2026-09-16T00:04:12.5668245+09:00,windows-wip,baseline,3,4.01,24008.2,41387.7,99.6,6,2820.9,2
2026-09-16T00:04:13.6633749+09:00,windows-wip,baseline,3,2.09,24001.5,41394.4,100,6,2820.9,2
2026-09-16T00:04:14.8357957+09:00,windows-wip,baseline,3,2.83,23993.2,41402.7,100,6,2820.9,2
2026-09-16T00:04:15.9806316+09:00,windows-wip,baseline,3,4.14,23995.5,41400.4,100,6,2820.9,2
2026-09-16T00:04:17.1559623+09:00,windows-wip,baseline,3,6.78,23996.1,41399.8,100,6,2820.9,2
2026-09-16T00:04:18.2541104+09:00,windows-wip,baseline,3,5.85,24010.2,41385.7,100,6,2807.4,2
2026-09-16T00:04:19.4435974+09:00,windows-wip,baseline,3,12.86,24000.8,41395.1,100,6,2807.4,2
2026-09-16T00:04:20.6141779+09:00,windows-wip,baseline,3,5.46,23999.7,41396.2,100.1,6,2807.4,2
2026-09-16T00:04:21.7721107+09:00,windows-wip,baseline,3,5.77,24000,41395.9,100.1,6,2807.3,2
2026-09-16T00:04:22.9436774+09:00,windows-wip,baseline,3,5.57,23923,41472.9,74.7,4,2807.3,2
2026-09-16T00:04:24.0571154+09:00,windows-wip,baseline,3,7.89,23910.8,41485.1,74.7,4,2768.7,2
2026-09-16T00:04:25.1919241+09:00,windows-wip,baseline,3,7.24,23899.7,41496.2,74.7,4,2768.7,2
2026-09-16T00:04:26.3884343+09:00,windows-wip,baseline,3,7.66,23811.3,41584.6,49.6,2,2768.9,2
2026-09-16T00:04:27.5304135+09:00,windows-wip,baseline,3,8.53,23799,41596.9,49.6,2,2704.1,2
2026-09-16T00:04:28.7069663+09:00,windows-wip,baseline,3,17.28,23785.7,41610.2,49.6,2,2702.7,2
2026-09-16T00:04:29.8700719+09:00,windows-wip,baseline,3,3.82,23782.1,41613.8,49.6,2,2672.7,2
2026-09-16T00:04:31.0698660+09:00,windows-wip,baseline,3,4.26,23776.7,41619.2,49.6,2,2672.7,2
2026-09-16T00:04:32.2379555+09:00,windows-wip,baseline,3,10.37,23781,41614.9,49.6,2,2655.2,2
2026-09-16T00:04:33.4234943+09:00,windows-wip,baseline,3,3.5,23785.4,41610.5,49.6,2,2655.2,2
2026-09-16T00:04:34.5981363+09:00,windows-wip,baseline,3,6.88,23778.4,41617.5,49.6,2,2655.2,2
2026-09-16T00:04:35.7172717+09:00,windows-wip,baseline,3,3.41,23782.7,41613.2,49.6,2,2655.2,2
2026-09-16T00:04:36.8123933+09:00,windows-wip,baseline,3,1.44,23784.8,41611.1,49.6,2,2655.2,2
2026-09-16T00:04:38.0114698+09:00,windows-wip,baseline,3,6.59,23780.1,41615.8,49.2,2,2655.2,2
2026-09-16T00:04:39.1643451+09:00,windows-wip,baseline,3,16.88,23639.5,41756.4,49.2,2,2655.2,2
2026-09-16T00:04:40.3003856+09:00,windows-wip,baseline,3,5.34,23639.6,41756.3,49.2,2,2655,2
2026-09-16T00:04:41.4707749+09:00,windows-wip,baseline,3,8.88,23642.5,41753.4,49.2,2,2655,2
2026-09-16T00:04:42.6013382+09:00,windows-wip,baseline,3,2.96,23637.7,41758.2,49.2,2,2652.3,2
2026-09-16T00:04:43.7311809+09:00,windows-wip,baseline,3,2.48,23621.9,41774,49.2,2,2652.3,2
2026-09-16T00:04:44.9270119+09:00,windows-wip,baseline,3,1.55,23616.3,41779.6,49.2,2,2652.3,2
2026-09-16T00:04:46.0869351+09:00,windows-wip,baseline,3,7.44,23608.5,41787.4,49.2,2,2652.3,2
2026-09-16T00:04:47.2479531+09:00,windows-wip,baseline,3,11.66,23610.7,41785.2,49.2,2,2652.3,2
2026-09-16T00:04:48.4585693+09:00,windows-wip,baseline,3,12.18,23618.9,41777,49.2,2,2652.3,2
2026-09-16T00:04:49.6422674+09:00,windows-wip,baseline,3,13.31,23616.7,41779.2,49.2,2,2652.3,2
2026-09-16T00:04:50.8195973+09:00,windows-wip,baseline,3,9.06,23636.3,41759.6,49.2,2,2652.3,2
2026-09-16T00:04:51.9823515+09:00,windows-wip,baseline,3,4.86,23671.4,41724.5,49.2,2,2652.1,2
2026-09-16T00:04:53.1588100+09:00,windows-wip,baseline,3,14.99,23735.8,41660.1,49.2,2,2652.1,2
2026-09-16T00:04:54.3365287+09:00,windows-wip,baseline,3,4.81,23743.2,41652.7,49.2,2,2652.1,2
2026-09-16T00:04:55.4792785+09:00,windows-wip,baseline,3,11.93,23873.1,41522.8,49.2,2,2652.1,2
2026-09-16T00:04:56.6452633+09:00,windows-wip,baseline,3,14.02,23871.5,41524.4,49.2,2,2652.1,2
2026-09-16T00:04:57.8152230+09:00,windows-wip,baseline,3,5.76,23848.1,41547.8,49.2,2,2652.1,2
2026-09-16T00:04:58.9695479+09:00,windows-wip,baseline,3,2.55,23856.9,41539,49.2,2,2652.1,2
2026-09-16T00:05:00.1523963+09:00,windows-wip,baseline,3,9.23,23904.5,41491.4,49.2,2,2652.1,2
2026-09-16T00:05:01.3377153+09:00,windows-wip,baseline,3,2.84,23855.8,41540.1,49.2,2,2652.1,2
2026-09-16T00:05:02.4942405+09:00,windows-wip,baseline,3,5.18,23857.5,41538.4,49.2,2,2652.1,2
2026-09-16T00:05:03.6179530+09:00,windows-wip,baseline,3,7.13,23917.9,41478,49.2,2,2652.1,2
2026-09-16T00:05:04.7596386+09:00,windows-wip,baseline,3,5.66,23924.8,41471.1,49.2,2,2652.1,2
2026-09-16T00:05:05.9392138+09:00,windows-wip,baseline,3,6.92,23920.1,41475.8,49.2,2,2652.1,2
2026-09-16T00:05:07.0940553+09:00,windows-wip,baseline,3,6.11,23910.9,41485,49.2,2,2652.1,2
2026-09-16T00:05:08.2256278+09:00,windows-wip,baseline,3,6.53,23911.3,41484.6,49.2,2,2652.1,2
2026-09-16T00:05:11.3814872+09:00,windows-wip,infra_idle,3,,25208.8,40187.1,76,4,3750.8,4
2026-09-16T00:05:12.8514009+09:00,windows-wip,infra_idle,3,5.66,25226.6,40169.3,76,4,3750.8,4
2026-09-16T00:05:14.0594231+09:00,windows-wip,infra_idle,3,10.96,25318.1,40077.8,76,4,3848.8,4
2026-09-16T00:05:15.2091371+09:00,windows-wip,infra_idle,3,3.63,25321.4,40074.5,76,4,3848.1,4
2026-09-16T00:05:16.3793993+09:00,windows-wip,infra_idle,3,8.82,25312.8,40083.1,76,4,3848.1,4
2026-09-16T00:05:17.5331579+09:00,windows-wip,infra_idle,3,5.85,25314.8,40081.1,76,4,3869.8,4
2026-09-16T00:05:18.6854268+09:00,windows-wip,infra_idle,3,11.12,25318.8,40077.1,76,4,3667.7,4
2026-09-16T00:05:19.8468115+09:00,windows-wip,infra_idle,3,9.95,25317.7,40078.2,76,4,3667.4,4
2026-09-16T00:05:21.0206437+09:00,windows-wip,infra_idle,3,8.93,25292.8,40103.1,76,4,3546.7,4
2026-09-16T00:05:22.1381728+09:00,windows-wip,infra_idle,3,10.61,25278.2,40117.7,76,4,3546.7,4
2026-09-16T00:05:23.3038466+09:00,windows-wip,infra_idle,3,5.64,25274.8,40121.1,76,4,3455.8,4
2026-09-16T00:05:24.4756343+09:00,windows-wip,infra_idle,3,8.17,25308.1,40087.8,76,4,3389.9,4
2026-09-16T00:05:25.6187842+09:00,windows-wip,infra_idle,3,5.65,25286.9,40109,65.2,3,3382.1,4
2026-09-16T00:05:26.7567203+09:00,windows-wip,infra_idle,3,11.14,22457.7,42938.2,65.1,3,1204.6,2
2026-09-16T00:05:27.9173865+09:00,windows-wip,infra_idle,3,7.9,22469.5,42926.4,65.1,3,1204.6,2
2026-09-16T00:05:29.0992052+09:00,windows-wip,infra_idle,3,6.37,22477.6,42918.3,65.1,3,1203.2,2
2026-09-16T00:05:30.2830796+09:00,windows-wip,infra_idle,3,6.8,22473.7,42922.2,65.1,3,1203.2,2
2026-09-16T00:05:31.4503068+09:00,windows-wip,infra_idle,3,4.13,22460.6,42935.3,65.1,3,1202.4,2
2026-09-16T00:05:32.6091906+09:00,windows-wip,infra_idle,3,9.99,22464.1,42931.8,65.1,3,1202.4,2
2026-09-16T00:05:33.7675083+09:00,windows-wip,infra_idle,3,4.45,22389.6,43006.3,65.1,3,1201.2,2
2026-09-16T00:05:34.9766413+09:00,windows-wip,infra_idle,3,5.93,22392.8,43003.1,65.1,3,1201.2,2
2026-09-16T00:05:36.1137336+09:00,windows-wip,infra_idle,3,11.99,22440.5,42955.4,65.1,3,1201.2,2
2026-09-16T00:05:37.3030721+09:00,windows-wip,infra_idle,3,6.62,22424.4,42971.5,65.1,3,1201.2,2
2026-09-16T00:05:38.4133130+09:00,windows-wip,infra_idle,3,7.84,22396.4,42999.5,65.1,3,1201.2,2
2026-09-16T00:05:39.6142396+09:00,windows-wip,infra_idle,3,5.6,22382.9,43013,65.1,3,1201.2,2
2026-09-16T00:05:40.7324608+09:00,windows-wip,infra_idle,3,8.35,21006.1,44389.8,55.1,2,,0
2026-09-16T00:05:41.9369784+09:00,windows-wip,infra_idle,3,5.73,21000.7,44395.2,55.1,2,,0
2026-09-16T00:05:43.0943434+09:00,windows-wip,infra_idle,3,2.66,21004,44391.9,55.1,2,,0
2026-09-16T00:05:44.2593164+09:00,windows-wip,infra_idle,3,9.24,21001.9,44394,55.1,2,,0
2026-09-16T00:05:45.3815127+09:00,windows-wip,infra_idle,3,8.62,21006.1,44389.8,55.1,2,,0
2026-09-16T00:05:46.5647588+09:00,windows-wip,infra_idle,3,18.86,21019.4,44376.5,55.1,2,,0
2026-09-16T00:05:47.7074959+09:00,windows-wip,infra_idle,3,10.63,21019.8,44376.1,55.1,2,,0
2026-09-16T00:05:48.8905461+09:00,windows-wip,infra_idle,3,12.42,21028.6,44367.3,55.1,2,,0
2026-09-16T00:05:50.0477271+09:00,windows-wip,infra_idle,3,9.44,21016,44379.9,55,2,,0
2026-09-16T00:05:51.2547417+09:00,windows-wip,infra_idle,3,4.78,21013.2,44382.7,55,2,,0
2026-09-16T00:05:52.4212801+09:00,windows-wip,infra_idle,3,5.55,21015,44380.9,55,2,,0
2026-09-16T00:05:53.6052746+09:00,windows-wip,infra_idle,3,7.69,21036.4,44359.5,55,2,,0
2026-09-16T00:05:54.7696864+09:00,windows-wip,infra_idle,3,13.52,21048.2,44347.7,55,2,,0
2026-09-16T00:05:55.9507123+09:00,windows-wip,infra_idle,3,8.58,21047.6,44348.3,55,2,,0
2026-09-16T00:05:57.0825358+09:00,windows-wip,infra_idle,3,5.93,21047.2,44348.7,55,2,,0
2026-09-16T00:05:58.2438778+09:00,windows-wip,infra_idle,3,8.25,21036.7,44359.2,55,2,,0
2026-09-16T00:05:59.4207780+09:00,windows-wip,infra_idle,3,5.6,21039.4,44356.5,55,2,,0
2026-09-16T00:06:00.6277059+09:00,windows-wip,infra_idle,3,4.42,21040.8,44355.1,55,2,,0
2026-09-16T00:06:01.8244998+09:00,windows-wip,infra_idle,3,4.33,21042.6,44353.3,55,2,,0
2026-09-16T00:06:02.9606601+09:00,windows-wip,infra_idle,3,3.43,21045.2,44350.7,55,2,,0
2026-09-16T00:06:04.0840593+09:00,windows-wip,infra_idle,3,6.57,20943.7,44452.2,55,2,,0
2026-09-16T00:06:05.2125275+09:00,windows-wip,infra_idle,3,3.64,20938.2,44457.7,55,2,,0
2026-09-16T00:06:06.3333531+09:00,windows-wip,infra_idle,3,2.68,20941.1,44454.8,55,2,,0
2026-09-16T00:06:07.5307270+09:00,windows-wip,infra_idle,3,0.67,20936.1,44459.8,55,2,,0
2026-09-16T00:06:08.6907532+09:00,windows-wip,infra_idle,3,6.09,20942,44453.9,55,2,,0
2026-09-16T00:06:09.9180445+09:00,windows-wip,infra_idle,3,3.87,20944.1,44451.8,55,2,,0
2026-09-16T00:06:11.1290351+09:00,windows-wip,infra_idle,3,2.23,20982.7,44413.2,55,2,,0
2026-09-16T00:06:14.8106613+09:00,windows-wip,app_idle,3,6.94,22379.5,43016.4,65.8,3,1199,2
2026-09-16T00:06:16.3198586+09:00,windows-wip,app_idle,3,2.41,22384,43011.9,65.8,3,1199,2
2026-09-16T00:06:17.4534667+09:00,windows-wip,app_idle,3,9.72,22476.8,42919.1,65.8,3,1296.5,2
2026-09-16T00:06:18.5950080+09:00,windows-wip,app_idle,3,12.27,22476.9,42919,65.8,3,1296.5,2
2026-09-16T00:06:19.7898336+09:00,windows-wip,app_idle,3,14.19,22469.5,42926.4,65.8,3,1295.7,2
2026-09-16T00:06:21.0044072+09:00,windows-wip,app_idle,3,9.66,22478.2,42917.7,65.8,3,1295.7,2
2026-09-16T00:06:22.2199686+09:00,windows-wip,app_idle,3,13.26,22426.5,42969.4,65.8,3,1295.5,2
2026-09-16T00:06:23.4011787+09:00,windows-wip,app_idle,3,7.93,22421.1,42974.8,65.8,3,1295.5,2
2026-09-16T00:06:24.5917796+09:00,windows-wip,app_idle,3,8.48,22422.3,42973.6,65.8,3,1295.2,2
2026-09-16T00:06:25.8068737+09:00,windows-wip,app_idle,3,6.26,22425.5,42970.4,65.8,3,1295.1,2
2026-09-16T00:06:26.9492910+09:00,windows-wip,app_idle,3,4.69,22424.9,42971,65.8,3,1295.1,2
2026-09-16T00:06:28.0582168+09:00,windows-wip,app_idle,3,5.36,22429.6,42966.3,65.8,3,1295.1,2
2026-09-16T00:06:29.2161605+09:00,windows-wip,app_idle,3,7.27,22428.9,42967,65.8,3,1295.1,2
2026-09-16T00:06:30.4044807+09:00,windows-wip,app_idle,3,1.88,22429.8,42966.1,65.8,3,1295.1,2
2026-09-16T00:06:31.5889907+09:00,windows-wip,app_idle,3,6.3,22432.2,42963.7,65.8,3,1295.1,2
2026-09-16T00:06:32.7883228+09:00,windows-wip,app_idle,3,6.72,22433.3,42962.6,65.8,3,1295.1,2
2026-09-16T00:06:33.8945198+09:00,windows-wip,app_idle,3,6.46,22440.7,42955.2,65.8,3,1295.1,2
2026-09-16T00:06:35.0857688+09:00,windows-wip,app_idle,3,3.66,22446.2,42949.7,65.8,3,1295.1,2
2026-09-16T00:06:36.2171114+09:00,windows-wip,app_idle,3,9.15,22457.1,42938.8,65.8,3,1295.1,2
2026-09-16T00:06:37.3982606+09:00,windows-wip,app_idle,3,5.89,22475.5,42920.4,65.8,3,1295.1,2
2026-09-16T00:06:38.6200290+09:00,windows-wip,app_idle,3,4.96,22475.4,42920.5,65.8,3,1295.1,2
2026-09-16T00:06:39.7600417+09:00,windows-wip,app_idle,3,5.94,22476.5,42919.4,65.8,3,1295.1,2
2026-09-16T00:06:40.9087154+09:00,windows-wip,app_idle,3,7.15,22470.1,42925.8,65.8,3,1295.1,2
2026-09-16T00:06:42.0672456+09:00,windows-wip,app_idle,3,7.13,22417.1,42978.8,65.8,3,1295.1,2
2026-09-16T00:06:43.2156289+09:00,windows-wip,app_idle,3,14.26,22434.9,42961,65.7,3,1295.1,2
2026-09-16T00:06:44.3595351+09:00,windows-wip,app_idle,3,10.59,22448.2,42947.7,65.7,3,1295.2,2
2026-09-16T00:06:45.5279326+09:00,windows-wip,app_idle,3,8.21,22444.5,42951.4,65.7,3,1295.2,2
2026-09-16T00:06:46.6668224+09:00,windows-wip,app_idle,3,6.04,22445.3,42950.6,65.7,3,1295.2,2
2026-09-16T00:06:47.8038498+09:00,windows-wip,app_idle,3,7.08,22441.7,42954.2,65.7,3,1295.2,2
2026-09-16T00:06:48.9653179+09:00,windows-wip,app_idle,3,13.95,22449,42946.9,65.7,3,1295.2,2
2026-09-16T00:06:50.1632051+09:00,windows-wip,app_idle,3,8.39,22448.9,42947,65.7,3,1295.2,2
2026-09-16T00:06:51.3081757+09:00,windows-wip,app_idle,3,1.56,22436.2,42959.7,65.7,3,1295.2,2
2026-09-16T00:06:52.4219343+09:00,windows-wip,app_idle,3,4.38,22435,42960.9,65.7,3,1295.2,2
2026-09-16T00:06:53.5862659+09:00,windows-wip,app_idle,3,0.92,22439.1,42956.8,65.7,3,1295.2,2
2026-09-16T00:06:54.8011090+09:00,windows-wip,app_idle,3,3.66,22393.7,43002.2,65.7,3,1295.2,2
2026-09-16T00:06:55.9592681+09:00,windows-wip,app_idle,3,1.49,22388.6,43007.3,65.7,3,1295.2,2
2026-09-16T00:06:57.1233613+09:00,windows-wip,app_idle,3,5.04,22393.4,43002.5,65.7,3,1295.2,2
2026-09-16T00:06:58.3286723+09:00,windows-wip,app_idle,3,0.54,22390.8,43005.1,65.7,3,1295.2,2
2026-09-16T00:06:59.4980287+09:00,windows-wip,app_idle,3,4.98,22387.3,43008.6,65.7,3,1295.2,2
2026-09-16T00:07:00.6733335+09:00,windows-wip,app_idle,3,0.26,22383.9,43012,65.7,3,1295.2,2
2026-09-16T00:07:01.8161527+09:00,windows-wip,app_idle,3,3.96,22387.3,43008.6,65.7,3,1295.2,2
2026-09-16T00:07:02.9940418+09:00,windows-wip,app_idle,3,1.17,22386.9,43009,65.7,3,1295.2,2
2026-09-16T00:07:04.1850726+09:00,windows-wip,app_idle,3,5.48,22388.1,43007.8,65.7,3,1295.2,2
2026-09-16T00:07:05.2868757+09:00,windows-wip,app_idle,3,3.5,22383.2,43012.7,65.7,3,1295.2,2
2026-09-16T00:07:06.3873785+09:00,windows-wip,app_idle,3,6.73,22394.6,43001.3,65.7,3,1295.2,2
2026-09-16T00:07:07.5771041+09:00,windows-wip,app_idle,3,6.02,22371.8,43024.1,65.7,3,1295.2,2
2026-09-16T00:07:08.7111168+09:00,windows-wip,app_idle,3,9.85,22461.9,42934,65.7,3,1295.2,2
2026-09-16T00:07:09.8522715+09:00,windows-wip,app_idle,3,6.68,22571.6,42824.3,65.7,3,1295.2,2
2026-09-16T00:07:11.0424518+09:00,windows-wip,app_idle,3,13.65,22629.2,42766.7,65.7,3,1295.2,2
2026-09-16T00:07:12.1708280+09:00,windows-wip,app_idle,3,5.58,22633.8,42762.1,65.7,3,1295.1,2
2026-09-16T00:07:13.3087752+09:00,windows-wip,app_idle,3,3.37,22599.9,42796,65.7,3,1295.1,2
2026-09-16T00:07:14.4804088+09:00,windows-wip,app_idle,3,6.51,22594.6,42801.3,65.7,3,1295.1,2
2026-09-16T00:07:15.9308131+09:00,windows-wip,load,3,17.54,22672.6,42723.3,65.8,3,1312.7,2
2026-09-16T00:07:17.4739074+09:00,windows-wip,load,3,20.06,22680.1,42715.8,65.8,3,1312.7,2
2026-09-16T00:07:18.6406147+09:00,windows-wip,load,3,24.61,22644.8,42751.1,65.8,3,1316,2
2026-09-16T00:07:19.8162544+09:00,windows-wip,load,3,25.93,22652.6,42743.3,65.8,3,1316,2
2026-09-16T00:07:21.0011375+09:00,windows-wip,load,3,21.65,22648.2,42747.7,65.8,3,1316,2
2026-09-16T00:07:22.1974184+09:00,windows-wip,load,3,19.18,22638.5,42757.4,65.8,3,1316,2
2026-09-16T00:07:23.3726644+09:00,windows-wip,load,3,22.59,22631.2,42764.7,65.7,3,1316,2
2026-09-16T00:07:24.5491997+09:00,windows-wip,load,3,18.99,22665.7,42730.2,65.7,3,1316,2
2026-09-16T00:07:25.7278350+09:00,windows-wip,load,3,22.89,22720.5,42675.4,65.7,3,1316,2
2026-09-16T00:07:26.8704818+09:00,windows-wip,load,3,34.83,22713.9,42682,65.7,3,1316,2
2026-09-16T00:07:28.0712229+09:00,windows-wip,load,3,31.23,22794.9,42601,65.7,3,1316,2
2026-09-16T00:07:29.2453821+09:00,windows-wip,load,3,18.26,22791.5,42604.4,65.7,3,1316,2
2026-09-16T00:07:30.4455288+09:00,windows-wip,load,3,22.85,22810.7,42585.2,65.7,3,1316,2
2026-09-16T00:07:31.6112845+09:00,windows-wip,load,3,20.31,22802.8,42593.1,65.7,3,1316,2
2026-09-16T00:07:32.8199438+09:00,windows-wip,load,3,19.15,22802.5,42593.4,65.7,3,1316,2
2026-09-16T00:07:33.9549418+09:00,windows-wip,load,3,19.65,22810.2,42585.7,65.7,3,1316,2
2026-09-16T00:07:35.1481319+09:00,windows-wip,load,3,21.42,22812.9,42583,65.7,3,1322.2,2
2026-09-16T00:07:36.3259512+09:00,windows-wip,load,3,19.3,22799.8,42596.1,65.7,3,1322.2,2
2026-09-16T00:07:37.5242247+09:00,windows-wip,load,3,20.62,22807.6,42588.3,65.7,3,1322.2,2
2026-09-16T00:07:38.6331909+09:00,windows-wip,load,3,21.03,22786.9,42609,65.7,3,1322.2,2
2026-09-16T00:07:39.8311581+09:00,windows-wip,load,3,20.29,22788.1,42607.8,65.7,3,1322.2,2
2026-09-16T00:07:40.9668408+09:00,windows-wip,load,3,21.59,22737.5,42658.4,65.7,3,1322.2,2
2026-09-16T00:07:42.1598637+09:00,windows-wip,load,3,20.87,22734.7,42661.2,65.7,3,1322.3,2
2026-09-16T00:07:43.3439558+09:00,windows-wip,load,3,24.62,22761.4,42634.5,65.7,3,1322.4,2
2026-09-16T00:07:44.5422430+09:00,windows-wip,load,3,24.74,22780.3,42615.6,65.7,3,1322.4,2
2026-09-16T00:07:45.7360995+09:00,windows-wip,load,3,19.56,22769.5,42626.4,65.7,3,1322.4,2
2026-09-16T00:07:46.8953308+09:00,windows-wip,load,3,22.5,22774.1,42621.8,65.7,3,1322.4,2
2026-09-16T00:07:48.0753154+09:00,windows-wip,load,3,22.38,22771.8,42624.1,65.7,3,1322.4,2
2026-09-16T00:07:49.3664086+09:00,windows-wip,load,3,25.72,22767.7,42628.2,65.7,3,1322.4,2
2026-09-16T00:07:50.5830211+09:00,windows-wip,load,3,21.66,22723.2,42672.7,65.7,3,1322.4,2
2026-09-16T00:07:51.7840702+09:00,windows-wip,load,3,20.07,22705.4,42690.5,65.7,3,1322.4,2
2026-09-16T00:07:52.9744144+09:00,windows-wip,load,3,17.73,22699.6,42696.3,65.7,3,1322.4,2
2026-09-16T00:07:54.1759206+09:00,windows-wip,load,3,21.14,22706.6,42689.3,65.7,3,1322.4,2
2026-09-16T00:07:55.2848240+09:00,windows-wip,load,3,17.44,22717.4,42678.5,65.7,3,1322.4,2
2026-09-16T00:07:56.4774902+09:00,windows-wip,load,3,19.82,22677,42718.9,65.7,3,1322.4,2
2026-09-16T00:07:57.6632903+09:00,windows-wip,load,3,23.08,22684.1,42711.8,65.7,3,1322.4,2
2026-09-16T00:07:58.8102071+09:00,windows-wip,load,3,20.04,22689.8,42706.1,65.7,3,1322.4,2
2026-09-16T00:07:59.9570671+09:00,windows-wip,load,3,20.68,22693.7,42702.2,65.7,3,1322.4,2
2026-09-16T00:08:01.1214035+09:00,windows-wip,load,3,20.03,22679.8,42716.1,65.7,3,1322.4,2
2026-09-16T00:08:02.2577441+09:00,windows-wip,load,3,23.24,22675.4,42720.5,65.7,3,1322.4,2
2026-09-16T00:08:03.4482678+09:00,windows-wip,load,3,20,22686.5,42709.4,65.7,3,1322.4,2
2026-09-16T00:08:04.6382734+09:00,windows-wip,load,3,25.18,22687.2,42708.7,65.7,3,1322.4,2
2026-09-16T00:08:05.7982199+09:00,windows-wip,load,3,23.19,22680,42715.9,65.7,3,1322.4,2
2026-09-16T00:08:06.9297507+09:00,windows-wip,load,3,24.65,22692.3,42703.6,65.7,3,1322.4,2
2026-09-16T00:08:08.0744731+09:00,windows-wip,load,3,21.06,22704.4,42691.5,65.7,3,1322.4,2
2026-09-16T00:08:09.2646442+09:00,windows-wip,load,3,21.73,22671.7,42724.2,65.7,3,1322.4,2
2026-09-16T00:08:10.4423616+09:00,windows-wip,load,3,19.03,22669,42726.9,65.7,3,1322.4,2
2026-09-16T00:08:11.6390583+09:00,windows-wip,load,3,21.23,22676.2,42719.7,65.7,3,1322.4,2
2026-09-16T00:08:12.7846964+09:00,windows-wip,load,3,21.72,22675.5,42720.4,65.7,3,1322.5,2
2026-09-16T00:08:13.9840460+09:00,windows-wip,load,3,22.14,22684.5,42711.4,65.7,3,1323,2
2026-09-16T00:08:15.1848554+09:00,windows-wip,load,3,24.71,22688.4,42707.5,65.7,3,1323,2
2026-09-16T00:08:16.3271281+09:00,windows-wip,load,3,21.59,22679.3,42716.6,65.7,3,1323,2
2026-09-16T00:08:17.5237761+09:00,windows-wip,load,3,28.23,22764.5,42631.4,65.7,3,1323,2
2026-09-16T00:08:18.7305264+09:00,windows-wip,load,3,35.62,22826.8,42569.1,65.7,3,1323,2
2026-09-16T00:08:19.9413568+09:00,windows-wip,load,3,26.29,22883.3,42512.6,65.7,3,1323,2
2026-09-16T00:08:21.1285178+09:00,windows-wip,load,3,22.42,22870.1,42525.8,65.7,3,1323,2
2026-09-16T00:08:22.3190101+09:00,windows-wip,load,3,24.4,22913.7,42482.2,65.7,3,1323,2
2026-09-16T00:08:23.5035474+09:00,windows-wip,load,3,22.42,22919.7,42476.2,65.7,3,1323,2
2026-09-16T00:08:24.6819569+09:00,windows-wip,load,3,21.34,22936.8,42459.1,65.7,3,1323.1,2
2026-09-16T00:08:25.8680654+09:00,windows-wip,load,3,19.75,22934.5,42461.4,65.7,3,1323,2
2026-09-16T00:08:27.0467030+09:00,windows-wip,load,3,19.96,22899.9,42496,65.7,3,1323,2
2026-09-16T00:08:28.2283779+09:00,windows-wip,load,3,19.86,22907.5,42488.4,65.7,3,1323,2
2026-09-16T00:08:29.3543475+09:00,windows-wip,load,3,20.29,22905.4,42490.5,65.7,3,1323,2
2026-09-16T00:08:30.5479243+09:00,windows-wip,load,3,19.73,22903.3,42492.6,65.7,3,1323,2
2026-09-16T00:08:31.7321776+09:00,windows-wip,load,3,21.56,22844.5,42551.4,65.7,3,1323.1,2
2026-09-16T00:08:32.9212018+09:00,windows-wip,load,3,20.7,22858.7,42537.2,65.7,3,1323.1,2
2026-09-16T00:08:34.1023960+09:00,windows-wip,load,3,18.08,22872.5,42523.4,65.7,3,1323.1,2
2026-09-16T00:08:35.2838188+09:00,windows-wip,load,3,18.41,22867.4,42528.5,65.7,3,1323.1,2
2026-09-16T00:08:36.4444047+09:00,windows-wip,load,3,18.33,22865.6,42530.3,65.7,3,1323.1,2
2026-09-16T00:08:37.6448068+09:00,windows-wip,load,3,19.92,22868.6,42527.3,65.7,3,1323.1,2
2026-09-16T00:08:38.8269935+09:00,windows-wip,load,3,19.8,22872.8,42523.1,65.7,3,1323.1,2
2026-09-16T00:08:40.0165679+09:00,windows-wip,load,3,21.87,22887.5,42508.4,65.7,3,1336,2
2026-09-16T00:08:41.2122788+09:00,windows-wip,load,3,23.29,22889.5,42506.4,65.7,3,1336,2
2026-09-16T00:08:42.4005530+09:00,windows-wip,load,3,18.31,22892.2,42503.7,65.7,3,1336,2
2026-09-16T00:08:43.5389343+09:00,windows-wip,load,3,19.74,22889.3,42506.6,65.7,3,1336,2
2026-09-16T00:08:44.7316738+09:00,windows-wip,load,3,19.26,22892.7,42503.2,65.7,3,1336,2
2026-09-16T00:08:45.9261520+09:00,windows-wip,load,3,20.27,22892.3,42503.6,65.7,3,1336,2
2026-09-16T00:08:47.1322023+09:00,windows-wip,load,3,17.77,22899.4,42496.5,65.7,3,1336,2
2026-09-16T00:08:48.2873369+09:00,windows-wip,load,3,23.64,22832.1,42563.8,65.7,3,1336,2
2026-09-16T00:08:49.4718497+09:00,windows-wip,load,3,24.89,22836.2,42559.7,65.7,3,1336,2
2026-09-16T00:08:50.6669371+09:00,windows-wip,load,3,21.22,22828.9,42567,65.7,3,1335.9,2
2026-09-16T00:08:51.8491642+09:00,windows-wip,load,3,17.93,22825.3,42570.6,65.7,3,1335.9,2
2026-09-16T00:08:53.0271913+09:00,windows-wip,load,3,18.43,22827.6,42568.3,65.7,3,1335.9,2
2026-09-16T00:08:54.2330542+09:00,windows-wip,load,3,20.87,22821.7,42574.2,65.7,3,1335.9,2
2026-09-16T00:08:55.4185808+09:00,windows-wip,load,3,21.68,22829.8,42566.1,65.7,3,1335.9,2
2026-09-16T00:08:56.6144343+09:00,windows-wip,load,3,22.05,22817.9,42578,65.7,3,1335.9,2
2026-09-16T00:08:57.7943001+09:00,windows-wip,load,3,21.11,22812.5,42583.4,65.7,3,1335.9,2
2026-09-16T00:08:59.0047557+09:00,windows-wip,load,3,22.47,22819.5,42576.4,65.7,3,1335.9,2
2026-09-16T00:09:00.1998923+09:00,windows-wip,load,3,20.47,22815.3,42580.6,65.7,3,1335.9,2
2026-09-16T00:09:01.4013585+09:00,windows-wip,load,3,19.77,22818,42577.9,65.7,3,1336,2
2026-09-16T00:09:02.5996411+09:00,windows-wip,load,3,20.09,22825,42570.9,65.7,3,1336,2
2026-09-16T00:09:03.7985941+09:00,windows-wip,load,3,19.25,22840.9,42555,65.7,3,1336,2
2026-09-16T00:09:05.0058028+09:00,windows-wip,load,3,18.39,22860.5,42535.4,65.7,3,1336,2
2026-09-16T00:09:06.2212225+09:00,windows-wip,load,3,20.62,22870.2,42525.7,65.7,3,1336,2
2026-09-16T00:09:07.3759263+09:00,windows-wip,load,3,21.68,22856,42539.9,65.7,3,1336,2
2026-09-16T00:09:08.5715266+09:00,windows-wip,load,3,21.69,22860.2,42535.7,65.7,3,1336,2
2026-09-16T00:09:09.7613079+09:00,windows-wip,load,3,19.55,22851.5,42544.4,65.7,3,1336,2
2026-09-16T00:09:10.9508439+09:00,windows-wip,load,3,20.19,22861.2,42534.7,65.7,3,1336,2
2026-09-16T00:09:12.0713691+09:00,windows-wip,load,3,20.34,22864.1,42531.8,65.7,3,1336,2
2026-09-16T00:09:13.2572108+09:00,windows-wip,load,3,20.27,22844.6,42551.3,65.7,3,1336,2
2026-09-16T00:09:14.4038203+09:00,windows-wip,load,3,20.78,22848.2,42547.7,65.7,3,1336,2
2026-09-16T00:09:15.5747382+09:00,windows-wip,load,3,17.63,22659,42736.9,65.7,3,1336,2
2026-09-16T00:09:16.8156863+09:00,windows-wip,load,3,8.28,22641.5,42754.4,65.7,3,1336,2
2026-09-16T00:09:19.9601969+09:00,wsl-wip,baseline,3,3.41,21090.7,44305.2,38.5,1,,0
2026-09-16T00:09:21.4347259+09:00,wsl-wip,baseline,3,,21087.7,44308.2,38.5,1,,0
2026-09-16T00:09:22.6171766+09:00,wsl-wip,baseline,3,6.3,21087.2,44308.7,38.5,1,,0
2026-09-16T00:09:23.8578037+09:00,wsl-wip,baseline,3,4.03,21086.9,44309,38.5,1,,0
2026-09-16T00:09:24.9883858+09:00,wsl-wip,baseline,3,6.88,21089.8,44306.1,38.5,1,,0
2026-09-16T00:09:26.0908812+09:00,wsl-wip,baseline,3,4.58,21091.5,44304.4,38.5,1,,0
2026-09-16T00:09:27.2136499+09:00,wsl-wip,baseline,3,5.28,21053.7,44342.2,38.5,1,,0
2026-09-16T00:09:28.3552076+09:00,wsl-wip,baseline,3,4.23,21055.4,44340.5,38.5,1,,0
2026-09-16T00:09:29.5159715+09:00,wsl-wip,baseline,3,5.91,21060.6,44335.3,38.5,1,,0
2026-09-16T00:09:30.6839833+09:00,wsl-wip,baseline,3,5.29,21060.3,44335.6,38.5,1,,0
2026-09-16T00:09:31.8196405+09:00,wsl-wip,baseline,3,1.55,21053.8,44342.1,38.5,1,,0
2026-09-16T00:09:33.0023888+09:00,wsl-wip,baseline,3,4.66,21061.2,44334.7,38.5,1,,0
2026-09-16T00:09:34.1740598+09:00,wsl-wip,baseline,3,4.41,21069,44326.9,38.5,1,,0
2026-09-16T00:09:35.3473948+09:00,wsl-wip,baseline,3,1.64,21073,44322.9,38.5,1,,0
2026-09-16T00:09:36.4974887+09:00,wsl-wip,baseline,3,3.57,21079,44316.9,38.5,1,,0
2026-09-16T00:09:37.6443747+09:00,wsl-wip,baseline,3,2,21070.9,44325,38.5,1,,0
2026-09-16T00:09:38.7954332+09:00,wsl-wip,baseline,3,12.18,21074.6,44321.3,38.5,1,,0
2026-09-16T00:09:39.9534572+09:00,wsl-wip,baseline,3,5.38,21077,44318.9,38.5,1,,0
2026-09-16T00:09:41.1278808+09:00,wsl-wip,baseline,3,9.92,21164.6,44231.3,38.5,1,,0
2026-09-16T00:09:42.2747124+09:00,wsl-wip,baseline,3,6.11,21152.2,44243.7,38.5,1,,0
2026-09-16T00:09:43.4584439+09:00,wsl-wip,baseline,3,2.62,21137.3,44258.6,38.5,1,,0
2026-09-16T00:09:44.6150650+09:00,wsl-wip,baseline,3,2.06,21140.3,44255.6,38.5,1,,0
2026-09-16T00:09:45.7686630+09:00,wsl-wip,baseline,3,3.6,21140.7,44255.2,38.5,1,,0
2026-09-16T00:09:46.9141303+09:00,wsl-wip,baseline,3,6.24,21142.1,44253.8,38.5,1,,0
2026-09-16T00:09:48.0460870+09:00,wsl-wip,baseline,3,4.94,21142.1,44253.8,38.5,1,,0
2026-09-16T00:09:49.2045506+09:00,wsl-wip,baseline,3,6.76,21144.8,44251.1,38.5,1,,0
2026-09-16T00:09:50.3779392+09:00,wsl-wip,baseline,3,6.66,21140.3,44255.6,38.5,1,,0
2026-09-16T00:09:51.5200728+09:00,wsl-wip,baseline,3,5.23,21136.1,44259.8,38.5,1,,0
2026-09-16T00:09:52.6912124+09:00,wsl-wip,baseline,3,7.05,21133.5,44262.4,38.5,1,,0
2026-09-16T00:09:53.7930448+09:00,wsl-wip,baseline,3,1.41,21136.6,44259.3,38.5,1,,0
2026-09-16T00:09:54.9872077+09:00,wsl-wip,baseline,3,3.8,21134.6,44261.3,38.5,1,,0
2026-09-16T00:09:56.1289470+09:00,wsl-wip,baseline,3,3.01,21137.1,44258.8,38.5,1,,0
2026-09-16T00:09:57.3332575+09:00,wsl-wip,baseline,3,5.32,21134.8,44261.1,38.5,1,,0
2026-09-16T00:09:58.4420667+09:00,wsl-wip,baseline,3,5.03,21127.9,44268,38.5,1,,0
2026-09-16T00:09:59.6173691+09:00,wsl-wip,baseline,3,7.37,21048.6,44347.3,38.5,1,,0
2026-09-16T00:10:00.7206173+09:00,wsl-wip,baseline,3,5.81,21048.2,44347.7,38.5,1,,0
2026-09-16T00:10:01.9313395+09:00,wsl-wip,baseline,3,6.04,21045.7,44350.2,38.5,1,,0
2026-09-16T00:10:03.0822350+09:00,wsl-wip,baseline,3,0.73,21048.6,44347.3,38.5,1,,0
2026-09-16T00:10:04.2816565+09:00,wsl-wip,baseline,3,3.11,21056.8,44339.1,38.5,1,,0
2026-09-16T00:10:05.4405797+09:00,wsl-wip,baseline,3,2.51,21052.2,44343.7,38.5,1,,0
2026-09-16T00:10:06.6344644+09:00,wsl-wip,baseline,3,5.2,21050.4,44345.5,38.5,1,,0
2026-09-16T00:10:07.7700651+09:00,wsl-wip,baseline,3,2.93,21052.4,44343.5,38.5,1,,0
2026-09-16T00:10:08.9504980+09:00,wsl-wip,baseline,3,2.62,21051.3,44344.6,38.5,1,,0
2026-09-16T00:10:10.0551774+09:00,wsl-wip,baseline,3,3.47,21055.5,44340.4,38.5,1,,0
2026-09-16T00:10:11.2481449+09:00,wsl-wip,baseline,3,5.98,20962.1,44433.8,38.5,1,,0
2026-09-16T00:10:12.3698712+09:00,wsl-wip,baseline,3,1.49,20923.5,44472.4,38.5,1,,0
2026-09-16T00:10:13.5520635+09:00,wsl-wip,baseline,3,5.61,20927.7,44468.2,38.5,1,,0
2026-09-16T00:10:14.6980427+09:00,wsl-wip,baseline,3,3.84,20896.2,44499.7,38.5,1,,0
2026-09-16T00:10:15.8782072+09:00,wsl-wip,baseline,3,10.17,21266,44129.9,38.5,1,,0
2026-09-16T00:10:17.0545810+09:00,wsl-wip,baseline,3,4.36,21247,44148.9,38.5,1,,0
2026-09-16T00:10:18.1508477+09:00,wsl-wip,baseline,3,4.83,21196.1,44199.8,38.5,1,,0
2026-09-16T00:10:19.2767257+09:00,wsl-wip,baseline,3,7.98,21197.6,44198.3,38.5,1,,0
2026-09-16T00:10:22.6964942+09:00,wsl-wip,infra_idle,3,,22419.8,42976.1,65.2,3,1109.1,2
2026-09-16T00:10:24.1733827+09:00,wsl-wip,infra_idle,3,4.45,22419.3,42976.6,65.2,3,1109.1,2
2026-09-16T00:10:25.2885286+09:00,wsl-wip,infra_idle,3,1.54,22418.2,42977.7,65.2,3,1109.8,2
2026-09-16T00:10:26.4388978+09:00,wsl-wip,infra_idle,3,8.96,22512.8,42883.1,65.2,3,1204.2,2
2026-09-16T00:10:27.5993100+09:00,wsl-wip,infra_idle,3,9.34,22503.5,42892.4,65.2,3,1204.2,2
2026-09-16T00:10:28.7234699+09:00,wsl-wip,infra_idle,3,13.21,22507.4,42888.5,65.2,3,1203.9,2
2026-09-16T00:10:29.9111842+09:00,wsl-wip,infra_idle,3,9.94,22514.8,42881.1,65.2,3,1203.9,2
2026-09-16T00:10:31.1056698+09:00,wsl-wip,infra_idle,3,12.11,22524.5,42871.4,65.2,3,1203.9,2
2026-09-16T00:10:32.2929563+09:00,wsl-wip,infra_idle,3,8.83,22525.5,42870.4,65.2,3,1203.9,2
2026-09-16T00:10:33.4336318+09:00,wsl-wip,infra_idle,3,5.2,22525.9,42870,65.2,3,1203.9,2
2026-09-16T00:10:34.6235979+09:00,wsl-wip,infra_idle,3,8.61,22529.8,42866.1,65.2,3,1203.9,2
2026-09-16T00:10:35.7624684+09:00,wsl-wip,infra_idle,3,2.52,22526.7,42869.2,65.2,3,1203.9,2
2026-09-16T00:10:36.9523033+09:00,wsl-wip,infra_idle,3,9.03,22535.7,42860.2,65.2,3,1203.9,2
2026-09-16T00:10:38.1169357+09:00,wsl-wip,infra_idle,3,4.69,22536.3,42859.6,65.2,3,1203.9,2
2026-09-16T00:10:39.3068869+09:00,wsl-wip,infra_idle,3,3.87,22537.3,42858.6,65.2,3,1203.9,2
2026-09-16T00:10:40.4159845+09:00,wsl-wip,infra_idle,3,3.94,22540.3,42855.6,65.2,3,1203.9,2
2026-09-16T00:10:41.6277956+09:00,wsl-wip,infra_idle,3,7.58,22491.7,42904.2,65.2,3,1203.9,2
2026-09-16T00:10:42.7654951+09:00,wsl-wip,infra_idle,3,2.63,22495.9,42900,65.2,3,1203.9,2
2026-09-16T00:10:43.9784986+09:00,wsl-wip,infra_idle,3,4.73,22497,42898.9,65.2,3,1203.9,2
2026-09-16T00:10:45.1185939+09:00,wsl-wip,infra_idle,3,3.45,22499.1,42896.8,65.2,3,1203.9,2
2026-09-16T00:10:46.3194258+09:00,wsl-wip,infra_idle,3,4.42,22500.9,42895,65.2,3,1203.9,2
2026-09-16T00:10:47.4680372+09:00,wsl-wip,infra_idle,3,5.56,22489.8,42906.1,65.2,3,1203.9,2
2026-09-16T00:10:48.6601119+09:00,wsl-wip,infra_idle,3,10.85,22508.8,42887.1,65.2,3,1203.9,2
2026-09-16T00:10:49.8183861+09:00,wsl-wip,infra_idle,3,5.95,22467.8,42928.1,65.2,3,1203.9,2
2026-09-16T00:10:50.9903911+09:00,wsl-wip,infra_idle,3,4.83,22467.5,42928.4,65.2,3,1203.9,2
2026-09-16T00:10:52.1046216+09:00,wsl-wip,infra_idle,3,3.91,21456.2,43939.7,65.5,3,168.9,2
2026-09-16T00:10:53.3317980+09:00,wsl-wip,infra_idle,3,5.31,21081,44314.9,55.3,2,,0
2026-09-16T00:10:54.4404332+09:00,wsl-wip,infra_idle,3,1.8,21086.6,44309.3,55.3,2,,0
2026-09-16T00:10:55.6330935+09:00,wsl-wip,infra_idle,3,5,21085.1,44310.8,55.3,2,,0
2026-09-16T00:10:56.8103713+09:00,wsl-wip,infra_idle,3,5.73,21086,44309.9,55.3,2,,0
2026-09-16T00:10:57.9876763+09:00,wsl-wip,infra_idle,3,5.99,21083.7,44312.2,55.3,2,,0
2026-09-16T00:10:59.0859449+09:00,wsl-wip,infra_idle,3,1.49,21095.5,44300.4,55.3,2,,0
2026-09-16T00:11:00.2931708+09:00,wsl-wip,infra_idle,3,2.41,21090.7,44305.2,55.3,2,,0
2026-09-16T00:11:01.4419141+09:00,wsl-wip,infra_idle,3,3.69,21086,44309.9,55.3,2,,0
2026-09-16T00:11:02.6012100+09:00,wsl-wip,infra_idle,3,8.91,21076.9,44319,55.3,2,,0
2026-09-16T00:11:03.7398035+09:00,wsl-wip,infra_idle,3,4.52,21087,44308.9,55.3,2,,0
2026-09-16T00:11:04.9315733+09:00,wsl-wip,infra_idle,3,6.08,21084.3,44311.6,55.3,2,,0
2026-09-16T00:11:06.1149075+09:00,wsl-wip,infra_idle,3,6.05,21085,44310.9,55.3,2,,0
2026-09-16T00:11:07.2821833+09:00,wsl-wip,infra_idle,3,5.94,21085.6,44310.3,55.3,2,,0
2026-09-16T00:11:08.3833773+09:00,wsl-wip,infra_idle,3,3.89,21085.7,44310.2,55.3,2,,0
2026-09-16T00:11:09.5421016+09:00,wsl-wip,infra_idle,3,5.3,21084.6,44311.3,55.3,2,,0
2026-09-16T00:11:10.6870296+09:00,wsl-wip,infra_idle,3,7.08,21086.8,44309.1,55.3,2,,0
2026-09-16T00:11:11.8572300+09:00,wsl-wip,infra_idle,3,4.53,21085.8,44310.1,55.3,2,,0
2026-09-16T00:11:12.9726414+09:00,wsl-wip,infra_idle,3,4.83,21089.2,44306.7,55.3,2,,0
2026-09-16T00:11:14.1469379+09:00,wsl-wip,infra_idle,3,14.39,21091,44304.9,55.3,2,,0
2026-09-16T00:11:15.2594327+09:00,wsl-wip,infra_idle,3,1.53,21068.1,44327.8,55.3,2,,0
2026-09-16T00:11:16.4272897+09:00,wsl-wip,infra_idle,3,2.1,21034.8,44361.1,55.3,2,,0
2026-09-16T00:11:17.5542360+09:00,wsl-wip,infra_idle,3,5.57,21033.8,44362.1,55.3,2,,0
2026-09-16T00:11:18.6738739+09:00,wsl-wip,infra_idle,3,6.81,21041.7,44354.2,55.3,2,,0
2026-09-16T00:11:19.8308863+09:00,wsl-wip,infra_idle,3,7.18,21042.6,44353.3,55.2,2,,0
2026-09-16T00:11:20.9627252+09:00,wsl-wip,infra_idle,3,2.32,21033.8,44362.1,55.2,2,,0
2026-09-16T00:11:22.0975591+09:00,wsl-wip,infra_idle,3,3.89,21034.2,44361.7,55.2,2,,0
2026-09-16T00:11:30.3554165+09:00,wsl-wip,app_idle,3,0.48,25747.1,39648.8,101.8,6,4167.3,4
2026-09-16T00:11:31.7946621+09:00,wsl-wip,app_idle,3,4.33,25751,39644.9,101.8,6,4166.9,4
2026-09-16T00:11:32.9208165+09:00,wsl-wip,app_idle,3,4.4,25751.5,39644.4,101.8,6,4169,4
2026-09-16T00:11:34.0398350+09:00,wsl-wip,app_idle,3,5.8,25757.6,39638.3,101.8,6,4167.2,4
2026-09-16T00:11:35.1617911+09:00,wsl-wip,app_idle,3,7.05,25760.2,39635.7,101.8,6,4166.5,4
2026-09-16T00:11:36.2859502+09:00,wsl-wip,app_idle,3,7.25,25765.6,39630.3,101.8,6,4166.5,4
2026-09-16T00:11:37.4209478+09:00,wsl-wip,app_idle,3,6.12,25763.4,39632.5,101.8,6,4166.2,4
2026-09-16T00:11:38.5662196+09:00,wsl-wip,app_idle,3,6.91,25764.1,39631.8,101.8,6,4166.2,4
2026-09-16T00:11:39.6696755+09:00,wsl-wip,app_idle,3,6.46,25768.3,39627.6,101.8,6,4164.3,4
2026-09-16T00:11:40.8371891+09:00,wsl-wip,app_idle,3,6.75,25768,39627.9,101.8,6,4164.3,4
2026-09-16T00:11:41.9814220+09:00,wsl-wip,app_idle,3,6.21,25773.5,39622.4,101.8,6,4163.8,4
2026-09-16T00:11:43.1617462+09:00,wsl-wip,app_idle,3,6.01,25768.4,39627.5,101.8,6,4160.9,4
2026-09-16T00:11:44.2639722+09:00,wsl-wip,app_idle,3,8.46,25770,39625.9,101.8,6,4162,4
2026-09-16T00:11:45.4659633+09:00,wsl-wip,app_idle,3,5.84,25771.1,39624.8,101.8,6,4152.4,4
2026-09-16T00:11:46.5973873+09:00,wsl-wip,app_idle,3,6.16,25776.4,39619.5,101.8,6,4152.4,4
2026-09-16T00:11:47.7532941+09:00,wsl-wip,app_idle,3,9.3,25702.5,39693.4,76.9,4,4129.1,4
2026-09-16T00:11:48.8965789+09:00,wsl-wip,app_idle,3,6.53,25703.5,39692.4,76.9,4,4129.1,4
2026-09-16T00:11:50.0823094+09:00,wsl-wip,app_idle,3,13.87,25280.3,40115.6,76.9,4,3093.5,4
2026-09-16T00:11:51.2289927+09:00,wsl-wip,app_idle,3,8.31,25219.4,40176.5,76.9,4,2896.2,4
2026-09-16T00:11:52.4383192+09:00,wsl-wip,app_idle,3,6.76,25183.9,40212,76.9,4,2896.2,4
2026-09-16T00:11:53.6447449+09:00,wsl-wip,app_idle,3,11.75,24377.7,41018.2,76.9,4,2820.4,4
2026-09-16T00:11:54.8835742+09:00,wsl-wip,app_idle,3,10.34,24374.8,41021.1,76.9,4,2820.4,4
2026-09-16T00:11:56.0729869+09:00,wsl-wip,app_idle,3,6.2,24361.9,41034,76.9,4,2773.5,4
2026-09-16T00:11:57.2582885+09:00,wsl-wip,app_idle,3,7.63,24328.8,41067.1,76.9,4,2745.9,4
2026-09-16T00:11:58.4097603+09:00,wsl-wip,app_idle,3,3.46,24321.5,41074.4,76.9,4,2745.9,4
2026-09-16T00:11:59.5997696+09:00,wsl-wip,app_idle,3,4.57,24325.7,41070.2,76.9,4,2716.9,4
2026-09-16T00:12:00.7300523+09:00,wsl-wip,app_idle,3,4.57,24326.3,41069.6,76.9,4,2716.9,4
2026-09-16T00:12:01.9325048+09:00,wsl-wip,app_idle,3,4.19,24323.4,41072.5,76.9,4,2711.4,4
2026-09-16T00:12:03.0267618+09:00,wsl-wip,app_idle,3,2.96,24321.6,41074.3,76.9,4,2711.4,4
2026-09-16T00:12:04.2220492+09:00,wsl-wip,app_idle,3,3.61,24324.6,41071.3,76.9,4,2706.1,4
2026-09-16T00:12:05.3628425+09:00,wsl-wip,app_idle,3,4.11,24326.7,41069.2,76.9,4,2706.1,4
2026-09-16T00:12:06.5492794+09:00,wsl-wip,app_idle,3,3.54,24320.9,41075,76.9,4,2706.1,4
2026-09-16T00:12:07.6756351+09:00,wsl-wip,app_idle,3,3.28,24321.7,41074.2,76.9,4,2700.9,4
2026-09-16T00:12:08.9007716+09:00,wsl-wip,app_idle,3,5.7,24328.1,41067.8,76.9,4,2696.7,4
2026-09-16T00:12:10.0527834+09:00,wsl-wip,app_idle,3,2.58,24324.3,41071.6,76.9,4,2696.7,4
2026-09-16T00:12:11.2325459+09:00,wsl-wip,app_idle,3,4.63,24335.4,41060.5,76.9,4,2692.2,4
2026-09-16T00:12:12.4116054+09:00,wsl-wip,app_idle,3,6.38,24329.2,41066.7,76.9,4,2692.1,4
2026-09-16T00:12:13.5388508+09:00,wsl-wip,app_idle,3,2.02,24330.7,41065.2,76.9,4,2692.1,4
2026-09-16T00:12:14.7186611+09:00,wsl-wip,app_idle,3,7.63,24334,41061.9,76.9,4,2687.4,4
2026-09-16T00:12:15.8166817+09:00,wsl-wip,app_idle,3,8.07,24334,41061.9,76.9,4,2687.4,4
2026-09-16T00:12:16.9638061+09:00,wsl-wip,app_idle,3,5.13,24336.9,41059,76.9,4,2687.4,4
2026-09-16T00:12:18.1188479+09:00,wsl-wip,app_idle,3,5.47,24333.1,41062.8,76.9,4,2676.1,4
2026-09-16T00:12:19.2351083+09:00,wsl-wip,app_idle,3,8.11,24343.2,41052.7,76.9,4,2676.1,4
2026-09-16T00:12:20.3898863+09:00,wsl-wip,app_idle,3,9.84,24349.4,41046.5,76.9,4,2676.1,4
2026-09-16T00:12:21.5384436+09:00,wsl-wip,app_idle,3,5.42,24322.1,41073.8,76.9,4,2673.7,4
2026-09-16T00:12:22.7140553+09:00,wsl-wip,app_idle,3,3.57,24318.2,41077.7,76.9,4,2673.7,4
2026-09-16T00:12:23.8715527+09:00,wsl-wip,app_idle,3,5.21,24115.8,41280.1,76.9,4,2673.7,4
2026-09-16T00:12:25.0002065+09:00,wsl-wip,app_idle,3,5.24,24117.4,41278.5,76.9,4,2673.7,4
2026-09-16T00:12:26.2141055+09:00,wsl-wip,app_idle,3,5.25,24115.4,41280.5,76.9,4,2673.7,4
2026-09-16T00:12:27.3493323+09:00,wsl-wip,app_idle,3,3.57,24115,41280.9,76.9,4,2673.6,4
2026-09-16T00:12:28.4600497+09:00,wsl-wip,app_idle,3,7.96,24116.1,41279.8,76.9,4,2673.6,4
2026-09-16T00:12:29.6270213+09:00,wsl-wip,app_idle,3,1.27,24115.5,41280.4,76.9,4,2673.7,4
2026-09-16T00:12:31.4159408+09:00,wsl-wip,load,3,13.93,24184.7,41211.2,76.8,4,2682.1,4
2026-09-16T00:12:32.9475746+09:00,wsl-wip,load,3,21.09,24190.3,41205.6,76.8,4,2682.1,4
2026-09-16T00:12:34.1089054+09:00,wsl-wip,load,3,19.49,24213.3,41182.6,76.8,4,2682.2,4
2026-09-16T00:12:35.2829732+09:00,wsl-wip,load,3,21.89,24209.1,41186.8,76.8,4,2682.4,4
2026-09-16T00:12:36.4672727+09:00,wsl-wip,load,3,25.44,24215.2,41180.7,76.8,4,2681.4,4
2026-09-16T00:12:37.6228664+09:00,wsl-wip,load,3,23.42,24219.5,41176.4,76.8,4,2681.4,4
2026-09-16T00:12:38.7641069+09:00,wsl-wip,load,3,24.96,24220,41175.9,76.8,4,2681.4,4
2026-09-16T00:12:39.8812635+09:00,wsl-wip,load,3,24.02,24243.3,41152.6,76.8,4,2681.4,4
2026-09-16T00:12:41.0090895+09:00,wsl-wip,load,3,21.08,24257.5,41138.4,76.8,4,2681.2,4
2026-09-16T00:12:42.1936252+09:00,wsl-wip,load,3,24.32,24256.9,41139,76.8,4,2681.2,4
2026-09-16T00:12:43.3820533+09:00,wsl-wip,load,3,21.33,24256.8,41139.1,76.8,4,2681.2,4
2026-09-16T00:12:44.5602916+09:00,wsl-wip,load,3,23.06,24262.6,41133.3,76.8,4,2681.2,4
2026-09-16T00:12:45.7478809+09:00,wsl-wip,load,3,26.49,24259.1,41136.8,76.8,4,2681.2,4
2026-09-16T00:12:46.9401590+09:00,wsl-wip,load,3,20.41,24264.5,41131.4,76.8,4,2681.2,4
2026-09-16T00:12:48.1045212+09:00,wsl-wip,load,3,21.16,22726.5,42669.4,66.1,3,1316.9,2
2026-09-16T00:12:49.3044922+09:00,wsl-wip,load,3,25.15,22779.1,42616.8,66.1,3,1316.9,2
2026-09-16T00:12:50.4949343+09:00,wsl-wip,load,3,23.86,22777.4,42618.5,66.1,3,1319.6,2
2026-09-16T00:12:51.6807469+09:00,wsl-wip,load,3,23.26,22779.5,42616.4,66.1,3,1319.6,2
2026-09-16T00:12:52.8422834+09:00,wsl-wip,load,3,23.07,22783.8,42612.1,66.1,3,1319.6,2
2026-09-16T00:12:54.0585085+09:00,wsl-wip,load,3,22.8,22756.7,42639.2,66.1,3,1319.6,2
2026-09-16T00:12:55.1856073+09:00,wsl-wip,load,3,26.34,22783.3,42612.6,66.1,3,1319.6,2
2026-09-16T00:12:56.3560584+09:00,wsl-wip,load,3,23.75,22785,42610.9,66.1,3,1319.6,2
2026-09-16T00:12:57.5484679+09:00,wsl-wip,load,3,20.74,22779.9,42616,66.1,3,1319.6,2
2026-09-16T00:12:58.6661516+09:00,wsl-wip,load,3,21.1,22815.7,42580.2,66.1,3,1319.6,2
2026-09-16T00:12:59.8767490+09:00,wsl-wip,load,3,27.46,23012.8,42383.1,66.1,3,1319.7,2
2026-09-16T00:13:01.0334366+09:00,wsl-wip,load,3,24.63,23137.8,42258.1,66.1,3,1319.7,2
2026-09-16T00:13:02.2240872+09:00,wsl-wip,load,3,24.25,23238.1,42157.8,66.1,3,1319.7,2
2026-09-16T00:13:03.4560509+09:00,wsl-wip,load,3,29.83,23233.7,42162.2,66.1,3,1319.7,2
2026-09-16T00:13:04.6712392+09:00,wsl-wip,load,3,27.52,23267.7,42128.2,66.1,3,1319.7,2
2026-09-16T00:13:05.8590235+09:00,wsl-wip,load,3,29.02,23346.7,42049.2,66.1,3,1319.7,2
2026-09-16T00:13:07.0554449+09:00,wsl-wip,load,3,35.34,23402.9,41993,66.1,3,1319.7,2
2026-09-16T00:13:08.2433032+09:00,wsl-wip,load,3,30.73,23383.3,42012.6,66.1,3,1319.7,2
2026-09-16T00:13:09.4179035+09:00,wsl-wip,load,3,22.26,23391.4,42004.5,66.1,3,1319.7,2
2026-09-16T00:13:10.6071400+09:00,wsl-wip,load,3,20.4,23389.8,42006.1,66.1,3,1319.7,2
2026-09-16T00:13:11.7945783+09:00,wsl-wip,load,3,21,23388.2,42007.7,66.1,3,1319.7,2
2026-09-16T00:13:12.9734743+09:00,wsl-wip,load,3,20.63,23389,42006.9,66.1,3,1319.7,2
2026-09-16T00:13:14.1078416+09:00,wsl-wip,load,3,22.11,23397.3,41998.6,66.1,3,1319.7,2
2026-09-16T00:13:15.2778559+09:00,wsl-wip,load,3,21.31,23395.4,42000.5,66.1,3,1319.7,2
2026-09-16T00:13:16.4637538+09:00,wsl-wip,load,3,23.77,23396.8,41999.1,66.1,3,1319.7,2
2026-09-16T00:13:17.6623648+09:00,wsl-wip,load,3,21.25,23422,41973.9,66.1,3,1319.7,2
2026-09-16T00:13:18.8746546+09:00,wsl-wip,load,3,24.01,23431.1,41964.8,66.1,3,1319.7,2
2026-09-16T00:13:20.0725271+09:00,wsl-wip,load,3,25.88,23435.4,41960.5,66.1,3,1319.7,2
2026-09-16T00:13:21.2758003+09:00,wsl-wip,load,3,19.33,23435.6,41960.3,66.1,3,1319.7,2
2026-09-16T00:13:22.5016323+09:00,wsl-wip,load,3,17.53,23435.4,41960.5,66.1,3,1319.7,2
2026-09-16T00:13:23.7015230+09:00,wsl-wip,load,3,25.09,22864.7,42531.2,66.1,3,1319.8,2
2026-09-16T00:13:24.9114290+09:00,wsl-wip,load,3,22.73,22836.4,42559.5,66.1,3,1319.8,2
2026-09-16T00:13:26.0930666+09:00,wsl-wip,load,3,19.95,22842.3,42553.6,66.1,3,1319.8,2
2026-09-16T00:13:27.2668403+09:00,wsl-wip,load,3,22.1,22848.7,42547.2,66.1,3,1319.8,2
2026-09-16T00:13:28.4520885+09:00,wsl-wip,load,3,22.7,22848.7,42547.2,66.1,3,1319.8,2
2026-09-16T00:13:29.6473727+09:00,wsl-wip,load,3,27.8,22868.2,42527.7,66.1,3,1319.9,2
2026-09-16T00:13:30.8238613+09:00,wsl-wip,load,3,23.95,22872,42523.9,66.1,3,1319.9,2
2026-09-16T00:13:32.0437844+09:00,wsl-wip,load,3,19.22,22869.8,42526.1,66.1,3,1319.9,2
2026-09-16T00:13:33.1949327+09:00,wsl-wip,load,3,19.37,22868.3,42527.6,66.1,3,1319.9,2
2026-09-16T00:13:34.3988477+09:00,wsl-wip,load,3,20.91,22881.2,42514.7,66.1,3,1319.9,2
2026-09-16T00:13:35.5613266+09:00,wsl-wip,load,3,19.58,22863.5,42532.4,66.1,3,1319.9,2
2026-09-16T00:13:36.7452766+09:00,wsl-wip,load,3,23.74,22872.2,42523.7,66.1,3,1319.9,2
2026-09-16T00:13:37.9327451+09:00,wsl-wip,load,3,22.17,22874,42521.9,66.1,3,1319.9,2
2026-09-16T00:13:39.1270778+09:00,wsl-wip,load,3,21.36,22870.3,42525.6,66,3,1319.9,2
2026-09-16T00:13:40.3003909+09:00,wsl-wip,load,3,19.77,22863,42532.9,66,3,1319.9,2
2026-09-16T00:13:41.4532057+09:00,wsl-wip,load,3,22.64,22861.9,42534,65.9,3,1319.9,2
2026-09-16T00:13:42.6383868+09:00,wsl-wip,load,3,24.63,22838.7,42557.2,65.9,3,1319.9,2
2026-09-16T00:13:43.7806373+09:00,wsl-wip,load,3,20.95,22831.9,42564,65.9,3,1319.9,2
2026-09-16T00:13:44.9518005+09:00,wsl-wip,load,3,22.85,22826.8,42569.1,65.9,3,1319.9,2
2026-09-16T00:13:46.1284729+09:00,wsl-wip,load,3,19.39,22828.4,42567.5,65.9,3,1319.9,2
2026-09-16T00:13:47.2865203+09:00,wsl-wip,load,3,25.43,22829.3,42566.6,65.9,3,1319.9,2
2026-09-16T00:13:48.4627689+09:00,wsl-wip,load,3,21.4,22839,42556.9,65.9,3,1319.9,2
2026-09-16T00:13:49.6493574+09:00,wsl-wip,load,3,26.78,22858.4,42537.5,65.9,3,1319.9,2
2026-09-16T00:13:50.8430454+09:00,wsl-wip,load,3,24.03,22848,42547.9,65.9,3,1319.9,2
2026-09-16T00:13:52.0307640+09:00,wsl-wip,load,3,25.81,22866.5,42529.4,65.9,3,1319.9,2
2026-09-16T00:13:53.1972242+09:00,wsl-wip,load,3,21.95,22895,42500.9,65.9,3,1319.9,2
2026-09-16T00:13:54.3893031+09:00,wsl-wip,load,3,22.55,22886.6,42509.3,65.9,3,1319.9,2
2026-09-16T00:13:55.5470017+09:00,wsl-wip,load,3,23.9,22905.8,42490.1,65.9,3,1332.2,2
2026-09-16T00:13:56.7268539+09:00,wsl-wip,load,3,20.53,22917,42478.9,65.9,3,1332.3,2
2026-09-16T00:13:57.9390485+09:00,wsl-wip,load,3,22.73,22905.1,42490.8,65.9,3,1332.3,2
2026-09-16T00:13:59.1256294+09:00,wsl-wip,load,3,19.18,22916.7,42479.2,65.9,3,1332.3,2
2026-09-16T00:14:00.2356584+09:00,wsl-wip,load,3,27.54,22912,42483.9,65.9,3,1332.3,2
2026-09-16T00:14:01.4125281+09:00,wsl-wip,load,3,21.19,22866,42529.9,65.9,3,1332.3,2
2026-09-16T00:14:02.5548265+09:00,wsl-wip,load,3,21.27,22871.9,42524,65.9,3,1332.3,2
2026-09-16T00:14:03.6971925+09:00,wsl-wip,load,3,20.59,22878.6,42517.3,65.9,3,1332.3,2
2026-09-16T00:14:04.8392342+09:00,wsl-wip,load,3,22.52,22864.7,42531.2,65.9,3,1332.3,2
2026-09-16T00:14:06.0226707+09:00,wsl-wip,load,3,20.38,22865.7,42530.2,65.9,3,1332.3,2
2026-09-16T00:14:07.2366726+09:00,wsl-wip,load,3,20.13,22865,42530.9,65.9,3,1332.3,2
2026-09-16T00:14:08.4131464+09:00,wsl-wip,load,3,19.56,22868,42527.9,65.9,3,1332.3,2
2026-09-16T00:14:09.5532900+09:00,wsl-wip,load,3,21.77,22929,42466.9,65.9,3,1332.3,2
2026-09-16T00:14:10.7469600+09:00,wsl-wip,load,3,21.92,22934.3,42461.6,65.9,3,1332.3,2
2026-09-16T00:14:11.8545815+09:00,wsl-wip,load,3,19.44,22932.8,42463.1,65.9,3,1332.3,2
2026-09-16T00:14:13.0372064+09:00,wsl-wip,load,3,21.47,22924.4,42471.5,65.9,3,1332.3,2
2026-09-16T00:14:14.2239987+09:00,wsl-wip,load,3,23.43,22945.9,42450,65.9,3,1332.3,2
2026-09-16T00:14:15.4153272+09:00,wsl-wip,load,3,22.67,22936.8,42459.1,65.9,3,1332.3,2
2026-09-16T00:14:16.5193200+09:00,wsl-wip,load,3,21.24,22976.6,42419.3,65.9,3,1332.3,2
2026-09-16T00:14:17.6668395+09:00,wsl-wip,load,3,24.35,23011.2,42384.7,65.9,3,1332.3,2
2026-09-16T00:14:18.8723716+09:00,wsl-wip,load,3,33.74,23036.2,42359.7,65.9,3,1332.3,2
2026-09-16T00:14:20.0500545+09:00,wsl-wip,load,3,23.64,23038.4,42357.5,66,3,1332.4,2
2026-09-16T00:14:21.2360444+09:00,wsl-wip,load,3,25.08,23060.6,42335.3,66,3,1332.4,2
2026-09-16T00:14:22.4327120+09:00,wsl-wip,load,3,24.35,23041.3,42354.6,66,3,1332.4,2
2026-09-16T00:14:23.5791597+09:00,wsl-wip,load,3,25.93,23035.7,42360.2,66,3,1332.4,2
2026-09-16T00:14:24.7141821+09:00,wsl-wip,load,3,22.56,23015,42380.9,66,3,1332.4,2
2026-09-16T00:14:25.8956064+09:00,wsl-wip,load,3,29.92,23013.3,42382.6,66,3,1332.4,2
2026-09-16T00:14:27.0574494+09:00,wsl-wip,load,3,25.49,22978,42417.9,66,3,1332.4,2
2026-09-16T00:14:28.2659345+09:00,wsl-wip,load,3,17.67,22969.2,42426.7,66,3,1332.4,2
2026-09-16T00:14:29.4739017+09:00,wsl-wip,load,3,19.14,22971.8,42424.1,66,3,1332.4,2
2026-09-16T00:14:30.6864775+09:00,wsl-wip,load,3,18.04,23090.9,42305,66,3,1332.4,2
2026-09-16T00:14:31.8655484+09:00,wsl-wip,load,3,11.98,22847.4,42548.5,66,3,1332.4,2
2026-09-16T00:14:32.9930669+09:00,wsl-wip,load,3,6.66,22965.2,42430.7,66,3,1332.4,2
2026-09-16T00:14:41.1871116+09:00,wsl-docker,baseline,3,10.03,24918.3,40477.6,,0,2863.7,2
2026-09-16T00:14:42.7303336+09:00,wsl-docker,baseline,3,4.18,24945.1,40450.8,,0,2863.4,2
2026-09-16T00:14:43.9129085+09:00,wsl-docker,baseline,3,9.23,24914.7,40481.2,,0,2862.4,2
2026-09-16T00:14:45.0868712+09:00,wsl-docker,baseline,3,4.2,24933.6,40462.3,,0,2862.4,2
2026-09-16T00:14:46.2838803+09:00,wsl-docker,baseline,3,7.86,24891.7,40504.2,,0,2861.9,2
2026-09-16T00:14:47.4170341+09:00,wsl-docker,baseline,3,10.03,24875,40520.9,,0,2861.9,2
2026-09-16T00:14:48.6020577+09:00,wsl-docker,baseline,3,10.2,24886.2,40509.7,,0,2858.9,2
2026-09-16T00:14:49.7567097+09:00,wsl-docker,baseline,3,10.82,24909.6,40486.3,,0,2857.7,2
2026-09-16T00:14:51.0439193+09:00,wsl-docker,baseline,3,17.48,24892.7,40503.2,,0,2857.7,2
2026-09-16T00:14:52.2357482+09:00,wsl-docker,baseline,3,16.22,24899.8,40496.1,,0,2855.4,2
2026-09-16T00:14:53.5208608+09:00,wsl-docker,baseline,3,20.71,24897.8,40498.1,,0,2857.9,2
2026-09-16T00:14:54.7291076+09:00,wsl-docker,baseline,3,8.9,24899.5,40496.4,,0,2844.6,2
2026-09-16T00:14:55.9726089+09:00,wsl-docker,baseline,3,14.87,24940.2,40455.7,,0,2844.5,2
2026-09-16T00:14:57.1443316+09:00,wsl-docker,baseline,3,15.51,24873.8,40522.1,,0,2847,2
2026-09-16T00:14:58.3236582+09:00,wsl-docker,baseline,3,8.61,24355,41040.9,,0,1784.5,2
2026-09-16T00:14:59.5126186+09:00,wsl-docker,baseline,3,22.09,24649.1,40746.8,,0,1784.5,2
2026-09-16T00:15:00.7042004+09:00,wsl-docker,baseline,3,18.48,24680.1,40715.8,,0,1619.5,2
2026-09-16T00:15:01.9031628+09:00,wsl-docker,baseline,3,20.29,24860.4,40535.5,,0,1619.5,2
2026-09-16T00:15:03.0832674+09:00,wsl-docker,baseline,3,20.23,24903,40492.9,,0,1535.4,2
2026-09-16T00:15:04.2709124+09:00,wsl-docker,baseline,3,16.04,24116.8,41279.1,,0,1486.6,2
2026-09-16T00:15:05.4734324+09:00,wsl-docker,baseline,3,13.08,24150.1,41245.8,,0,1486.6,2
2026-09-16T00:15:06.6574475+09:00,wsl-docker,baseline,3,9.33,24143.9,41252,,0,1455.4,2
2026-09-16T00:15:07.8735350+09:00,wsl-docker,baseline,3,10.8,24143.8,41252.1,,0,1455.4,2
2026-09-16T00:15:09.0098532+09:00,wsl-docker,baseline,3,9.44,24142.6,41253.3,,0,1427.8,2
2026-09-16T00:15:10.1756216+09:00,wsl-docker,baseline,3,7.74,24136.4,41259.5,,0,1400.2,2
2026-09-16T00:15:11.2902291+09:00,wsl-docker,baseline,3,4.3,24143.8,41252.1,,0,1400.2,2
2026-09-16T00:15:12.4847804+09:00,wsl-docker,baseline,3,7.08,24134,41261.9,,0,1395.5,2
2026-09-16T00:15:13.6612984+09:00,wsl-docker,baseline,3,13.21,24142.3,41253.6,,0,1395.5,2
2026-09-16T00:15:14.8504967+09:00,wsl-docker,baseline,3,9.83,24132.3,41263.6,,0,1384.9,2
2026-09-16T00:15:16.0518885+09:00,wsl-docker,baseline,3,4.46,24123.8,41272.1,,0,1384.9,2
2026-09-16T00:15:17.2517909+09:00,wsl-docker,baseline,3,7.35,24124.6,41271.3,,0,1384.9,2
2026-09-16T00:15:18.3714726+09:00,wsl-docker,baseline,3,11.79,24124.6,41271.3,,0,1370.4,2
2026-09-16T00:15:19.5506748+09:00,wsl-docker,baseline,3,9.64,24123.4,41272.5,,0,1370.4,2
2026-09-16T00:15:20.7269653+09:00,wsl-docker,baseline,3,10.62,24115.2,41280.7,,0,1370.4,2
2026-09-16T00:15:21.9216869+09:00,wsl-docker,baseline,3,9.17,24116.3,41279.6,,0,1370,2
2026-09-16T00:15:23.0803184+09:00,wsl-docker,baseline,3,3.15,24107.7,41288.2,,0,1370,2
2026-09-16T00:15:24.3406334+09:00,wsl-docker,baseline,3,5.28,24099,41296.9,,0,1364.1,2
2026-09-16T00:15:25.4443465+09:00,wsl-docker,baseline,3,9.39,24102.9,41293,,0,1364.1,2
2026-09-16T00:15:26.6478718+09:00,wsl-docker,baseline,3,7.72,24071.8,41324.1,,0,1364.1,2
2026-09-16T00:15:27.8130967+09:00,wsl-docker,baseline,3,8.21,24082.6,41313.3,,0,1361,2
2026-09-16T00:15:29.0278455+09:00,wsl-docker,baseline,3,16.51,24019.7,41376.2,,0,1361,2
2026-09-16T00:15:30.2210820+09:00,wsl-docker,baseline,3,5.58,24012.7,41383.2,,0,1361,2
2026-09-16T00:15:31.4480261+09:00,wsl-docker,baseline,3,6.73,23956.2,41439.7,,0,1358.4,2
2026-09-16T00:15:32.6132761+09:00,wsl-docker,baseline,3,4.02,23909.1,41486.8,,0,1358.4,2
2026-09-16T00:15:33.8268690+09:00,wsl-docker,baseline,3,8.35,23715.4,41680.5,,0,1358.3,2
2026-09-16T00:15:34.9743073+09:00,wsl-docker,baseline,3,4.56,23700.5,41695.4,,0,1358.3,2
2026-09-16T00:15:36.1614271+09:00,wsl-docker,baseline,3,9.56,23665.1,41730.8,,0,1358.3,2
2026-09-16T00:15:37.3353014+09:00,wsl-docker,baseline,3,5.99,23553.5,41842.4,,0,1358.3,2
2026-09-16T00:15:38.5283667+09:00,wsl-docker,baseline,3,5.46,23570.9,41825,,0,1358.3,2
2026-09-16T00:15:39.7064652+09:00,wsl-docker,baseline,3,6.56,23557.3,41838.6,,0,1358.3,2
2026-09-16T00:15:40.8763208+09:00,wsl-docker,baseline,3,4.17,23536,41859.9,,0,1358.3,2
2026-09-16T07:33:57.4733411+09:00,wsl-docker,baseline,3,29.31,24150.9,41245,,0,5213.7,2
2026-09-16T07:33:59.1788320+09:00,wsl-docker,baseline,3,18.06,24145.7,41250.2,,0,5213.7,2
2026-09-16T07:34:00.3635374+09:00,wsl-docker,baseline,3,14.16,24146.4,41249.5,,0,5201.8,2
2026-09-16T07:34:01.5457899+09:00,wsl-docker,baseline,3,14.22,24022.1,41373.8,,0,5195.5,2
2026-09-16T07:34:02.8118691+09:00,wsl-docker,baseline,3,26.66,21839.5,43556.4,,0,5195.5,2
2026-09-16T07:34:04.0269297+09:00,wsl-docker,baseline,3,21.92,21478.1,43917.8,,0,5195.5,2
2026-09-16T07:34:05.1980940+09:00,wsl-docker,baseline,3,18.09,21459.6,43936.3,,0,5195.5,2
2026-09-16T07:34:06.3582337+09:00,wsl-docker,baseline,3,14.75,21457.1,43938.8,,0,5177.9,2
2026-09-16T07:34:07.5345413+09:00,wsl-docker,baseline,3,14.72,21452.6,43943.3,,0,5178,2
2026-09-16T07:34:08.6876230+09:00,wsl-docker,baseline,3,11.68,21452.6,43943.3,,0,5178,2
2026-09-16T07:34:09.8265088+09:00,wsl-docker,baseline,3,10.14,21445.8,43950.1,,0,5178,2
2026-09-16T07:34:10.9731779+09:00,wsl-docker,baseline,3,11.63,21419.5,43976.4,,0,5178.2,2
2026-09-16T07:34:12.1393812+09:00,wsl-docker,baseline,3,11.42,21432.1,43963.8,,0,5178.2,2
2026-09-16T07:34:13.3151804+09:00,wsl-docker,baseline,3,23.11,21461.7,43934.2,,0,4781.3,2
2026-09-16T07:34:14.4787008+09:00,wsl-docker,baseline,3,12.81,21391.3,44004.6,,0,4781.3,2
2026-09-16T07:34:15.6345782+09:00,wsl-docker,baseline,3,6.94,20881.1,44514.8,,0,3652.1,2
2026-09-16T07:34:16.7922200+09:00,wsl-docker,baseline,3,15.71,20877.2,44518.7,,0,3652.1,2
2026-09-16T07:34:17.9385617+09:00,wsl-docker,baseline,3,10.06,20792.1,44603.8,,0,3417.3,2
2026-09-16T07:34:19.0419068+09:00,wsl-docker,baseline,3,10.73,20797,44598.9,,0,3417.3,2
2026-09-16T07:34:20.1802673+09:00,wsl-docker,baseline,3,6.69,20775.3,44620.6,,0,3310.4,2
2026-09-16T07:34:21.2800687+09:00,wsl-docker,baseline,3,13.9,20803,44592.9,,0,3243.9,2
2026-09-16T07:34:22.4268153+09:00,wsl-docker,baseline,3,15.56,20781.7,44614.2,,0,3243.9,2
2026-09-16T07:34:23.5800952+09:00,wsl-docker,baseline,3,17.09,20870.6,44525.3,,0,3185.2,2
2026-09-16T07:34:24.7190896+09:00,wsl-docker,baseline,3,23.39,19808.9,45587,,0,3185.2,2
2026-09-16T07:34:25.8522526+09:00,wsl-docker,baseline,3,21.28,19909,45486.9,,0,3157.1,2
2026-09-16T07:34:27.0281348+09:00,wsl-docker,baseline,3,2.98,19887.2,45508.7,,0,3157.1,2
2026-09-16T07:34:28.1873253+09:00,wsl-docker,baseline,3,8.6,19880.5,45515.4,,0,3143.6,2
2026-09-16T07:34:29.3007773+09:00,wsl-docker,baseline,3,11.1,19881.5,45514.4,,0,3143.6,2
2026-09-16T07:34:30.4172341+09:00,wsl-docker,baseline,3,10.54,19875.7,45520.2,,0,3143.6,2
2026-09-16T07:34:31.5699696+09:00,wsl-docker,baseline,3,2.61,19872.6,45523.3,,0,3143.6,2
2026-09-16T07:34:32.7158401+09:00,wsl-docker,baseline,3,7.23,19864.3,45531.6,,0,3143.6,2
2026-09-16T07:34:33.8643194+09:00,wsl-docker,baseline,3,5.94,19847.5,45548.4,,0,3143.6,2
2026-09-16T07:34:34.9887478+09:00,wsl-docker,baseline,3,4.24,19840.9,45555,,0,3143.6,2
2026-09-16T07:34:36.1355741+09:00,wsl-docker,baseline,3,5.62,19821.7,45574.2,,0,3143.6,2
2026-09-16T07:34:37.2073256+09:00,wsl-docker,baseline,3,5.38,19819.3,45576.6,,0,3143.6,2
2026-09-16T07:34:38.3627328+09:00,wsl-docker,baseline,3,7,19818,45577.9,,0,3143.6,2
2026-09-16T07:34:39.4436530+09:00,wsl-docker,baseline,3,4.72,19821.7,45574.2,,0,3143.6,2
2026-09-16T07:34:40.6418204+09:00,wsl-docker,baseline,3,5.82,19821.1,45574.8,,0,3143.6,2
2026-09-16T07:34:41.7220311+09:00,wsl-docker,baseline,3,2.57,19819.7,45576.2,,0,3143.6,2
2026-09-16T07:34:42.8577124+09:00,wsl-docker,baseline,3,5.79,19775.7,45620.2,,0,3142.1,2
2026-09-16T07:34:43.9542271+09:00,wsl-docker,baseline,3,1.72,19777,45618.9,,0,3142.1,2
2026-09-16T07:34:45.1838759+09:00,wsl-docker,baseline,3,4.9,19776.2,45619.7,,0,3142.1,2
2026-09-16T07:34:46.3177216+09:00,wsl-docker,baseline,3,3.4,19771.9,45624,,0,3142.1,2
2026-09-16T07:34:47.4837814+09:00,wsl-docker,baseline,3,6.1,19773.6,45622.3,,0,3142.1,2
2026-09-16T07:34:48.5633763+09:00,wsl-docker,baseline,3,4.05,19767.5,45628.4,,0,3141.9,2
2026-09-16T07:34:49.6920953+09:00,wsl-docker,baseline,3,7.16,19759.4,45636.5,,0,3141.9,2
2026-09-16T07:34:50.8190602+09:00,wsl-docker,baseline,3,2.64,19758.3,45637.6,,0,3141.9,2
2026-09-16T07:34:51.9667705+09:00,wsl-docker,baseline,3,4.02,19758.8,45637.1,,0,3141.9,2
2026-09-16T07:34:53.0801907+09:00,wsl-docker,baseline,3,2.16,19757.5,45638.4,,0,3141.9,2
2026-09-16T07:34:54.2244183+09:00,wsl-docker,baseline,3,3.56,19757.2,45638.7,,0,3141.9,2
2026-09-16T07:34:55.3600960+09:00,wsl-docker,baseline,3,11.65,19556.1,45839.8,,0,3141.9,2
2026-09-16T07:34:56.5124383+09:00,wsl-docker,baseline,3,5.64,19519.9,45876,,0,3141.9,2
2026-09-16T07:35:06.1632056+09:00,wsl-docker,infra_idle,3,,23589.4,41806.5,747.2,8,6354.8,2
2026-09-16T07:35:07.5771733+09:00,wsl-docker,infra_idle,3,14.1,23576.5,41819.4,746.9,8,6354.8,2
2026-09-16T07:35:08.6847474+09:00,wsl-docker,infra_idle,3,6.81,23580.2,41815.7,745.4,8,6354.8,2
2026-09-16T07:35:09.8179278+09:00,wsl-docker,infra_idle,3,26.44,23583.7,41812.2,745.7,8,6350.3,2
2026-09-16T07:35:10.9794534+09:00,wsl-docker,infra_idle,3,16.65,23575.9,41820,745.7,8,6350.3,2
2026-09-16T07:35:12.0729648+09:00,wsl-docker,infra_idle,3,5.54,23516.7,41879.2,746,8,6328,2
2026-09-16T07:35:13.2443187+09:00,wsl-docker,infra_idle,3,11.44,23508.8,41887.1,746,8,6328,2
2026-09-16T07:35:14.3475892+09:00,wsl-docker,infra_idle,3,4.4,23494.2,41901.7,746,8,6309.9,2
2026-09-16T07:35:15.4839814+09:00,wsl-docker,infra_idle,3,3.82,23485.1,41910.8,746,8,6309.9,2
2026-09-16T07:35:16.6223648+09:00,wsl-docker,infra_idle,3,5.44,23493.6,41902.3,746.2,8,6309.9,2
2026-09-16T07:35:17.7472743+09:00,wsl-docker,infra_idle,3,4.78,23480.4,41915.5,738.2,8,6310.3,2
2026-09-16T07:35:18.8508663+09:00,wsl-docker,infra_idle,3,4.27,23471.1,41924.8,738.2,8,6295.5,2
2026-09-16T07:35:19.9905164+09:00,wsl-docker,infra_idle,3,0.7,23460.3,41935.6,738.2,8,6295.5,2
2026-09-16T07:35:21.1473488+09:00,wsl-docker,infra_idle,3,5.24,23466.7,41929.2,738.3,8,6295.5,2
2026-09-16T07:35:22.3110873+09:00,wsl-docker,infra_idle,3,3.3,23442.9,41953,738.2,8,6295.5,2
2026-09-16T07:35:23.3997733+09:00,wsl-docker,infra_idle,3,5.78,23442.7,41953.2,738.2,8,6295.5,2
2026-09-16T07:35:24.5031749+09:00,wsl-docker,infra_idle,3,1.92,23449.3,41946.6,738.2,8,6295.5,2
2026-09-16T07:35:25.6700769+09:00,wsl-docker,infra_idle,3,10.18,23431,41964.9,734.7,8,6295.5,2
2026-09-16T07:35:26.8185001+09:00,wsl-docker,infra_idle,3,5.42,23434.2,41961.7,734.8,8,6295.5,2
2026-09-16T07:35:27.9696977+09:00,wsl-docker,infra_idle,3,8.16,23439.6,41956.3,734.7,8,6295.5,2
2026-09-16T07:35:29.1446494+09:00,wsl-docker,infra_idle,3,9.94,23415.8,41980.1,713.5,8,6295.5,2
2026-09-16T07:35:30.2612323+09:00,wsl-docker,infra_idle,3,13.95,23426.5,41969.4,712.4,8,6295.5,2
2026-09-16T07:35:31.3694520+09:00,wsl-docker,infra_idle,3,3.48,23410.6,41985.3,713.4,8,6295.5,2
2026-09-16T07:35:32.5007793+09:00,wsl-docker,infra_idle,3,5.12,23395.4,42000.5,713.7,8,6295.5,2
2026-09-16T07:35:33.6454263+09:00,wsl-docker,infra_idle,3,4.74,23396.4,41999.5,714.2,8,6295.5,2
2026-09-16T07:35:34.7329223+09:00,wsl-docker,infra_idle,3,4.54,23393.7,42002.2,714.2,8,6295.5,2
2026-09-16T07:35:35.8715033+09:00,wsl-docker,infra_idle,3,4.44,23387.2,42008.7,714.2,8,6295.5,2
2026-09-16T07:35:36.9524664+09:00,wsl-docker,infra_idle,3,6.9,23387.1,42008.8,714.8,8,6295.5,2
2026-09-16T07:35:38.0918389+09:00,wsl-docker,infra_idle,3,4.37,23378.9,42017,714.7,8,6295.5,2
2026-09-16T07:35:39.2218998+09:00,wsl-docker,infra_idle,3,12.31,23386.1,42009.8,714.7,8,6295.5,2
2026-09-16T07:35:40.3673663+09:00,wsl-docker,infra_idle,3,5.28,23384.2,42011.7,714.7,8,6295.5,2
2026-09-16T07:35:41.4599074+09:00,wsl-docker,infra_idle,3,5.99,23383,42012.9,715.1,8,6293.1,2
2026-09-16T07:35:42.6075527+09:00,wsl-docker,infra_idle,3,5.56,23382.9,42013,715,8,6293.1,2
2026-09-16T07:35:43.7132041+09:00,wsl-docker,infra_idle,3,4.83,23371.3,42024.6,707.1,8,6293.1,2
2026-09-16T07:35:44.8312623+09:00,wsl-docker,infra_idle,3,6.59,23377.5,42018.4,707.1,8,6293.1,2
2026-09-16T07:35:45.9313246+09:00,wsl-docker,infra_idle,3,5.32,23375.9,42020,707.1,8,6293.1,2
2026-09-16T07:35:47.0361475+09:00,wsl-docker,infra_idle,3,7.22,23358.2,42037.7,707.1,8,6293.1,2
2026-09-16T07:35:48.1356905+09:00,wsl-docker,infra_idle,3,7.4,23365.5,42030.4,707,8,6293.1,2
2026-09-16T07:35:49.2339561+09:00,wsl-docker,infra_idle,3,5.54,23363.6,42032.3,707,8,6293.1,2
2026-09-16T07:35:50.3215819+09:00,wsl-docker,infra_idle,3,3.51,23366.8,42029.1,707,8,6293.1,2
2026-09-16T07:35:51.4510060+09:00,wsl-docker,infra_idle,3,0.09,23365.4,42030.5,707.2,8,6293.1,2
2026-09-16T07:35:52.6053585+09:00,wsl-docker,infra_idle,3,6.41,23367.9,42028,707.2,8,6293.1,2
2026-09-16T07:35:53.7057026+09:00,wsl-docker,infra_idle,3,3.54,23367.1,42028.8,707.2,8,6293.1,2
2026-09-16T07:35:54.8482548+09:00,wsl-docker,infra_idle,3,4.09,23364.5,42031.4,707.2,8,6293.1,2
2026-09-16T07:35:55.9831905+09:00,wsl-docker,infra_idle,3,1.02,23364,42031.9,707.2,8,6293.1,2
2026-09-16T07:35:57.1119806+09:00,wsl-docker,infra_idle,3,5.29,23368.4,42027.5,706.8,8,6293.1,2
2026-09-16T07:35:58.2501784+09:00,wsl-docker,infra_idle,3,12.03,23358.1,42037.8,709.9,8,6293.1,2
2026-09-16T07:35:59.3572277+09:00,wsl-docker,infra_idle,3,3.17,23363.3,42032.6,708.9,8,6293.1,2
2026-09-16T07:36:00.5190758+09:00,wsl-docker,infra_idle,3,6.16,23366.6,42029.3,708,8,6293.1,2
2026-09-16T07:36:01.6342522+09:00,wsl-docker,infra_idle,3,4.94,23351,42044.9,712.6,8,6293.1,2
2026-09-16T07:36:02.8063438+09:00,wsl-docker,infra_idle,3,3.53,23367.3,42028.6,710,8,6293.1,2
2026-09-16T07:36:03.9635705+09:00,wsl-docker,infra_idle,3,2.75,23368.2,42027.7,710,8,6293.1,2
2026-09-16T07:36:05.1290041+09:00,wsl-docker,infra_idle,3,4.94,23366.1,42029.8,710,8,6293.1,2
2026-09-16T07:36:09.3734360+09:00,wsl-docker,app_idle,3,6.41,23428.2,41967.7,712.9,8,6374.3,2
2026-09-16T07:36:10.8227177+09:00,wsl-docker,app_idle,3,4.49,23437.3,41958.6,712.4,8,6374.3,2
2026-09-16T07:36:11.9818112+09:00,wsl-docker,app_idle,3,5.59,23433.1,41962.8,713,8,6374.4,2
2026-09-16T07:36:13.1017233+09:00,wsl-docker,app_idle,3,3.35,23435.5,41960.4,713,8,6374.3,2
2026-09-16T07:36:14.2060472+09:00,wsl-docker,app_idle,3,6.56,23437.1,41958.8,712.8,8,6374.3,2
2026-09-16T07:36:15.3177020+09:00,wsl-docker,app_idle,3,8.74,23434.3,41961.6,712.8,8,6374.3,2
2026-09-16T07:36:16.5050818+09:00,wsl-docker,app_idle,3,6.92,23428.5,41967.4,713,8,6374.7,2
2026-09-16T07:36:17.5788125+09:00,wsl-docker,app_idle,3,6.74,23427.7,41968.2,712.9,8,6374.7,2
2026-09-16T07:36:18.7098613+09:00,wsl-docker,app_idle,3,5.28,23419.5,41976.4,704.9,8,6372.7,2
2026-09-16T07:36:19.8234235+09:00,wsl-docker,app_idle,3,5.43,23426.1,41969.8,704.4,8,6373.6,2
2026-09-16T07:36:20.9901598+09:00,wsl-docker,app_idle,3,7.95,23415.8,41980.1,704.4,8,6373.6,2
2026-09-16T07:36:22.0950255+09:00,wsl-docker,app_idle,3,2.9,23426.3,41969.6,711.5,8,6373.6,2
2026-09-16T07:36:23.2540666+09:00,wsl-docker,app_idle,3,10.5,23429.3,41966.6,711.4,8,6373.6,2
2026-09-16T07:36:24.3721666+09:00,wsl-docker,app_idle,3,7.94,23425.5,41970.4,711.5,8,6373.6,2
2026-09-16T07:36:25.5101050+09:00,wsl-docker,app_idle,3,6.49,23423.7,41972.2,711.5,8,6373.6,2
2026-09-16T07:36:26.6533223+09:00,wsl-docker,app_idle,3,3.18,23425.9,41970,711.9,8,6373.6,2
2026-09-16T07:36:27.7291343+09:00,wsl-docker,app_idle,3,5.52,23421.5,41974.4,711.8,8,6373.6,2
2026-09-16T07:36:28.8400823+09:00,wsl-docker,app_idle,3,4.98,23422.7,41973.2,711.9,8,6373.6,2
2026-09-16T07:36:29.9406250+09:00,wsl-docker,app_idle,3,7.11,23420.6,41975.3,711.8,8,6373.6,2
2026-09-16T07:36:31.0349296+09:00,wsl-docker,app_idle,3,4.18,23422.5,41973.4,712.4,8,6373.6,2
2026-09-16T07:36:32.1414103+09:00,wsl-docker,app_idle,3,3.29,23423.5,41972.4,712.8,8,6373.6,2
2026-09-16T07:36:33.2411800+09:00,wsl-docker,app_idle,3,4.56,23416.7,41979.2,704.8,8,6373.6,2
2026-09-16T07:36:34.3579276+09:00,wsl-docker,app_idle,3,3.59,23415.1,41980.8,704,8,6373.6,2
2026-09-16T07:36:35.4690644+09:00,wsl-docker,app_idle,3,3.22,23414.9,41981,704.1,8,6373.6,2
2026-09-16T07:36:36.5634529+09:00,wsl-docker,app_idle,3,5.88,23412,41983.9,704.5,8,6373.6,2
2026-09-16T07:36:37.6894658+09:00,wsl-docker,app_idle,3,3.31,23410.3,41985.6,704.5,8,6373.6,2
2026-09-16T07:36:38.7877192+09:00,wsl-docker,app_idle,3,3.26,23417.2,41978.7,704.4,8,6373.6,2
2026-09-16T07:36:39.9335195+09:00,wsl-docker,app_idle,3,1.47,23416.1,41979.8,704.4,8,6373.6,2
2026-09-16T07:36:41.0737962+09:00,wsl-docker,app_idle,3,5.47,23414.4,41981.5,704.4,8,6373.6,2
2026-09-16T07:36:42.1660636+09:00,wsl-docker,app_idle,3,3.02,23415.4,41980.5,704.9,8,6373.6,2
2026-09-16T07:36:43.2893901+09:00,wsl-docker,app_idle,3,5.19,23414,41981.9,704.9,8,6373.6,2
2026-09-16T07:36:44.3920969+09:00,wsl-docker,app_idle,3,5.35,23412.5,41983.4,704.9,8,6373.6,2
2026-09-16T07:36:45.4722741+09:00,wsl-docker,app_idle,3,6,23412.9,41983,704.9,8,6373.6,2
2026-09-16T07:36:46.5774799+09:00,wsl-docker,app_idle,3,5.54,23421.1,41974.8,711.3,8,6373.6,2
2026-09-16T07:36:47.6865746+09:00,wsl-docker,app_idle,3,8.86,23423.5,41972.4,711.2,8,6373.6,2
2026-09-16T07:36:48.7662845+09:00,wsl-docker,app_idle,3,4.26,23429.2,41966.7,711.3,8,6373.6,2
2026-09-16T07:36:49.9274406+09:00,wsl-docker,app_idle,3,7.92,23428.4,41967.5,711.2,8,6373.6,2
2026-09-16T07:36:51.0749143+09:00,wsl-docker,app_idle,3,5.35,23429.7,41966.2,711.4,8,6373.6,2
2026-09-16T07:36:52.1968046+09:00,wsl-docker,app_idle,3,3.46,23429,41966.9,711.4,8,6373.6,2
2026-09-16T07:36:53.3355724+09:00,wsl-docker,app_idle,3,5.26,23423.9,41972,711.4,8,6373.6,2
2026-09-16T07:36:54.4670113+09:00,wsl-docker,app_idle,3,5.84,23428.9,41967,711.4,8,6373.6,2
2026-09-16T07:36:55.5602740+09:00,wsl-docker,app_idle,3,6.04,23426.1,41969.8,711.4,8,6373.6,2
2026-09-16T07:36:56.6883101+09:00,wsl-docker,app_idle,3,5.54,23424.5,41971.4,711.8,8,6373.6,2
2026-09-16T07:36:57.8060861+09:00,wsl-docker,app_idle,3,4.84,23431.7,41964.2,711.7,8,6373.6,2
2026-09-16T07:36:58.9289512+09:00,wsl-docker,app_idle,3,6.25,23439.2,41956.7,716,8,6373.6,2
2026-09-16T07:37:00.0840797+09:00,wsl-docker,app_idle,3,5.95,23434.8,41961.1,716.7,8,6373.6,2
2026-09-16T07:37:01.2297179+09:00,wsl-docker,app_idle,3,8.53,23436.5,41959.4,717.1,8,6373.6,2
2026-09-16T07:37:02.3289784+09:00,wsl-docker,app_idle,3,2.75,23433.1,41962.8,716.7,8,6373.6,2
2026-09-16T07:37:03.4174590+09:00,wsl-docker,app_idle,3,4,23433.4,41962.5,716.7,8,6373.6,2
2026-09-16T07:37:04.5265856+09:00,wsl-docker,app_idle,3,4.63,23433.7,41962.2,716.7,8,6373.6,2
2026-09-16T07:37:05.6618324+09:00,wsl-docker,app_idle,3,7.22,23432.9,41963,716.7,8,6373.6,2
2026-09-16T07:37:06.7672292+09:00,wsl-docker,app_idle,3,5.78,23428,41967.9,716.7,8,6373.6,2
2026-09-16T07:37:07.8690785+09:00,wsl-docker,app_idle,3,5.49,23425.8,41970.1,716.7,8,6373.6,2
2026-09-16T07:37:08.9693419+09:00,wsl-docker,app_idle,3,3.83,23116.4,42279.5,716.7,8,4418.3,2
2026-09-16T07:37:10.4107214+09:00,wsl-docker,load,3,29.57,23142.5,42253.4,721.1,8,4112.2,2
2026-09-16T07:37:11.9197859+09:00,wsl-docker,load,3,48.87,23133.2,42262.7,724.8,8,4112.3,2
2026-09-16T07:37:13.0842917+09:00,wsl-docker,load,3,42.28,22984.7,42411.2,726.5,8,3832.7,2
2026-09-16T07:37:14.2423214+09:00,wsl-docker,load,3,44.6,22717.8,42678.1,727.3,8,3676,2
2026-09-16T07:37:15.4255941+09:00,wsl-docker,load,3,45.72,22436.2,42959.7,726.8,8,3552.7,2
2026-09-16T07:37:16.6095564+09:00,wsl-docker,load,3,47.61,22222.6,43173.3,726.9,8,3272.7,2
2026-09-16T07:37:17.7849927+09:00,wsl-docker,load,3,43.23,21947.7,43448.2,726.5,8,3272.8,2
2026-09-16T07:37:18.9540737+09:00,wsl-docker,load,3,46.98,21734.1,43661.8,726.4,8,2992.9,2
2026-09-16T07:37:20.1173756+09:00,wsl-docker,load,3,50.82,21546.3,43849.6,726.7,8,2992.9,2
2026-09-16T07:37:21.2968281+09:00,wsl-docker,load,3,50.55,21294.9,44101,727.9,8,2784.4,2
2026-09-16T07:37:22.4469277+09:00,wsl-docker,load,3,49.29,21175.5,44220.4,727.6,8,2784.4,2
2026-09-16T07:37:23.6025172+09:00,wsl-docker,load,3,42.73,21201.1,44194.8,727.6,8,2720.6,2
2026-09-16T07:37:24.7614250+09:00,wsl-docker,load,3,43.97,21212.1,44183.8,727.4,8,2713.7,2
2026-09-16T07:37:25.9296551+09:00,wsl-docker,load,3,48.19,19725.8,45670.1,727.4,8,2713.7,2
2026-09-16T07:37:27.0945706+09:00,wsl-docker,load,3,41.95,19480.3,45915.6,728.3,8,2715.1,2
2026-09-16T07:37:28.2664438+09:00,wsl-docker,load,3,43.62,19481.9,45914,727.2,8,2716.1,2
2026-09-16T07:37:29.4220505+09:00,wsl-docker,load,3,40.37,19492.5,45903.4,727.5,8,2716.7,2
2026-09-16T07:37:30.6883366+09:00,wsl-docker,load,3,43.2,19492.8,45903.1,726.8,8,2717.8,2
2026-09-16T07:37:31.8684626+09:00,wsl-docker,load,3,41.45,19492.8,45903.1,726.2,8,2720.7,2
2026-09-16T07:37:33.0372953+09:00,wsl-docker,load,3,42.4,19483.1,45912.8,726.2,8,2721.3,2
2026-09-16T07:37:34.2063724+09:00,wsl-docker,load,3,40.19,19489.5,45906.4,725.4,8,2723.1,2
2026-09-16T07:37:35.3733462+09:00,wsl-docker,load,3,42.59,19499.2,45896.7,725.4,8,2723.4,2
2026-09-16T07:37:36.5363595+09:00,wsl-docker,load,3,42.54,19494.8,45901.1,726.6,8,2724.5,2
2026-09-16T07:37:37.6909414+09:00,wsl-docker,load,3,45.17,19497.1,45898.8,726.6,8,2724.8,2
2026-09-16T07:37:38.8454482+09:00,wsl-docker,load,3,44.38,19497.3,45898.6,726.2,8,2726.5,2
2026-09-16T07:37:40.0291257+09:00,wsl-docker,load,3,39.37,19512.4,45883.5,725.9,8,2728,2
2026-09-16T07:37:41.1997998+09:00,wsl-docker,load,3,40.81,19502.4,45893.5,726.6,8,2729.1,2
2026-09-16T07:37:42.3694646+09:00,wsl-docker,load,3,47.36,19499.4,45896.5,726,8,2729.1,2
2026-09-16T07:37:43.5272111+09:00,wsl-docker,load,3,39.58,19503.2,45892.7,726,8,2729.1,2
2026-09-16T07:37:44.6964577+09:00,wsl-docker,load,3,50.01,19541.1,45854.8,726.3,8,2729.1,2
2026-09-16T07:37:45.8816047+09:00,wsl-docker,load,3,45.5,19584.3,45811.6,726,8,2729.5,2
2026-09-16T07:37:47.0513560+09:00,wsl-docker,load,3,41.16,19563.3,45832.6,725.4,8,2729.7,2
2026-09-16T07:37:48.2234195+09:00,wsl-docker,load,3,43.51,19547.7,45848.2,725.4,8,2729.8,2
2026-09-16T07:37:49.3874125+09:00,wsl-docker,load,3,42.3,19558.2,45837.7,725.4,8,2733.1,2
2026-09-16T07:37:50.5609906+09:00,wsl-docker,load,3,42.47,19564.6,45831.3,725.3,8,2737.2,2
2026-09-16T07:37:51.7263686+09:00,wsl-docker,load,3,45.08,19562,45833.9,726,8,2740.7,2
2026-09-16T07:37:52.8898666+09:00,wsl-docker,load,3,45.92,19574.7,45821.2,726.1,8,2743.7,2
2026-09-16T07:37:54.0464971+09:00,wsl-docker,load,3,41.47,19575.9,45820,726,8,2745.6,2
2026-09-16T07:37:55.2165198+09:00,wsl-docker,load,3,45.88,19571.9,45824,726,8,2745.7,2
2026-09-16T07:37:56.3763061+09:00,wsl-docker,load,3,41.95,19567.2,45828.7,726.9,8,2745.8,2
2026-09-16T07:37:57.5530445+09:00,wsl-docker,load,3,46.38,19562.7,45833.2,726.8,8,2746.7,2
2026-09-16T07:37:58.7237919+09:00,wsl-docker,load,3,43.81,19562.1,45833.8,726.6,8,2748.3,2
2026-09-16T07:37:59.8931382+09:00,wsl-docker,load,3,43.27,19580.5,45815.4,726.4,8,2749.4,2
2026-09-16T07:38:01.1037430+09:00,wsl-docker,load,3,46.79,19564.2,45831.7,727.7,8,2750.2,2
2026-09-16T07:38:02.2709112+09:00,wsl-docker,load,3,46.54,19593.7,45802.2,751.2,8,2752.5,2
2026-09-16T07:38:03.4738655+09:00,wsl-docker,load,3,43.01,19593.3,45802.6,750.5,8,2752.5,2
2026-09-16T07:38:04.6335561+09:00,wsl-docker,load,3,40.17,19600.3,45795.6,750.1,8,2752.7,2
2026-09-16T07:38:05.8069550+09:00,wsl-docker,load,3,44.23,19605.1,45790.8,750.1,8,2752.7,2
2026-09-16T07:38:06.9836278+09:00,wsl-docker,load,3,43.19,19604.7,45791.2,748.3,8,2752.7,2
2026-09-16T07:38:08.1528770+09:00,wsl-docker,load,3,48.12,19606.1,45789.8,751.5,8,2752.7,2
2026-09-16T07:38:09.3125270+09:00,wsl-docker,load,3,44.81,19649.1,45746.8,780,8,2756.8,2
2026-09-16T07:38:10.5038526+09:00,wsl-docker,load,3,47.59,19662.9,45733,807.4,8,2759.9,2
2026-09-16T07:38:11.6683382+09:00,wsl-docker,load,3,45.28,19682.3,45713.6,819.3,8,2761.5,2
2026-09-16T07:38:12.8390142+09:00,wsl-docker,load,3,53.2,19776,45619.9,914.5,8,2761.5,2
2026-09-16T07:38:14.0151994+09:00,wsl-docker,load,3,48.86,19815,45580.9,951.8,8,2761.5,2
2026-09-16T07:38:15.1874225+09:00,wsl-docker,load,3,49.93,19803.3,45592.6,944.4,8,2761.5,2
2026-09-16T07:38:16.3649960+09:00,wsl-docker,load,3,43.95,19815,45580.9,950.6,8,2761.5,2
2026-09-16T07:38:17.5369952+09:00,wsl-docker,load,3,45.35,19834.9,45561,949.6,8,2761.5,2
2026-09-16T07:38:18.7033537+09:00,wsl-docker,load,3,48.38,19824.3,45571.6,949.2,8,2761.5,2
2026-09-16T07:38:19.8664661+09:00,wsl-docker,load,3,44.65,19835.5,45560.4,947.9,8,2761.6,2
2026-09-16T07:38:21.0341988+09:00,wsl-docker,load,3,40.48,19825.6,45570.3,946.6,8,2761.6,2
2026-09-16T07:38:22.2029956+09:00,wsl-docker,load,3,42.59,19831.6,45564.3,946.5,8,2761.6,2
2026-09-16T07:38:23.3842189+09:00,wsl-docker,load,3,47.47,19831.8,45564.1,946.8,8,2761.7,2
2026-09-16T07:38:24.5537036+09:00,wsl-docker,load,3,41.39,19829.3,45566.6,946.5,8,2761.7,2
2026-09-16T07:38:25.7313674+09:00,wsl-docker,load,3,49.75,19739.5,45656.4,853.6,8,2761.7,2
2026-09-16T07:38:26.9057074+09:00,wsl-docker,load,3,44.3,19738.5,45657.4,856.9,8,2761.7,2
2026-09-16T07:38:28.0704861+09:00,wsl-docker,load,3,46.43,19739.1,45656.8,860.8,8,2761.7,2
2026-09-16T07:38:29.2469315+09:00,wsl-docker,load,3,45.24,19747.1,45648.8,874.8,8,2761.7,2
2026-09-16T07:38:30.4249267+09:00,wsl-docker,load,3,46.58,19740.7,45655.2,871.4,8,2761.7,2
2026-09-16T07:38:31.5898110+09:00,wsl-docker,load,3,45.45,19751.5,45644.4,864.1,8,2761.7,2
2026-09-16T07:38:32.7566141+09:00,wsl-docker,load,3,48.37,19759,45636.9,863.5,8,2761.8,2
2026-09-16T07:38:33.9184662+09:00,wsl-docker,load,3,46.56,19757.3,45638.6,863.5,8,2761.9,2
2026-09-16T07:38:35.0764633+09:00,wsl-docker,load,3,45.43,19670.5,45725.4,782.9,8,2765.7,2
2026-09-16T07:38:36.2368523+09:00,wsl-docker,load,3,46.11,19660.6,45735.3,780.4,8,2765.7,2
2026-09-16T07:38:37.4296347+09:00,wsl-docker,load,3,44.15,19661.5,45734.4,780.6,8,2765.7,2
2026-09-16T07:38:38.5909388+09:00,wsl-docker,load,3,48.67,19663.4,45732.5,780.2,8,2765.7,2
2026-09-16T07:38:39.7623345+09:00,wsl-docker,load,3,46,19707.2,45688.7,781,8,2765.8,2
2026-09-16T07:38:40.9587647+09:00,wsl-docker,load,3,45.9,19675.2,45720.7,784.1,8,2765.8,2
2026-09-16T07:38:42.1270670+09:00,wsl-docker,load,3,45.01,19668.5,45727.4,779.8,8,2769.5,2
2026-09-16T07:38:43.3151756+09:00,wsl-docker,load,3,48.12,19670.3,45725.6,779.6,8,2769.6,2
2026-09-16T07:38:44.4801626+09:00,wsl-docker,load,3,49.36,19672.3,45723.6,779.9,8,2769.6,2
2026-09-16T07:38:45.6414565+09:00,wsl-docker,load,3,47.71,19669.1,45726.8,779.9,8,2769.6,2
2026-09-16T07:38:46.8011012+09:00,wsl-docker,load,3,46.2,19651.3,45744.6,780.2,8,2769.6,2
2026-09-16T07:38:47.9627921+09:00,wsl-docker,load,3,49.5,19657,45738.9,780.2,8,2769.6,2
2026-09-16T07:38:49.1311524+09:00,wsl-docker,load,3,49.41,19652.4,45743.5,780.1,8,2769.6,2
2026-09-16T07:38:50.2913803+09:00,wsl-docker,load,3,46.42,19682.2,45713.7,780.2,8,2769.6,2
2026-09-16T07:38:51.4620445+09:00,wsl-docker,load,3,44.57,19647,45748.9,781.4,8,2771.2,2
2026-09-16T07:38:52.6317203+09:00,wsl-docker,load,3,49.02,19646.9,45749,776.5,8,2771.2,2
2026-09-16T07:38:53.7952994+09:00,wsl-docker,load,3,44.34,19656,45739.9,776.6,8,2771.2,2
2026-09-16T07:38:54.9587646+09:00,wsl-docker,load,3,49.64,19655.9,45740,776.3,8,2771.2,2
2026-09-16T07:38:56.1200369+09:00,wsl-docker,load,3,46.76,19659.1,45736.8,776.5,8,2771.2,2
2026-09-16T07:38:57.2837566+09:00,wsl-docker,load,3,44.75,19652,45743.9,776.6,8,2771.3,2
2026-09-16T07:38:58.4459908+09:00,wsl-docker,load,3,46.16,19660.9,45735,776.1,8,2771.3,2
2026-09-16T07:38:59.6109814+09:00,wsl-docker,load,3,48.75,19699.9,45696,775.5,8,2772.1,2
2026-09-16T07:39:00.8352170+09:00,wsl-docker,load,3,47.78,19669.5,45726.4,778.7,8,2772.1,2
2026-09-16T07:39:02.0078206+09:00,wsl-docker,load,3,41.5,19674.2,45721.7,779,8,2772.1,2
2026-09-16T07:39:03.1682187+09:00,wsl-docker,load,3,47.4,19675.9,45720,778.7,8,2772.1,2
2026-09-16T07:39:04.3210430+09:00,wsl-docker,load,3,47.79,19674.1,45721.8,778.7,8,2772.2,2
2026-09-16T07:39:05.4913130+09:00,wsl-docker,load,3,48.47,19671.6,45724.3,778.7,8,2772.2,2
2026-09-16T07:39:06.6455558+09:00,wsl-docker,load,3,43.96,19671.1,45724.8,778.7,8,2772.4,2
2026-09-16T07:39:07.8142597+09:00,wsl-docker,load,3,44.31,19686.1,45709.8,777.8,8,2774.7,2
2026-09-16T07:39:08.9720494+09:00,wsl-docker,load,3,46.55,19673.6,45722.3,777.8,8,2774.7,2
2026-09-16T07:39:10.1326693+09:00,wsl-docker,load,3,36.98,19788.9,45607,777.9,8,2774.7,2
2026-09-16T07:39:11.2088923+09:00,wsl-docker,load,3,9.31,19526.4,45869.5,780.8,8,2774.6,2
2026-09-16T07:39:12.2879213+09:00,wsl-docker,load,3,8.15,19522.9,45873,780.9,8,2774.6,2
